[    1443ms] [LOG] JSHandle@node @ https://crm.smarthiz.vn/main.7779000ecd52102b7ac0.js:0
[    1443ms] [LOG] Fri Jul 17 2026 14:09:15 GMT+0700 (Indochina Time) @ https://crm.smarthiz.vn/main.7779000ecd52102b7ac0.js:0
[    1443ms] [LOG] function(){} @ https://crm.smarthiz.vn/main.7779000ecd52102b7ac0.js:0
[    1443ms] [TABLE] [Object, Object, Object, Object, Object, Object, Object, Object, Object, Object, Object, Object, Object, Object, Object, Object, Object, Object, Object, Object, Object, Object, Object, Object, Object, Object, Object, Object, Object, Object, Object, Object, Object, Object, Object, Object, Object, Object, Object, Object, Object, Object, Object, Object, Object, Object, Object, Object, Object, Object] @ https://crm.smarthiz.vn/main.7779000ecd52102b7ac0.js:0
[    1466ms] [LOG] [Object, Object, Object, Object, Object, Object, Object, Object, Object, Object, Object, Object, Object, Object, Object, Object, Object, Object, Object, Object, Object, Object, Object, Object, Object, Object, Object, Object, Object, Object, Object, Object, Object, Object, Object, Object, Object, Object, Object, Object, Object, Object, Object, Object, Object, Object, Object, Object, Object, Object] @ https://crm.smarthiz.vn/main.7779000ecd52102b7ac0.js:0
[    1938ms] [LOG] JSHandle@node @ https://crm.smarthiz.vn/main.7779000ecd52102b7ac0.js:0
[    1938ms] [LOG] Fri Jul 17 2026 14:09:15 GMT+0700 (Indochina Time) @ https://crm.smarthiz.vn/main.7779000ecd52102b7ac0.js:0
[    1938ms] [LOG] function(){} @ https://crm.smarthiz.vn/main.7779000ecd52102b7ac0.js:0
[    1938ms] [TABLE] [Object, Object, Object, Object, Object, Object, Object, Object, Object, Object, Object, Object, Object, Object, Object, Object, Object, Object, Object, Object, Object, Object, Object, Object, Object, Object, Object, Object, Object, Object, Object, Object, Object, Object, Object, Object, Object, Object, Object, Object, Object, Object, Object, Object, Object, Object, Object, Object, Object, Object] @ https://crm.smarthiz.vn/main.7779000ecd52102b7ac0.js:0
[    1961ms] [LOG] [Object, Object, Object, Object, Object, Object, Object, Object, Object, Object, Object, Object, Object, Object, Object, Object, Object, Object, Object, Object, Object, Object, Object, Object, Object, Object, Object, Object, Object, Object, Object, Object, Object, Object, Object, Object, Object, Object, Object, Object, Object, Object, Object, Object, Object, Object, Object, Object, Object, Object] @ https://crm.smarthiz.vn/main.7779000ecd52102b7ac0.js:0
[    2442ms] [LOG] JSHandle@node @ https://crm.smarthiz.vn/main.7779000ecd52102b7ac0.js:0
[    2443ms] [LOG] Fri Jul 17 2026 14:09:15 GMT+0700 (Indochina Time) @ https://crm.smarthiz.vn/main.7779000ecd52102b7ac0.js:0
[    2443ms] [LOG] function(){} @ https://crm.smarthiz.vn/main.7779000ecd52102b7ac0.js:0
[    2443ms] [TABLE] [Object, Object, Object, Object, Object, Object, Object, Object, Object, Object, Object, Object, Object, Object, Object, Object, Object, Object, Object, Object, Object, Object, Object, Object, Object, Object, Object, Object, Object, Object, Object, Object, Object, Object, Object, Object, Object, Object, Object, Object, Object, Object, Object, Object, Object, Object, Object, Object, Object, Object] @ https://crm.smarthiz.vn/main.7779000ecd52102b7ac0.js:0
[    2466ms] [LOG] [Object, Object, Object, Object, Object, Object, Object, Object, Object, Object, Object, Object, Object, Object, Object, Object, Object, Object, Object, Object, Object, Object, Object, Object, Object, Object, Object, Object, Object, Object, Object, Object, Object, Object, Object, Object, Object, Object, Object, Object, Object, Object, Object, Object, Object, Object, Object, Object, Object, Object] @ https://crm.smarthiz.vn/main.7779000ecd52102b7ac0.js:0
[    2943ms] [LOG] JSHandle@node @ https://crm.smarthiz.vn/main.7779000ecd52102b7ac0.js:0
[    2943ms] [LOG] Fri Jul 17 2026 14:09:15 GMT+0700 (Indochina Time) @ https://crm.smarthiz.vn/main.7779000ecd52102b7ac0.js:0
[    2943ms] [LOG] function(){} @ https://crm.smarthiz.vn/main.7779000ecd52102b7ac0.js:0
[    2943ms] [TABLE] [Object, Object, Object, Object, Object, Object, Object, Object, Object, Object, Object, Object, Object, Object, Object, Object, Object, Object, Object, Object, Object, Object, Object, Object, Object, Object, Object, Object, Object, Object, Object, Object, Object, Object, Object, Object, Object, Object, Object, Object, Object, Object, Object, Object, Object, Object, Object, Object, Object, Object] @ https://crm.smarthiz.vn/main.7779000ecd52102b7ac0.js:0
[    2967ms] [LOG] [Object, Object, Object, Object, Object, Object, Object, Object, Object, Object, Object, Object, Object, Object, Object, Object, Object, Object, Object, Object, Object, Object, Object, Object, Object, Object, Object, Object, Object, Object, Object, Object, Object, Object, Object, Object, Object, Object, Object, Object, Object, Object, Object, Object, Object, Object, Object, Object, Object, Object] @ https://crm.smarthiz.vn/main.7779000ecd52102b7ac0.js:0
[    2967ms] [WARNING] You don't have permission to use DEVTOOL!【type = 6】 @ https://crm.smarthiz.vn/main.7779000ecd52102b7ac0.js:0
[    3734ms] [LOG] JSHandle@node @ https://crm.smarthiz.vn/main.7779000ecd52102b7ac0.js:0
[    3734ms] [LOG] Fri Jul 17 2026 14:09:17 GMT+0700 (Indochina Time) @ https://crm.smarthiz.vn/main.7779000ecd52102b7ac0.js:0
[    3734ms] [LOG] function(){} @ https://crm.smarthiz.vn/main.7779000ecd52102b7ac0.js:0
[    3734ms] [TABLE] [Object, Object, Object, Object, Object, Object, Object, Object, Object, Object, Object, Object, Object, Object, Object, Object, Object, Object, Object, Object, Object, Object, Object, Object, Object, Object, Object, Object, Object, Object, Object, Object, Object, Object, Object, Object, Object, Object, Object, Object, Object, Object, Object, Object, Object, Object, Object, Object, Object, Object] @ https://crm.smarthiz.vn/main.7779000ecd52102b7ac0.js:0
[    3758ms] [LOG] [Object, Object, Object, Object, Object, Object, Object, Object, Object, Object, Object, Object, Object, Object, Object, Object, Object, Object, Object, Object, Object, Object, Object, Object, Object, Object, Object, Object, Object, Object, Object, Object, Object, Object, Object, Object, Object, Object, Object, Object, Object, Object, Object, Object, Object, Object, Object, Object, Object, Object] @ https://crm.smarthiz.vn/main.7779000ecd52102b7ac0.js:0
[    4231ms] [LOG] JSHandle@node @ https://crm.smarthiz.vn/main.7779000ecd52102b7ac0.js:0
[    4231ms] [LOG] Fri Jul 17 2026 14:09:17 GMT+0700 (Indochina Time) @ https://crm.smarthiz.vn/main.7779000ecd52102b7ac0.js:0
[    4231ms] [LOG] function(){} @ https://crm.smarthiz.vn/main.7779000ecd52102b7ac0.js:0
[    4231ms] [TABLE] [Object, Object, Object, Object, Object, Object, Object, Object, Object, Object, Object, Object, Object, Object, Object, Object, Object, Object, Object, Object, Object, Object, Object, Object, Object, Object, Object, Object, Object, Object, Object, Object, Object, Object, Object, Object, Object, Object, Object, Object, Object, Object, Object, Object, Object, Object, Object, Object, Object, Object] @ https://crm.smarthiz.vn/main.7779000ecd52102b7ac0.js:0
[    4255ms] [LOG] [Object, Object, Object, Object, Object, Object, Object, Object, Object, Object, Object, Object, Object, Object, Object, Object, Object, Object, Object, Object, Object, Object, Object, Object, Object, Object, Object, Object, Object, Object, Object, Object, Object, Object, Object, Object, Object, Object, Object, Object, Object, Object, Object, Object, Object, Object, Object, Object, Object, Object] @ https://crm.smarthiz.vn/main.7779000ecd52102b7ac0.js:0
[    4734ms] [LOG] JSHandle@node @ https://crm.smarthiz.vn/main.7779000ecd52102b7ac0.js:0
[    4734ms] [LOG] Fri Jul 17 2026 14:09:17 GMT+0700 (Indochina Time) @ https://crm.smarthiz.vn/main.7779000ecd52102b7ac0.js:0
[    4735ms] [LOG] function(){} @ https://crm.smarthiz.vn/main.7779000ecd52102b7ac0.js:0
[    4735ms] [TABLE] [Object, Object, Object, Object, Object, Object, Object, Object, Object, Object, Object, Object, Object, Object, Object, Object, Object, Object, Object, Object, Object, Object, Object, Object, Object, Object, Object, Object, Object, Object, Object, Object, Object, Object, Object, Object, Object, Object, Object, Object, Object, Object, Object, Object, Object, Object, Object, Object, Object, Object] @ https://crm.smarthiz.vn/main.7779000ecd52102b7ac0.js:0
[    4759ms] [LOG] [Object, Object, Object, Object, Object, Object, Object, Object, Object, Object, Object, Object, Object, Object, Object, Object, Object, Object, Object, Object, Object, Object, Object, Object, Object, Object, Object, Object, Object, Object, Object, Object, Object, Object, Object, Object, Object, Object, Object, Object, Object, Object, Object, Object, Object, Object, Object, Object, Object, Object] @ https://crm.smarthiz.vn/main.7779000ecd52102b7ac0.js:0
[    5232ms] [LOG] JSHandle@node @ https://crm.smarthiz.vn/main.7779000ecd52102b7ac0.js:0
[    5232ms] [LOG] Fri Jul 17 2026 14:09:17 GMT+0700 (Indochina Time) @ https://crm.smarthiz.vn/main.7779000ecd52102b7ac0.js:0
[    5232ms] [LOG] function(){} @ https://crm.smarthiz.vn/main.7779000ecd52102b7ac0.js:0
[    5232ms] [TABLE] [Object, Object, Object, Object, Object, Object, Object, Object, Object, Object, Object, Object, Object, Object, Object, Object, Object, Object, Object, Object, Object, Object, Object, Object, Object, Object, Object, Object, Object, Object, Object, Object, Object, Object, Object, Object, Object, Object, Object, Object, Object, Object, Object, Object, Object, Object, Object, Object, Object, Object] @ https://crm.smarthiz.vn/main.7779000ecd52102b7ac0.js:0
[    5259ms] [LOG] [Object, Object, Object, Object, Object, Object, Object, Object, Object, Object, Object, Object, Object, Object, Object, Object, Object, Object, Object, Object, Object, Object, Object, Object, Object, Object, Object, Object, Object, Object, Object, Object, Object, Object, Object, Object, Object, Object, Object, Object, Object, Object, Object, Object, Object, Object, Object, Object, Object, Object] @ https://crm.smarthiz.vn/main.7779000ecd52102b7ac0.js:0
[    5740ms] [LOG] JSHandle@node @ https://crm.smarthiz.vn/main.7779000ecd52102b7ac0.js:0
[    5740ms] [LOG] Fri Jul 17 2026 14:09:17 GMT+0700 (Indochina Time) @ https://crm.smarthiz.vn/main.7779000ecd52102b7ac0.js:0
[    5741ms] [LOG] function(){} @ https://crm.smarthiz.vn/main.7779000ecd52102b7ac0.js:0
[    5741ms] [TABLE] [Object, Object, Object, Object, Object, Object, Object, Object, Object, Object, Object, Object, Object, Object, Object, Object, Object, Object, Object, Object, Object, Object, Object, Object, Object, Object, Object, Object, Object, Object, Object, Object, Object, Object, Object, Object, Object, Object, Object, Object, Object, Object, Object, Object, Object, Object, Object, Object, Object, Object] @ https://crm.smarthiz.vn/main.7779000ecd52102b7ac0.js:0
[    5764ms] [LOG] [Object, Object, Object, Object, Object, Object, Object, Object, Object, Object, Object, Object, Object, Object, Object, Object, Object, Object, Object, Object, Object, Object, Object, Object, Object, Object, Object, Object, Object, Object, Object, Object, Object, Object, Object, Object, Object, Object, Object, Object, Object, Object, Object, Object, Object, Object, Object, Object, Object, Object] @ https://crm.smarthiz.vn/main.7779000ecd52102b7ac0.js:0
[    6240ms] [LOG] JSHandle@node @ https://crm.smarthiz.vn/main.7779000ecd52102b7ac0.js:0
[    6241ms] [LOG] Fri Jul 17 2026 14:09:17 GMT+0700 (Indochina Time) @ https://crm.smarthiz.vn/main.7779000ecd52102b7ac0.js:0
[    6241ms] [LOG] function(){} @ https://crm.smarthiz.vn/main.7779000ecd52102b7ac0.js:0
[    6241ms] [TABLE] [Object, Object, Object, Object, Object, Object, Object, Object, Object, Object, Object, Object, Object, Object, Object, Object, Object, Object, Object, Object, Object, Object, Object, Object, Object, Object, Object, Object, Object, Object, Object, Object, Object, Object, Object, Object, Object, Object, Object, Object, Object, Object, Object, Object, Object, Object, Object, Object, Object, Object] @ https://crm.smarthiz.vn/main.7779000ecd52102b7ac0.js:0
[    6264ms] [LOG] [Object, Object, Object, Object, Object, Object, Object, Object, Object, Object, Object, Object, Object, Object, Object, Object, Object, Object, Object, Object, Object, Object, Object, Object, Object, Object, Object, Object, Object, Object, Object, Object, Object, Object, Object, Object, Object, Object, Object, Object, Object, Object, Object, Object, Object, Object, Object, Object, Object, Object] @ https://crm.smarthiz.vn/main.7779000ecd52102b7ac0.js:0
[    6737ms] [LOG] JSHandle@node @ https://crm.smarthiz.vn/main.7779000ecd52102b7ac0.js:0
[    6738ms] [LOG] Fri Jul 17 2026 14:09:17 GMT+0700 (Indochina Time) @ https://crm.smarthiz.vn/main.7779000ecd52102b7ac0.js:0
[    6738ms] [LOG] function(){} @ https://crm.smarthiz.vn/main.7779000ecd52102b7ac0.js:0
[    6738ms] [TABLE] [Object, Object, Object, Object, Object, Object, Object, Object, Object, Object, Object, Object, Object, Object, Object, Object, Object, Object, Object, Object, Object, Object, Object, Object, Object, Object, Object, Object, Object, Object, Object, Object, Object, Object, Object, Object, Object, Object, Object, Object, Object, Object, Object, Object, Object, Object, Object, Object, Object, Object] @ https://crm.smarthiz.vn/main.7779000ecd52102b7ac0.js:0
[    6761ms] [LOG] [Object, Object, Object, Object, Object, Object, Object, Object, Object, Object, Object, Object, Object, Object, Object, Object, Object, Object, Object, Object, Object, Object, Object, Object, Object, Object, Object, Object, Object, Object, Object, Object, Object, Object, Object, Object, Object, Object, Object, Object, Object, Object, Object, Object, Object, Object, Object, Object, Object, Object] @ https://crm.smarthiz.vn/main.7779000ecd52102b7ac0.js:0
[    6761ms] [WARNING] You don't have permission to use DEVTOOL!【type = 6】 @ https://crm.smarthiz.vn/main.7779000ecd52102b7ac0.js:0
[    7487ms] [LOG] JSHandle@node @ https://crm.smarthiz.vn/main.7779000ecd52102b7ac0.js:0
[    7487ms] [LOG] Fri Jul 17 2026 14:09:21 GMT+0700 (Indochina Time) @ https://crm.smarthiz.vn/main.7779000ecd52102b7ac0.js:0
[    7487ms] [LOG] function(){} @ https://crm.smarthiz.vn/main.7779000ecd52102b7ac0.js:0
[    7487ms] [TABLE] [Object, Object, Object, Object, Object, Object, Object, Object, Object, Object, Object, Object, Object, Object, Object, Object, Object, Object, Object, Object, Object, Object, Object, Object, Object, Object, Object, Object, Object, Object, Object, Object, Object, Object, Object, Object, Object, Object, Object, Object, Object, Object, Object, Object, Object, Object, Object, Object, Object, Object] @ https://crm.smarthiz.vn/main.7779000ecd52102b7ac0.js:0
[    7510ms] [LOG] [Object, Object, Object, Object, Object, Object, Object, Object, Object, Object, Object, Object, Object, Object, Object, Object, Object, Object, Object, Object, Object, Object, Object, Object, Object, Object, Object, Object, Object, Object, Object, Object, Object, Object, Object, Object, Object, Object, Object, Object, Object, Object, Object, Object, Object, Object, Object, Object, Object, Object] @ https://crm.smarthiz.vn/main.7779000ecd52102b7ac0.js:0
[    7987ms] [LOG] JSHandle@node @ https://crm.smarthiz.vn/main.7779000ecd52102b7ac0.js:0
[    7987ms] [LOG] Fri Jul 17 2026 14:09:21 GMT+0700 (Indochina Time) @ https://crm.smarthiz.vn/main.7779000ecd52102b7ac0.js:0
[    7988ms] [LOG] function(){} @ https://crm.smarthiz.vn/main.7779000ecd52102b7ac0.js:0
[    7988ms] [TABLE] [Object, Object, Object, Object, Object, Object, Object, Object, Object, Object, Object, Object, Object, Object, Object, Object, Object, Object, Object, Object, Object, Object, Object, Object, Object, Object, Object, Object, Object, Object, Object, Object, Object, Object, Object, Object, Object, Object, Object, Object, Object, Object, Object, Object, Object, Object, Object, Object, Object, Object] @ https://crm.smarthiz.vn/main.7779000ecd52102b7ac0.js:0
[    8011ms] [LOG] [Object, Object, Object, Object, Object, Object, Object, Object, Object, Object, Object, Object, Object, Object, Object, Object, Object, Object, Object, Object, Object, Object, Object, Object, Object, Object, Object, Object, Object, Object, Object, Object, Object, Object, Object, Object, Object, Object, Object, Object, Object, Object, Object, Object, Object, Object, Object, Object, Object, Object] @ https://crm.smarthiz.vn/main.7779000ecd52102b7ac0.js:0
[    8493ms] [LOG] JSHandle@node @ https://crm.smarthiz.vn/main.7779000ecd52102b7ac0.js:0
[    8493ms] [LOG] Fri Jul 17 2026 14:09:21 GMT+0700 (Indochina Time) @ https://crm.smarthiz.vn/main.7779000ecd52102b7ac0.js:0
[    8493ms] [LOG] function(){} @ https://crm.smarthiz.vn/main.7779000ecd52102b7ac0.js:0
[    8493ms] [TABLE] [Object, Object, Object, Object, Object, Object, Object, Object, Object, Object, Object, Object, Object, Object, Object, Object, Object, Object, Object, Object, Object, Object, Object, Object, Object, Object, Object, Object, Object, Object, Object, Object, Object, Object, Object, Object, Object, Object, Object, Object, Object, Object, Object, Object, Object, Object, Object, Object, Object, Object] @ https://crm.smarthiz.vn/main.7779000ecd52102b7ac0.js:0
[    8515ms] [LOG] [Object, Object, Object, Object, Object, Object, Object, Object, Object, Object, Object, Object, Object, Object, Object, Object, Object, Object, Object, Object, Object, Object, Object, Object, Object, Object, Object, Object, Object, Object, Object, Object, Object, Object, Object, Object, Object, Object, Object, Object, Object, Object, Object, Object, Object, Object, Object, Object, Object, Object] @ https://crm.smarthiz.vn/main.7779000ecd52102b7ac0.js:0
[    8982ms] [LOG] JSHandle@node @ https://crm.smarthiz.vn/main.7779000ecd52102b7ac0.js:0
[    8982ms] [LOG] Fri Jul 17 2026 14:09:21 GMT+0700 (Indochina Time) @ https://crm.smarthiz.vn/main.7779000ecd52102b7ac0.js:0
[    8982ms] [LOG] function(){} @ https://crm.smarthiz.vn/main.7779000ecd52102b7ac0.js:0
[    8982ms] [TABLE] [Object, Object, Object, Object, Object, Object, Object, Object, Object, Object, Object, Object, Object, Object, Object, Object, Object, Object, Object, Object, Object, Object, Object, Object, Object, Object, Object, Object, Object, Object, Object, Object, Object, Object, Object, Object, Object, Object, Object, Object, Object, Object, Object, Object, Object, Object, Object, Object, Object, Object] @ https://crm.smarthiz.vn/main.7779000ecd52102b7ac0.js:0
[    9006ms] [LOG] [Object, Object, Object, Object, Object, Object, Object, Object, Object, Object, Object, Object, Object, Object, Object, Object, Object, Object, Object, Object, Object, Object, Object, Object, Object, Object, Object, Object, Object, Object, Object, Object, Object, Object, Object, Object, Object, Object, Object, Object, Object, Object, Object, Object, Object, Object, Object, Object, Object, Object] @ https://crm.smarthiz.vn/main.7779000ecd52102b7ac0.js:0
[    9006ms] [WARNING] You don't have permission to use DEVTOOL!【type = 6】 @ https://crm.smarthiz.vn/main.7779000ecd52102b7ac0.js:0
[    9748ms] [LOG] JSHandle@node @ https://crm.smarthiz.vn/main.7779000ecd52102b7ac0.js:0
[    9748ms] [LOG] Fri Jul 17 2026 14:09:23 GMT+0700 (Indochina Time) @ https://crm.smarthiz.vn/main.7779000ecd52102b7ac0.js:0
[    9748ms] [LOG] function(){} @ https://crm.smarthiz.vn/main.7779000ecd52102b7ac0.js:0
[    9748ms] [TABLE] [Object, Object, Object, Object, Object, Object, Object, Object, Object, Object, Object, Object, Object, Object, Object, Object, Object, Object, Object, Object, Object, Object, Object, Object, Object, Object, Object, Object, Object, Object, Object, Object, Object, Object, Object, Object, Object, Object, Object, Object, Object, Object, Object, Object, Object, Object, Object, Object, Object, Object] @ https://crm.smarthiz.vn/main.7779000ecd52102b7ac0.js:0
[    9773ms] [LOG] [Object, Object, Object, Object, Object, Object, Object, Object, Object, Object, Object, Object, Object, Object, Object, Object, Object, Object, Object, Object, Object, Object, Object, Object, Object, Object, Object, Object, Object, Object, Object, Object, Object, Object, Object, Object, Object, Object, Object, Object, Object, Object, Object, Object, Object, Object, Object, Object, Object, Object] @ https://crm.smarthiz.vn/main.7779000ecd52102b7ac0.js:0
[   10247ms] [LOG] JSHandle@node @ https://crm.smarthiz.vn/main.7779000ecd52102b7ac0.js:0
[   10248ms] [LOG] Fri Jul 17 2026 14:09:23 GMT+0700 (Indochina Time) @ https://crm.smarthiz.vn/main.7779000ecd52102b7ac0.js:0
[   10248ms] [LOG] function(){} @ https://crm.smarthiz.vn/main.7779000ecd52102b7ac0.js:0
[   10248ms] [TABLE] [Object, Object, Object, Object, Object, Object, Object, Object, Object, Object, Object, Object, Object, Object, Object, Object, Object, Object, Object, Object, Object, Object, Object, Object, Object, Object, Object, Object, Object, Object, Object, Object, Object, Object, Object, Object, Object, Object, Object, Object, Object, Object, Object, Object, Object, Object, Object, Object, Object, Object] @ https://crm.smarthiz.vn/main.7779000ecd52102b7ac0.js:0
[   10272ms] [LOG] [Object, Object, Object, Object, Object, Object, Object, Object, Object, Object, Object, Object, Object, Object, Object, Object, Object, Object, Object, Object, Object, Object, Object, Object, Object, Object, Object, Object, Object, Object, Object, Object, Object, Object, Object, Object, Object, Object, Object, Object, Object, Object, Object, Object, Object, Object, Object, Object, Object, Object] @ https://crm.smarthiz.vn/main.7779000ecd52102b7ac0.js:0
[   10272ms] [WARNING] You don't have permission to use DEVTOOL!【type = 6】 @ https://crm.smarthiz.vn/main.7779000ecd52102b7ac0.js:0
[   10998ms] [LOG] JSHandle@node @ https://crm.smarthiz.vn/main.7779000ecd52102b7ac0.js:0
[   10999ms] [LOG] Fri Jul 17 2026 14:09:25 GMT+0700 (Indochina Time) @ https://crm.smarthiz.vn/main.7779000ecd52102b7ac0.js:0
[   10999ms] [LOG] function(){} @ https://crm.smarthiz.vn/main.7779000ecd52102b7ac0.js:0
[   10999ms] [TABLE] [Object, Object, Object, Object, Object, Object, Object, Object, Object, Object, Object, Object, Object, Object, Object, Object, Object, Object, Object, Object, Object, Object, Object, Object, Object, Object, Object, Object, Object, Object, Object, Object, Object, Object, Object, Object, Object, Object, Object, Object, Object, Object, Object, Object, Object, Object, Object, Object, Object, Object] @ https://crm.smarthiz.vn/main.7779000ecd52102b7ac0.js:0
[   11022ms] [LOG] [Object, Object, Object, Object, Object, Object, Object, Object, Object, Object, Object, Object, Object, Object, Object, Object, Object, Object, Object, Object, Object, Object, Object, Object, Object, Object, Object, Object, Object, Object, Object, Object, Object, Object, Object, Object, Object, Object, Object, Object, Object, Object, Object, Object, Object, Object, Object, Object, Object, Object] @ https://crm.smarthiz.vn/main.7779000ecd52102b7ac0.js:0
[   11508ms] [LOG] JSHandle@node @ https://crm.smarthiz.vn/main.7779000ecd52102b7ac0.js:0
[   11509ms] [LOG] Fri Jul 17 2026 14:09:25 GMT+0700 (Indochina Time) @ https://crm.smarthiz.vn/main.7779000ecd52102b7ac0.js:0
[   11509ms] [LOG] function(){} @ https://crm.smarthiz.vn/main.7779000ecd52102b7ac0.js:0
[   11509ms] [TABLE] [Object, Object, Object, Object, Object, Object, Object, Object, Object, Object, Object, Object, Object, Object, Object, Object, Object, Object, Object, Object, Object, Object, Object, Object, Object, Object, Object, Object, Object, Object, Object, Object, Object, Object, Object, Object, Object, Object, Object, Object, Object, Object, Object, Object, Object, Object, Object, Object, Object, Object] @ https://crm.smarthiz.vn/main.7779000ecd52102b7ac0.js:0
[   11531ms] [LOG] [Object, Object, Object, Object, Object, Object, Object, Object, Object, Object, Object, Object, Object, Object, Object, Object, Object, Object, Object, Object, Object, Object, Object, Object, Object, Object, Object, Object, Object, Object, Object, Object, Object, Object, Object, Object, Object, Object, Object, Object, Object, Object, Object, Object, Object, Object, Object, Object, Object, Object] @ https://crm.smarthiz.vn/main.7779000ecd52102b7ac0.js:0
[   11531ms] [WARNING] You don't have permission to use DEVTOOL!【type = 6】 @ https://crm.smarthiz.vn/main.7779000ecd52102b7ac0.js:0
[   12258ms] [LOG] JSHandle@node @ https://crm.smarthiz.vn/main.7779000ecd52102b7ac0.js:0
[   12259ms] [LOG] Fri Jul 17 2026 14:09:26 GMT+0700 (Indochina Time) @ https://crm.smarthiz.vn/main.7779000ecd52102b7ac0.js:0
[   12259ms] [LOG] function(){} @ https://crm.smarthiz.vn/main.7779000ecd52102b7ac0.js:0
[   12259ms] [TABLE] [Object, Object, Object, Object, Object, Object, Object, Object, Object, Object, Object, Object, Object, Object, Object, Object, Object, Object, Object, Object, Object, Object, Object, Object, Object, Object, Object, Object, Object, Object, Object, Object, Object, Object, Object, Object, Object, Object, Object, Object, Object, Object, Object, Object, Object, Object, Object, Object, Object, Object] @ https://crm.smarthiz.vn/main.7779000ecd52102b7ac0.js:0
[   12283ms] [LOG] [Object, Object, Object, Object, Object, Object, Object, Object, Object, Object, Object, Object, Object, Object, Object, Object, Object, Object, Object, Object, Object, Object, Object, Object, Object, Object, Object, Object, Object, Object, Object, Object, Object, Object, Object, Object, Object, Object, Object, Object, Object, Object, Object, Object, Object, Object, Object, Object, Object, Object] @ https://crm.smarthiz.vn/main.7779000ecd52102b7ac0.js:0
[   12283ms] [WARNING] You don't have permission to use DEVTOOL!【type = 6】 @ https://crm.smarthiz.vn/main.7779000ecd52102b7ac0.js:0
[   12989ms] [LOG] JSHandle@node @ https://crm.smarthiz.vn/main.7779000ecd52102b7ac0.js:0
[   12989ms] [LOG] Fri Jul 17 2026 14:09:26 GMT+0700 (Indochina Time) @ https://crm.smarthiz.vn/main.7779000ecd52102b7ac0.js:0
[   12989ms] [LOG] function(){} @ https://crm.smarthiz.vn/main.7779000ecd52102b7ac0.js:0
[   12989ms] [TABLE] [Object, Object, Object, Object, Object, Object, Object, Object, Object, Object, Object, Object, Object, Object, Object, Object, Object, Object, Object, Object, Object, Object, Object, Object, Object, Object, Object, Object, Object, Object, Object, Object, Object, Object, Object, Object, Object, Object, Object, Object, Object, Object, Object, Object, Object, Object, Object, Object, Object, Object] @ https://crm.smarthiz.vn/main.7779000ecd52102b7ac0.js:0
[   13013ms] [LOG] [Object, Object, Object, Object, Object, Object, Object, Object, Object, Object, Object, Object, Object, Object, Object, Object, Object, Object, Object, Object, Object, Object, Object, Object, Object, Object, Object, Object, Object, Object, Object, Object, Object, Object, Object, Object, Object, Object, Object, Object, Object, Object, Object, Object, Object, Object, Object, Object, Object, Object] @ https://crm.smarthiz.vn/main.7779000ecd52102b7ac0.js:0
[   13499ms] [LOG] JSHandle@node @ https://crm.smarthiz.vn/main.7779000ecd52102b7ac0.js:0
[   13500ms] [LOG] Fri Jul 17 2026 14:09:26 GMT+0700 (Indochina Time) @ https://crm.smarthiz.vn/main.7779000ecd52102b7ac0.js:0
[   13500ms] [LOG] function(){} @ https://crm.smarthiz.vn/main.7779000ecd52102b7ac0.js:0
[   13500ms] [TABLE] [Object, Object, Object, Object, Object, Object, Object, Object, Object, Object, Object, Object, Object, Object, Object, Object, Object, Object, Object, Object, Object, Object, Object, Object, Object, Object, Object, Object, Object, Object, Object, Object, Object, Object, Object, Object, Object, Object, Object, Object, Object, Object, Object, Object, Object, Object, Object, Object, Object, Object] @ https://crm.smarthiz.vn/main.7779000ecd52102b7ac0.js:0
[   13523ms] [LOG] [Object, Object, Object, Object, Object, Object, Object, Object, Object, Object, Object, Object, Object, Object, Object, Object, Object, Object, Object, Object, Object, Object, Object, Object, Object, Object, Object, Object, Object, Object, Object, Object, Object, Object, Object, Object, Object, Object, Object, Object, Object, Object, Object, Object, Object, Object, Object, Object, Object, Object] @ https://crm.smarthiz.vn/main.7779000ecd52102b7ac0.js:0
[   13990ms] [LOG] JSHandle@node @ https://crm.smarthiz.vn/main.7779000ecd52102b7ac0.js:0
[   13990ms] [LOG] Fri Jul 17 2026 14:09:26 GMT+0700 (Indochina Time) @ https://crm.smarthiz.vn/main.7779000ecd52102b7ac0.js:0
[   13990ms] [LOG] function(){} @ https://crm.smarthiz.vn/main.7779000ecd52102b7ac0.js:0
[   13990ms] [TABLE] [Object, Object, Object, Object, Object, Object, Object, Object, Object, Object, Object, Object, Object, Object, Object, Object, Object, Object, Object, Object, Object, Object, Object, Object, Object, Object, Object, Object, Object, Object, Object, Object, Object, Object, Object, Object, Object, Object, Object, Object, Object, Object, Object, Object, Object, Object, Object, Object, Object, Object] @ https://crm.smarthiz.vn/main.7779000ecd52102b7ac0.js:0
[   14019ms] [LOG] [Object, Object, Object, Object, Object, Object, Object, Object, Object, Object, Object, Object, Object, Object, Object, Object, Object, Object, Object, Object, Object, Object, Object, Object, Object, Object, Object, Object, Object, Object, Object, Object, Object, Object, Object, Object, Object, Object, Object, Object, Object, Object, Object, Object, Object, Object, Object, Object, Object, Object] @ https://crm.smarthiz.vn/main.7779000ecd52102b7ac0.js:0
[   14499ms] [LOG] JSHandle@node @ https://crm.smarthiz.vn/main.7779000ecd52102b7ac0.js:0
[   14500ms] [LOG] Fri Jul 17 2026 14:09:26 GMT+0700 (Indochina Time) @ https://crm.smarthiz.vn/main.7779000ecd52102b7ac0.js:0
[   14500ms] [LOG] function(){} @ https://crm.smarthiz.vn/main.7779000ecd52102b7ac0.js:0
[   14500ms] [TABLE] [Object, Object, Object, Object, Object, Object, Object, Object, Object, Object, Object, Object, Object, Object, Object, Object, Object, Object, Object, Object, Object, Object, Object, Object, Object, Object, Object, Object, Object, Object, Object, Object, Object, Object, Object, Object, Object, Object, Object, Object, Object, Object, Object, Object, Object, Object, Object, Object, Object, Object] @ https://crm.smarthiz.vn/main.7779000ecd52102b7ac0.js:0
[   14522ms] [LOG] [Object, Object, Object, Object, Object, Object, Object, Object, Object, Object, Object, Object, Object, Object, Object, Object, Object, Object, Object, Object, Object, Object, Object, Object, Object, Object, Object, Object, Object, Object, Object, Object, Object, Object, Object, Object, Object, Object, Object, Object, Object, Object, Object, Object, Object, Object, Object, Object, Object, Object] @ https://crm.smarthiz.vn/main.7779000ecd52102b7ac0.js:0
[   14988ms] [LOG] JSHandle@node @ https://crm.smarthiz.vn/main.7779000ecd52102b7ac0.js:0
[   14988ms] [LOG] Fri Jul 17 2026 14:09:26 GMT+0700 (Indochina Time) @ https://crm.smarthiz.vn/main.7779000ecd52102b7ac0.js:0
[   14988ms] [LOG] function(){} @ https://crm.smarthiz.vn/main.7779000ecd52102b7ac0.js:0
[   14988ms] [TABLE] [Object, Object, Object, Object, Object, Object, Object, Object, Object, Object, Object, Object, Object, Object, Object, Object, Object, Object, Object, Object, Object, Object, Object, Object, Object, Object, Object, Object, Object, Object, Object, Object, Object, Object, Object, Object, Object, Object, Object, Object, Object, Object, Object, Object, Object, Object, Object, Object, Object, Object] @ https://crm.smarthiz.vn/main.7779000ecd52102b7ac0.js:0
[   15011ms] [LOG] [Object, Object, Object, Object, Object, Object, Object, Object, Object, Object, Object, Object, Object, Object, Object, Object, Object, Object, Object, Object, Object, Object, Object, Object, Object, Object, Object, Object, Object, Object, Object, Object, Object, Object, Object, Object, Object, Object, Object, Object, Object, Object, Object, Object, Object, Object, Object, Object, Object, Object] @ https://crm.smarthiz.vn/main.7779000ecd52102b7ac0.js:0
[   15011ms] [WARNING] You don't have permission to use DEVTOOL!【type = 6】 @ https://crm.smarthiz.vn/main.7779000ecd52102b7ac0.js:0
[   15742ms] [LOG] JSHandle@node @ https://crm.smarthiz.vn/main.7779000ecd52102b7ac0.js:0
[   15742ms] [LOG] Fri Jul 17 2026 14:09:29 GMT+0700 (Indochina Time) @ https://crm.smarthiz.vn/main.7779000ecd52102b7ac0.js:0
[   15742ms] [LOG] function(){} @ https://crm.smarthiz.vn/main.7779000ecd52102b7ac0.js:0
[   15742ms] [TABLE] [Object, Object, Object, Object, Object, Object, Object, Object, Object, Object, Object, Object, Object, Object, Object, Object, Object, Object, Object, Object, Object, Object, Object, Object, Object, Object, Object, Object, Object, Object, Object, Object, Object, Object, Object, Object, Object, Object, Object, Object, Object, Object, Object, Object, Object, Object, Object, Object, Object, Object] @ https://crm.smarthiz.vn/main.7779000ecd52102b7ac0.js:0
[   15767ms] [LOG] [Object, Object, Object, Object, Object, Object, Object, Object, Object, Object, Object, Object, Object, Object, Object, Object, Object, Object, Object, Object, Object, Object, Object, Object, Object, Object, Object, Object, Object, Object, Object, Object, Object, Object, Object, Object, Object, Object, Object, Object, Object, Object, Object, Object, Object, Object, Object, Object, Object, Object] @ https://crm.smarthiz.vn/main.7779000ecd52102b7ac0.js:0
[   15767ms] [WARNING] You don't have permission to use DEVTOOL!【type = 6】 @ https://crm.smarthiz.vn/main.7779000ecd52102b7ac0.js:0
[   16502ms] [LOG] JSHandle@node @ https://crm.smarthiz.vn/main.7779000ecd52102b7ac0.js:0
[   16503ms] [LOG] Fri Jul 17 2026 14:09:30 GMT+0700 (Indochina Time) @ https://crm.smarthiz.vn/main.7779000ecd52102b7ac0.js:0
[   16503ms] [LOG] function(){} @ https://crm.smarthiz.vn/main.7779000ecd52102b7ac0.js:0
[   16503ms] [TABLE] [Object, Object, Object, Object, Object, Object, Object, Object, Object, Object, Object, Object, Object, Object, Object, Object, Object, Object, Object, Object, Object, Object, Object, Object, Object, Object, Object, Object, Object, Object, Object, Object, Object, Object, Object, Object, Object, Object, Object, Object, Object, Object, Object, Object, Object, Object, Object, Object, Object, Object] @ https://crm.smarthiz.vn/main.7779000ecd52102b7ac0.js:0
[   16529ms] [LOG] [Object, Object, Object, Object, Object, Object, Object, Object, Object, Object, Object, Object, Object, Object, Object, Object, Object, Object, Object, Object, Object, Object, Object, Object, Object, Object, Object, Object, Object, Object, Object, Object, Object, Object, Object, Object, Object, Object, Object, Object, Object, Object, Object, Object, Object, Object, Object, Object, Object, Object] @ https://crm.smarthiz.vn/main.7779000ecd52102b7ac0.js:0
[   17016ms] [LOG] JSHandle@node @ https://crm.smarthiz.vn/main.7779000ecd52102b7ac0.js:0
[   17016ms] [LOG] Fri Jul 17 2026 14:09:30 GMT+0700 (Indochina Time) @ https://crm.smarthiz.vn/main.7779000ecd52102b7ac0.js:0
[   17016ms] [LOG] function(){} @ https://crm.smarthiz.vn/main.7779000ecd52102b7ac0.js:0
[   17016ms] [TABLE] [Object, Object, Object, Object, Object, Object, Object, Object, Object, Object, Object, Object, Object, Object, Object, Object, Object, Object, Object, Object, Object, Object, Object, Object, Object, Object, Object, Object, Object, Object, Object, Object, Object, Object, Object, Object, Object, Object, Object, Object, Object, Object, Object, Object, Object, Object, Object, Object, Object, Object] @ https://crm.smarthiz.vn/main.7779000ecd52102b7ac0.js:0
[   17040ms] [LOG] [Object, Object, Object, Object, Object, Object, Object, Object, Object, Object, Object, Object, Object, Object, Object, Object, Object, Object, Object, Object, Object, Object, Object, Object, Object, Object, Object, Object, Object, Object, Object, Object, Object, Object, Object, Object, Object, Object, Object, Object, Object, Object, Object, Object, Object, Object, Object, Object, Object, Object] @ https://crm.smarthiz.vn/main.7779000ecd52102b7ac0.js:0
[   17505ms] [LOG] JSHandle@node @ https://crm.smarthiz.vn/main.7779000ecd52102b7ac0.js:0
[   17505ms] [LOG] Fri Jul 17 2026 14:09:30 GMT+0700 (Indochina Time) @ https://crm.smarthiz.vn/main.7779000ecd52102b7ac0.js:0
[   17505ms] [LOG] function(){} @ https://crm.smarthiz.vn/main.7779000ecd52102b7ac0.js:0
[   17505ms] [TABLE] [Object, Object, Object, Object, Object, Object, Object, Object, Object, Object, Object, Object, Object, Object, Object, Object, Object, Object, Object, Object, Object, Object, Object, Object, Object, Object, Object, Object, Object, Object, Object, Object, Object, Object, Object, Object, Object, Object, Object, Object, Object, Object, Object, Object, Object, Object, Object, Object, Object, Object] @ https://crm.smarthiz.vn/main.7779000ecd52102b7ac0.js:0
[   17528ms] [LOG] [Object, Object, Object, Object, Object, Object, Object, Object, Object, Object, Object, Object, Object, Object, Object, Object, Object, Object, Object, Object, Object, Object, Object, Object, Object, Object, Object, Object, Object, Object, Object, Object, Object, Object, Object, Object, Object, Object, Object, Object, Object, Object, Object, Object, Object, Object, Object, Object, Object, Object] @ https://crm.smarthiz.vn/main.7779000ecd52102b7ac0.js:0
[   17528ms] [WARNING] You don't have permission to use DEVTOOL!【type = 6】 @ https://crm.smarthiz.vn/main.7779000ecd52102b7ac0.js:0
[   18253ms] [LOG] JSHandle@node @ https://crm.smarthiz.vn/main.7779000ecd52102b7ac0.js:0
[   18253ms] [LOG] Fri Jul 17 2026 14:09:32 GMT+0700 (Indochina Time) @ https://crm.smarthiz.vn/main.7779000ecd52102b7ac0.js:0
[   18253ms] [LOG] function(){} @ https://crm.smarthiz.vn/main.7779000ecd52102b7ac0.js:0
[   18253ms] [TABLE] [Object, Object, Object, Object, Object, Object, Object, Object, Object, Object, Object, Object, Object, Object, Object, Object, Object, Object, Object, Object, Object, Object, Object, Object, Object, Object, Object, Object, Object, Object, Object, Object, Object, Object, Object, Object, Object, Object, Object, Object, Object, Object, Object, Object, Object, Object, Object, Object, Object, Object] @ https://crm.smarthiz.vn/main.7779000ecd52102b7ac0.js:0
[   18277ms] [LOG] [Object, Object, Object, Object, Object, Object, Object, Object, Object, Object, Object, Object, Object, Object, Object, Object, Object, Object, Object, Object, Object, Object, Object, Object, Object, Object, Object, Object, Object, Object, Object, Object, Object, Object, Object, Object, Object, Object, Object, Object, Object, Object, Object, Object, Object, Object, Object, Object, Object, Object] @ https://crm.smarthiz.vn/main.7779000ecd52102b7ac0.js:0
[   18753ms] [LOG] JSHandle@node @ https://crm.smarthiz.vn/main.7779000ecd52102b7ac0.js:0
[   18754ms] [LOG] Fri Jul 17 2026 14:09:32 GMT+0700 (Indochina Time) @ https://crm.smarthiz.vn/main.7779000ecd52102b7ac0.js:0
[   18754ms] [LOG] function(){} @ https://crm.smarthiz.vn/main.7779000ecd52102b7ac0.js:0
[   18754ms] [TABLE] [Object, Object, Object, Object, Object, Object, Object, Object, Object, Object, Object, Object, Object, Object, Object, Object, Object, Object, Object, Object, Object, Object, Object, Object, Object, Object, Object, Object, Object, Object, Object, Object, Object, Object, Object, Object, Object, Object, Object, Object, Object, Object, Object, Object, Object, Object, Object, Object, Object, Object] @ https://crm.smarthiz.vn/main.7779000ecd52102b7ac0.js:0
[   18777ms] [LOG] [Object, Object, Object, Object, Object, Object, Object, Object, Object, Object, Object, Object, Object, Object, Object, Object, Object, Object, Object, Object, Object, Object, Object, Object, Object, Object, Object, Object, Object, Object, Object, Object, Object, Object, Object, Object, Object, Object, Object, Object, Object, Object, Object, Object, Object, Object, Object, Object, Object, Object] @ https://crm.smarthiz.vn/main.7779000ecd52102b7ac0.js:0
[   18777ms] [WARNING] You don't have permission to use DEVTOOL!【type = 6】 @ https://crm.smarthiz.vn/main.7779000ecd52102b7ac0.js:0
[   19413ms] [LOG] JSHandle@node @ https://crm.smarthiz.vn/main.7779000ecd52102b7ac0.js:0
[   19414ms] [LOG] Fri Jul 17 2026 14:09:33 GMT+0700 (Indochina Time) @ https://crm.smarthiz.vn/main.7779000ecd52102b7ac0.js:0
[   19414ms] [LOG] function(){} @ https://crm.smarthiz.vn/main.7779000ecd52102b7ac0.js:0
[   19414ms] [TABLE] [Object, Object, Object, Object, Object, Object, Object, Object, Object, Object, Object, Object, Object, Object, Object, Object, Object, Object, Object, Object, Object, Object, Object, Object, Object, Object, Object, Object, Object, Object, Object, Object, Object, Object, Object, Object, Object, Object, Object, Object, Object, Object, Object, Object, Object, Object, Object, Object, Object, Object] @ https://crm.smarthiz.vn/main.7779000ecd52102b7ac0.js:0
[   19437ms] [LOG] [Object, Object, Object, Object, Object, Object, Object, Object, Object, Object, Object, Object, Object, Object, Object, Object, Object, Object, Object, Object, Object, Object, Object, Object, Object, Object, Object, Object, Object, Object, Object, Object, Object, Object, Object, Object, Object, Object, Object, Object, Object, Object, Object, Object, Object, Object, Object, Object, Object, Object] @ https://crm.smarthiz.vn/main.7779000ecd52102b7ac0.js:0
[   19926ms] [LOG] JSHandle@node @ https://crm.smarthiz.vn/main.7779000ecd52102b7ac0.js:0
[   19926ms] [LOG] Fri Jul 17 2026 14:09:33 GMT+0700 (Indochina Time) @ https://crm.smarthiz.vn/main.7779000ecd52102b7ac0.js:0
[   19926ms] [LOG] function(){} @ https://crm.smarthiz.vn/main.7779000ecd52102b7ac0.js:0
[   19926ms] [TABLE] [Object, Object, Object, Object, Object, Object, Object, Object, Object, Object, Object, Object, Object, Object, Object, Object, Object, Object, Object, Object, Object, Object, Object, Object, Object, Object, Object, Object, Object, Object, Object, Object, Object, Object, Object, Object, Object, Object, Object, Object, Object, Object, Object, Object, Object, Object, Object, Object, Object, Object] @ https://crm.smarthiz.vn/main.7779000ecd52102b7ac0.js:0
[   19952ms] [LOG] [Object, Object, Object, Object, Object, Object, Object, Object, Object, Object, Object, Object, Object, Object, Object, Object, Object, Object, Object, Object, Object, Object, Object, Object, Object, Object, Object, Object, Object, Object, Object, Object, Object, Object, Object, Object, Object, Object, Object, Object, Object, Object, Object, Object, Object, Object, Object, Object, Object, Object] @ https://crm.smarthiz.vn/main.7779000ecd52102b7ac0.js:0
[   20426ms] [LOG] JSHandle@node @ https://crm.smarthiz.vn/main.7779000ecd52102b7ac0.js:0
[   20426ms] [LOG] Fri Jul 17 2026 14:09:33 GMT+0700 (Indochina Time) @ https://crm.smarthiz.vn/main.7779000ecd52102b7ac0.js:0
[   20426ms] [LOG] function(){} @ https://crm.smarthiz.vn/main.7779000ecd52102b7ac0.js:0
[   20426ms] [TABLE] [Object, Object, Object, Object, Object, Object, Object, Object, Object, Object, Object, Object, Object, Object, Object, Object, Object, Object, Object, Object, Object, Object, Object, Object, Object, Object, Object, Object, Object, Object, Object, Object, Object, Object, Object, Object, Object, Object, Object, Object, Object, Object, Object, Object, Object, Object, Object, Object, Object, Object] @ https://crm.smarthiz.vn/main.7779000ecd52102b7ac0.js:0
[   20448ms] [LOG] [Object, Object, Object, Object, Object, Object, Object, Object, Object, Object, Object, Object, Object, Object, Object, Object, Object, Object, Object, Object, Object, Object, Object, Object, Object, Object, Object, Object, Object, Object, Object, Object, Object, Object, Object, Object, Object, Object, Object, Object, Object, Object, Object, Object, Object, Object, Object, Object, Object, Object] @ https://crm.smarthiz.vn/main.7779000ecd52102b7ac0.js:0
[   20926ms] [LOG] JSHandle@node @ https://crm.smarthiz.vn/main.7779000ecd52102b7ac0.js:0
[   20926ms] [LOG] Fri Jul 17 2026 14:09:33 GMT+0700 (Indochina Time) @ https://crm.smarthiz.vn/main.7779000ecd52102b7ac0.js:0
[   20926ms] [LOG] function(){} @ https://crm.smarthiz.vn/main.7779000ecd52102b7ac0.js:0
[   20926ms] [TABLE] [Object, Object, Object, Object, Object, Object, Object, Object, Object, Object, Object, Object, Object, Object, Object, Object, Object, Object, Object, Object, Object, Object, Object, Object, Object, Object, Object, Object, Object, Object, Object, Object, Object, Object, Object, Object, Object, Object, Object, Object, Object, Object, Object, Object, Object, Object, Object, Object, Object, Object] @ https://crm.smarthiz.vn/main.7779000ecd52102b7ac0.js:0
[   20956ms] [LOG] [Object, Object, Object, Object, Object, Object, Object, Object, Object, Object, Object, Object, Object, Object, Object, Object, Object, Object, Object, Object, Object, Object, Object, Object, Object, Object, Object, Object, Object, Object, Object, Object, Object, Object, Object, Object, Object, Object, Object, Object, Object, Object, Object, Object, Object, Object, Object, Object, Object, Object] @ https://crm.smarthiz.vn/main.7779000ecd52102b7ac0.js:0
[   21426ms] [LOG] JSHandle@node @ https://crm.smarthiz.vn/main.7779000ecd52102b7ac0.js:0
[   21426ms] [LOG] Fri Jul 17 2026 14:09:33 GMT+0700 (Indochina Time) @ https://crm.smarthiz.vn/main.7779000ecd52102b7ac0.js:0
[   21426ms] [LOG] function(){} @ https://crm.smarthiz.vn/main.7779000ecd52102b7ac0.js:0
[   21426ms] [TABLE] [Object, Object, Object, Object, Object, Object, Object, Object, Object, Object, Object, Object, Object, Object, Object, Object, Object, Object, Object, Object, Object, Object, Object, Object, Object, Object, Object, Object, Object, Object, Object, Object, Object, Object, Object, Object, Object, Object, Object, Object, Object, Object, Object, Object, Object, Object, Object, Object, Object, Object] @ https://crm.smarthiz.vn/main.7779000ecd52102b7ac0.js:0
[   21456ms] [LOG] [Object, Object, Object, Object, Object, Object, Object, Object, Object, Object, Object, Object, Object, Object, Object, Object, Object, Object, Object, Object, Object, Object, Object, Object, Object, Object, Object, Object, Object, Object, Object, Object, Object, Object, Object, Object, Object, Object, Object, Object, Object, Object, Object, Object, Object, Object, Object, Object, Object, Object] @ https://crm.smarthiz.vn/main.7779000ecd52102b7ac0.js:0
[   21926ms] [LOG] JSHandle@node @ https://crm.smarthiz.vn/main.7779000ecd52102b7ac0.js:0
[   21926ms] [LOG] Fri Jul 17 2026 14:09:33 GMT+0700 (Indochina Time) @ https://crm.smarthiz.vn/main.7779000ecd52102b7ac0.js:0
[   21927ms] [LOG] function(){} @ https://crm.smarthiz.vn/main.7779000ecd52102b7ac0.js:0
[   21927ms] [TABLE] [Object, Object, Object, Object, Object, Object, Object, Object, Object, Object, Object, Object, Object, Object, Object, Object, Object, Object, Object, Object, Object, Object, Object, Object, Object, Object, Object, Object, Object, Object, Object, Object, Object, Object, Object, Object, Object, Object, Object, Object, Object, Object, Object, Object, Object, Object, Object, Object, Object, Object] @ https://crm.smarthiz.vn/main.7779000ecd52102b7ac0.js:0
[   21948ms] [LOG] [Object, Object, Object, Object, Object, Object, Object, Object, Object, Object, Object, Object, Object, Object, Object, Object, Object, Object, Object, Object, Object, Object, Object, Object, Object, Object, Object, Object, Object, Object, Object, Object, Object, Object, Object, Object, Object, Object, Object, Object, Object, Object, Object, Object, Object, Object, Object, Object, Object, Object] @ https://crm.smarthiz.vn/main.7779000ecd52102b7ac0.js:0
[   22414ms] [LOG] JSHandle@node @ https://crm.smarthiz.vn/main.7779000ecd52102b7ac0.js:0
[   22414ms] [LOG] Fri Jul 17 2026 14:09:33 GMT+0700 (Indochina Time) @ https://crm.smarthiz.vn/main.7779000ecd52102b7ac0.js:0
[   22415ms] [LOG] function(){} @ https://crm.smarthiz.vn/main.7779000ecd52102b7ac0.js:0
[   22415ms] [TABLE] [Object, Object, Object, Object, Object, Object, Object, Object, Object, Object, Object, Object, Object, Object, Object, Object, Object, Object, Object, Object, Object, Object, Object, Object, Object, Object, Object, Object, Object, Object, Object, Object, Object, Object, Object, Object, Object, Object, Object, Object, Object, Object, Object, Object, Object, Object, Object, Object, Object, Object] @ https://crm.smarthiz.vn/main.7779000ecd52102b7ac0.js:0
[   22437ms] [LOG] [Object, Object, Object, Object, Object, Object, Object, Object, Object, Object, Object, Object, Object, Object, Object, Object, Object, Object, Object, Object, Object, Object, Object, Object, Object, Object, Object, Object, Object, Object, Object, Object, Object, Object, Object, Object, Object, Object, Object, Object, Object, Object, Object, Object, Object, Object, Object, Object, Object, Object] @ https://crm.smarthiz.vn/main.7779000ecd52102b7ac0.js:0
[   22925ms] [LOG] JSHandle@node @ https://crm.smarthiz.vn/main.7779000ecd52102b7ac0.js:0
[   22925ms] [LOG] Fri Jul 17 2026 14:09:33 GMT+0700 (Indochina Time) @ https://crm.smarthiz.vn/main.7779000ecd52102b7ac0.js:0
[   22925ms] [LOG] function(){} @ https://crm.smarthiz.vn/main.7779000ecd52102b7ac0.js:0
[   22925ms] [TABLE] [Object, Object, Object, Object, Object, Object, Object, Object, Object, Object, Object, Object, Object, Object, Object, Object, Object, Object, Object, Object, Object, Object, Object, Object, Object, Object, Object, Object, Object, Object, Object, Object, Object, Object, Object, Object, Object, Object, Object, Object, Object, Object, Object, Object, Object, Object, Object, Object, Object, Object] @ https://crm.smarthiz.vn/main.7779000ecd52102b7ac0.js:0
[   22955ms] [LOG] [Object, Object, Object, Object, Object, Object, Object, Object, Object, Object, Object, Object, Object, Object, Object, Object, Object, Object, Object, Object, Object, Object, Object, Object, Object, Object, Object, Object, Object, Object, Object, Object, Object, Object, Object, Object, Object, Object, Object, Object, Object, Object, Object, Object, Object, Object, Object, Object, Object, Object] @ https://crm.smarthiz.vn/main.7779000ecd52102b7ac0.js:0
[   23415ms] [LOG] JSHandle@node @ https://crm.smarthiz.vn/main.7779000ecd52102b7ac0.js:0
[   23415ms] [LOG] Fri Jul 17 2026 14:09:33 GMT+0700 (Indochina Time) @ https://crm.smarthiz.vn/main.7779000ecd52102b7ac0.js:0
[   23416ms] [LOG] function(){} @ https://crm.smarthiz.vn/main.7779000ecd52102b7ac0.js:0
[   23416ms] [TABLE] [Object, Object, Object, Object, Object, Object, Object, Object, Object, Object, Object, Object, Object, Object, Object, Object, Object, Object, Object, Object, Object, Object, Object, Object, Object, Object, Object, Object, Object, Object, Object, Object, Object, Object, Object, Object, Object, Object, Object, Object, Object, Object, Object, Object, Object, Object, Object, Object, Object, Object] @ https://crm.smarthiz.vn/main.7779000ecd52102b7ac0.js:0
[   23440ms] [LOG] [Object, Object, Object, Object, Object, Object, Object, Object, Object, Object, Object, Object, Object, Object, Object, Object, Object, Object, Object, Object, Object, Object, Object, Object, Object, Object, Object, Object, Object, Object, Object, Object, Object, Object, Object, Object, Object, Object, Object, Object, Object, Object, Object, Object, Object, Object, Object, Object, Object, Object] @ https://crm.smarthiz.vn/main.7779000ecd52102b7ac0.js:0
[   23922ms] [LOG] JSHandle@node @ https://crm.smarthiz.vn/main.7779000ecd52102b7ac0.js:0
[   23922ms] [LOG] Fri Jul 17 2026 14:09:33 GMT+0700 (Indochina Time) @ https://crm.smarthiz.vn/main.7779000ecd52102b7ac0.js:0
[   23923ms] [LOG] function(){} @ https://crm.smarthiz.vn/main.7779000ecd52102b7ac0.js:0
[   23923ms] [TABLE] [Object, Object, Object, Object, Object, Object, Object, Object, Object, Object, Object, Object, Object, Object, Object, Object, Object, Object, Object, Object, Object, Object, Object, Object, Object, Object, Object, Object, Object, Object, Object, Object, Object, Object, Object, Object, Object, Object, Object, Object, Object, Object, Object, Object, Object, Object, Object, Object, Object, Object] @ https://crm.smarthiz.vn/main.7779000ecd52102b7ac0.js:0
[   23943ms] [LOG] [Object, Object, Object, Object, Object, Object, Object, Object, Object, Object, Object, Object, Object, Object, Object, Object, Object, Object, Object, Object, Object, Object, Object, Object, Object, Object, Object, Object, Object, Object, Object, Object, Object, Object, Object, Object, Object, Object, Object, Object, Object, Object, Object, Object, Object, Object, Object, Object, Object, Object] @ https://crm.smarthiz.vn/main.7779000ecd52102b7ac0.js:0
[   24416ms] [LOG] JSHandle@node @ https://crm.smarthiz.vn/main.7779000ecd52102b7ac0.js:0
[   24416ms] [LOG] Fri Jul 17 2026 14:09:33 GMT+0700 (Indochina Time) @ https://crm.smarthiz.vn/main.7779000ecd52102b7ac0.js:0
[   24417ms] [LOG] function(){} @ https://crm.smarthiz.vn/main.7779000ecd52102b7ac0.js:0
[   24417ms] [TABLE] [Object, Object, Object, Object, Object, Object, Object, Object, Object, Object, Object, Object, Object, Object, Object, Object, Object, Object, Object, Object, Object, Object, Object, Object, Object, Object, Object, Object, Object, Object, Object, Object, Object, Object, Object, Object, Object, Object, Object, Object, Object, Object, Object, Object, Object, Object, Object, Object, Object, Object] @ https://crm.smarthiz.vn/main.7779000ecd52102b7ac0.js:0
[   24438ms] [LOG] [Object, Object, Object, Object, Object, Object, Object, Object, Object, Object, Object, Object, Object, Object, Object, Object, Object, Object, Object, Object, Object, Object, Object, Object, Object, Object, Object, Object, Object, Object, Object, Object, Object, Object, Object, Object, Object, Object, Object, Object, Object, Object, Object, Object, Object, Object, Object, Object, Object, Object] @ https://crm.smarthiz.vn/main.7779000ecd52102b7ac0.js:0
[   24918ms] [LOG] JSHandle@node @ https://crm.smarthiz.vn/main.7779000ecd52102b7ac0.js:0
[   24918ms] [LOG] Fri Jul 17 2026 14:09:33 GMT+0700 (Indochina Time) @ https://crm.smarthiz.vn/main.7779000ecd52102b7ac0.js:0
[   24918ms] [LOG] function(){} @ https://crm.smarthiz.vn/main.7779000ecd52102b7ac0.js:0
[   24918ms] [TABLE] [Object, Object, Object, Object, Object, Object, Object, Object, Object, Object, Object, Object, Object, Object, Object, Object, Object, Object, Object, Object, Object, Object, Object, Object, Object, Object, Object, Object, Object, Object, Object, Object, Object, Object, Object, Object, Object, Object, Object, Object, Object, Object, Object, Object, Object, Object, Object, Object, Object, Object] @ https://crm.smarthiz.vn/main.7779000ecd52102b7ac0.js:0
[   24941ms] [LOG] [Object, Object, Object, Object, Object, Object, Object, Object, Object, Object, Object, Object, Object, Object, Object, Object, Object, Object, Object, Object, Object, Object, Object, Object, Object, Object, Object, Object, Object, Object, Object, Object, Object, Object, Object, Object, Object, Object, Object, Object, Object, Object, Object, Object, Object, Object, Object, Object, Object, Object] @ https://crm.smarthiz.vn/main.7779000ecd52102b7ac0.js:0
[   25420ms] [LOG] JSHandle@node @ https://crm.smarthiz.vn/main.7779000ecd52102b7ac0.js:0
[   25420ms] [LOG] Fri Jul 17 2026 14:09:33 GMT+0700 (Indochina Time) @ https://crm.smarthiz.vn/main.7779000ecd52102b7ac0.js:0
[   25420ms] [LOG] function(){} @ https://crm.smarthiz.vn/main.7779000ecd52102b7ac0.js:0
[   25420ms] [TABLE] [Object, Object, Object, Object, Object, Object, Object, Object, Object, Object, Object, Object, Object, Object, Object, Object, Object, Object, Object, Object, Object, Object, Object, Object, Object, Object, Object, Object, Object, Object, Object, Object, Object, Object, Object, Object, Object, Object, Object, Object, Object, Object, Object, Object, Object, Object, Object, Object, Object, Object] @ https://crm.smarthiz.vn/main.7779000ecd52102b7ac0.js:0
[   25442ms] [LOG] [Object, Object, Object, Object, Object, Object, Object, Object, Object, Object, Object, Object, Object, Object, Object, Object, Object, Object, Object, Object, Object, Object, Object, Object, Object, Object, Object, Object, Object, Object, Object, Object, Object, Object, Object, Object, Object, Object, Object, Object, Object, Object, Object, Object, Object, Object, Object, Object, Object, Object] @ https://crm.smarthiz.vn/main.7779000ecd52102b7ac0.js:0
[   25920ms] [LOG] JSHandle@node @ https://crm.smarthiz.vn/main.7779000ecd52102b7ac0.js:0
[   25920ms] [LOG] Fri Jul 17 2026 14:09:33 GMT+0700 (Indochina Time) @ https://crm.smarthiz.vn/main.7779000ecd52102b7ac0.js:0
[   25920ms] [LOG] function(){} @ https://crm.smarthiz.vn/main.7779000ecd52102b7ac0.js:0
[   25920ms] [TABLE] [Object, Object, Object, Object, Object, Object, Object, Object, Object, Object, Object, Object, Object, Object, Object, Object, Object, Object, Object, Object, Object, Object, Object, Object, Object, Object, Object, Object, Object, Object, Object, Object, Object, Object, Object, Object, Object, Object, Object, Object, Object, Object, Object, Object, Object, Object, Object, Object, Object, Object] @ https://crm.smarthiz.vn/main.7779000ecd52102b7ac0.js:0
[   25944ms] [LOG] [Object, Object, Object, Object, Object, Object, Object, Object, Object, Object, Object, Object, Object, Object, Object, Object, Object, Object, Object, Object, Object, Object, Object, Object, Object, Object, Object, Object, Object, Object, Object, Object, Object, Object, Object, Object, Object, Object, Object, Object, Object, Object, Object, Object, Object, Object, Object, Object, Object, Object] @ https://crm.smarthiz.vn/main.7779000ecd52102b7ac0.js:0
[   26420ms] [LOG] JSHandle@node @ https://crm.smarthiz.vn/main.7779000ecd52102b7ac0.js:0
[   26420ms] [LOG] Fri Jul 17 2026 14:09:33 GMT+0700 (Indochina Time) @ https://crm.smarthiz.vn/main.7779000ecd52102b7ac0.js:0
[   26420ms] [LOG] function(){} @ https://crm.smarthiz.vn/main.7779000ecd52102b7ac0.js:0
[   26420ms] [TABLE] [Object, Object, Object, Object, Object, Object, Object, Object, Object, Object, Object, Object, Object, Object, Object, Object, Object, Object, Object, Object, Object, Object, Object, Object, Object, Object, Object, Object, Object, Object, Object, Object, Object, Object, Object, Object, Object, Object, Object, Object, Object, Object, Object, Object, Object, Object, Object, Object, Object, Object] @ https://crm.smarthiz.vn/main.7779000ecd52102b7ac0.js:0
[   26441ms] [LOG] [Object, Object, Object, Object, Object, Object, Object, Object, Object, Object, Object, Object, Object, Object, Object, Object, Object, Object, Object, Object, Object, Object, Object, Object, Object, Object, Object, Object, Object, Object, Object, Object, Object, Object, Object, Object, Object, Object, Object, Object, Object, Object, Object, Object, Object, Object, Object, Object, Object, Object] @ https://crm.smarthiz.vn/main.7779000ecd52102b7ac0.js:0
[   26919ms] [LOG] JSHandle@node @ https://crm.smarthiz.vn/main.7779000ecd52102b7ac0.js:0
[   26919ms] [LOG] Fri Jul 17 2026 14:09:33 GMT+0700 (Indochina Time) @ https://crm.smarthiz.vn/main.7779000ecd52102b7ac0.js:0
[   26919ms] [LOG] function(){} @ https://crm.smarthiz.vn/main.7779000ecd52102b7ac0.js:0
[   26920ms] [TABLE] [Object, Object, Object, Object, Object, Object, Object, Object, Object, Object, Object, Object, Object, Object, Object, Object, Object, Object, Object, Object, Object, Object, Object, Object, Object, Object, Object, Object, Object, Object, Object, Object, Object, Object, Object, Object, Object, Object, Object, Object, Object, Object, Object, Object, Object, Object, Object, Object, Object, Object] @ https://crm.smarthiz.vn/main.7779000ecd52102b7ac0.js:0
[   26942ms] [LOG] [Object, Object, Object, Object, Object, Object, Object, Object, Object, Object, Object, Object, Object, Object, Object, Object, Object, Object, Object, Object, Object, Object, Object, Object, Object, Object, Object, Object, Object, Object, Object, Object, Object, Object, Object, Object, Object, Object, Object, Object, Object, Object, Object, Object, Object, Object, Object, Object, Object, Object] @ https://crm.smarthiz.vn/main.7779000ecd52102b7ac0.js:0
[   27416ms] [LOG] JSHandle@node @ https://crm.smarthiz.vn/main.7779000ecd52102b7ac0.js:0
[   27417ms] [LOG] Fri Jul 17 2026 14:09:33 GMT+0700 (Indochina Time) @ https://crm.smarthiz.vn/main.7779000ecd52102b7ac0.js:0
[   27417ms] [LOG] function(){} @ https://crm.smarthiz.vn/main.7779000ecd52102b7ac0.js:0
[   27417ms] [TABLE] [Object, Object, Object, Object, Object, Object, Object, Object, Object, Object, Object, Object, Object, Object, Object, Object, Object, Object, Object, Object, Object, Object, Object, Object, Object, Object, Object, Object, Object, Object, Object, Object, Object, Object, Object, Object, Object, Object, Object, Object, Object, Object, Object, Object, Object, Object, Object, Object, Object, Object] @ https://crm.smarthiz.vn/main.7779000ecd52102b7ac0.js:0
[   27440ms] [LOG] [Object, Object, Object, Object, Object, Object, Object, Object, Object, Object, Object, Object, Object, Object, Object, Object, Object, Object, Object, Object, Object, Object, Object, Object, Object, Object, Object, Object, Object, Object, Object, Object, Object, Object, Object, Object, Object, Object, Object, Object, Object, Object, Object, Object, Object, Object, Object, Object, Object, Object] @ https://crm.smarthiz.vn/main.7779000ecd52102b7ac0.js:0
[   27440ms] [WARNING] You don't have permission to use DEVTOOL!【type = 6】 @ https://crm.smarthiz.vn/main.7779000ecd52102b7ac0.js:0
[   28164ms] [LOG] JSHandle@node @ https://crm.smarthiz.vn/main.7779000ecd52102b7ac0.js:0
[   28164ms] [LOG] Fri Jul 17 2026 14:09:42 GMT+0700 (Indochina Time) @ https://crm.smarthiz.vn/main.7779000ecd52102b7ac0.js:0
[   28164ms] [LOG] function(){} @ https://crm.smarthiz.vn/main.7779000ecd52102b7ac0.js:0
[   28164ms] [TABLE] [Object, Object, Object, Object, Object, Object, Object, Object, Object, Object, Object, Object, Object, Object, Object, Object, Object, Object, Object, Object, Object, Object, Object, Object, Object, Object, Object, Object, Object, Object, Object, Object, Object, Object, Object, Object, Object, Object, Object, Object, Object, Object, Object, Object, Object, Object, Object, Object, Object, Object] @ https://crm.smarthiz.vn/main.7779000ecd52102b7ac0.js:0
[   28189ms] [LOG] [Object, Object, Object, Object, Object, Object, Object, Object, Object, Object, Object, Object, Object, Object, Object, Object, Object, Object, Object, Object, Object, Object, Object, Object, Object, Object, Object, Object, Object, Object, Object, Object, Object, Object, Object, Object, Object, Object, Object, Object, Object, Object, Object, Object, Object, Object, Object, Object, Object, Object] @ https://crm.smarthiz.vn/main.7779000ecd52102b7ac0.js:0
[   28674ms] [LOG] JSHandle@node @ https://crm.smarthiz.vn/main.7779000ecd52102b7ac0.js:0
[   28674ms] [LOG] Fri Jul 17 2026 14:09:42 GMT+0700 (Indochina Time) @ https://crm.smarthiz.vn/main.7779000ecd52102b7ac0.js:0
[   28675ms] [LOG] function(){} @ https://crm.smarthiz.vn/main.7779000ecd52102b7ac0.js:0
[   28675ms] [TABLE] [Object, Object, Object, Object, Object, Object, Object, Object, Object, Object, Object, Object, Object, Object, Object, Object, Object, Object, Object, Object, Object, Object, Object, Object, Object, Object, Object, Object, Object, Object, Object, Object, Object, Object, Object, Object, Object, Object, Object, Object, Object, Object, Object, Object, Object, Object, Object, Object, Object, Object] @ https://crm.smarthiz.vn/main.7779000ecd52102b7ac0.js:0
[   28717ms] [LOG] [Object, Object, Object, Object, Object, Object, Object, Object, Object, Object, Object, Object, Object, Object, Object, Object, Object, Object, Object, Object, Object, Object, Object, Object, Object, Object, Object, Object, Object, Object, Object, Object, Object, Object, Object, Object, Object, Object, Object, Object, Object, Object, Object, Object, Object, Object, Object, Object, Object, Object] @ https://crm.smarthiz.vn/main.7779000ecd52102b7ac0.js:0
[   29165ms] [LOG] JSHandle@node @ https://crm.smarthiz.vn/main.7779000ecd52102b7ac0.js:0
[   29165ms] [LOG] Fri Jul 17 2026 14:09:42 GMT+0700 (Indochina Time) @ https://crm.smarthiz.vn/main.7779000ecd52102b7ac0.js:0
[   29166ms] [LOG] function(){} @ https://crm.smarthiz.vn/main.7779000ecd52102b7ac0.js:0
[   29166ms] [TABLE] [Object, Object, Object, Object, Object, Object, Object, Object, Object, Object, Object, Object, Object, Object, Object, Object, Object, Object, Object, Object, Object, Object, Object, Object, Object, Object, Object, Object, Object, Object, Object, Object, Object, Object, Object, Object, Object, Object, Object, Object, Object, Object, Object, Object, Object, Object, Object, Object, Object, Object] @ https://crm.smarthiz.vn/main.7779000ecd52102b7ac0.js:0
[   29194ms] [LOG] [Object, Object, Object, Object, Object, Object, Object, Object, Object, Object, Object, Object, Object, Object, Object, Object, Object, Object, Object, Object, Object, Object, Object, Object, Object, Object, Object, Object, Object, Object, Object, Object, Object, Object, Object, Object, Object, Object, Object, Object, Object, Object, Object, Object, Object, Object, Object, Object, Object, Object] @ https://crm.smarthiz.vn/main.7779000ecd52102b7ac0.js:0
[   29194ms] [WARNING] You don't have permission to use DEVTOOL!【type = 6】 @ https://crm.smarthiz.vn/main.7779000ecd52102b7ac0.js:0
[   29929ms] [LOG] JSHandle@node @ https://crm.smarthiz.vn/main.7779000ecd52102b7ac0.js:0
[   29930ms] [LOG] Fri Jul 17 2026 14:09:43 GMT+0700 (Indochina Time) @ https://crm.smarthiz.vn/main.7779000ecd52102b7ac0.js:0
[   29930ms] [LOG] function(){} @ https://crm.smarthiz.vn/main.7779000ecd52102b7ac0.js:0
[   29930ms] [TABLE] [Object, Object, Object, Object, Object, Object, Object, Object, Object, Object, Object, Object, Object, Object, Object, Object, Object, Object, Object, Object, Object, Object, Object, Object, Object, Object, Object, Object, Object, Object, Object, Object, Object, Object, Object, Object, Object, Object, Object, Object, Object, Object, Object, Object, Object, Object, Object, Object, Object, Object] @ https://crm.smarthiz.vn/main.7779000ecd52102b7ac0.js:0
[   29956ms] [LOG] [Object, Object, Object, Object, Object, Object, Object, Object, Object, Object, Object, Object, Object, Object, Object, Object, Object, Object, Object, Object, Object, Object, Object, Object, Object, Object, Object, Object, Object, Object, Object, Object, Object, Object, Object, Object, Object, Object, Object, Object, Object, Object, Object, Object, Object, Object, Object, Object, Object, Object] @ https://crm.smarthiz.vn/main.7779000ecd52102b7ac0.js:0
[   30429ms] [LOG] JSHandle@node @ https://crm.smarthiz.vn/main.7779000ecd52102b7ac0.js:0
[   30429ms] [LOG] Fri Jul 17 2026 14:09:43 GMT+0700 (Indochina Time) @ https://crm.smarthiz.vn/main.7779000ecd52102b7ac0.js:0
[   30429ms] [LOG] function(){} @ https://crm.smarthiz.vn/main.7779000ecd52102b7ac0.js:0
[   30430ms] [TABLE] [Object, Object, Object, Object, Object, Object, Object, Object, Object, Object, Object, Object, Object, Object, Object, Object, Object, Object, Object, Object, Object, Object, Object, Object, Object, Object, Object, Object, Object, Object, Object, Object, Object, Object, Object, Object, Object, Object, Object, Object, Object, Object, Object, Object, Object, Object, Object, Object, Object, Object] @ https://crm.smarthiz.vn/main.7779000ecd52102b7ac0.js:0
[   30451ms] [LOG] [Object, Object, Object, Object, Object, Object, Object, Object, Object, Object, Object, Object, Object, Object, Object, Object, Object, Object, Object, Object, Object, Object, Object, Object, Object, Object, Object, Object, Object, Object, Object, Object, Object, Object, Object, Object, Object, Object, Object, Object, Object, Object, Object, Object, Object, Object, Object, Object, Object, Object] @ https://crm.smarthiz.vn/main.7779000ecd52102b7ac0.js:0
[   30931ms] [LOG] JSHandle@node @ https://crm.smarthiz.vn/main.7779000ecd52102b7ac0.js:0
[   30931ms] [LOG] Fri Jul 17 2026 14:09:43 GMT+0700 (Indochina Time) @ https://crm.smarthiz.vn/main.7779000ecd52102b7ac0.js:0
[   30932ms] [LOG] function(){} @ https://crm.smarthiz.vn/main.7779000ecd52102b7ac0.js:0
[   30932ms] [TABLE] [Object, Object, Object, Object, Object, Object, Object, Object, Object, Object, Object, Object, Object, Object, Object, Object, Object, Object, Object, Object, Object, Object, Object, Object, Object, Object, Object, Object, Object, Object, Object, Object, Object, Object, Object, Object, Object, Object, Object, Object, Object, Object, Object, Object, Object, Object, Object, Object, Object, Object] @ https://crm.smarthiz.vn/main.7779000ecd52102b7ac0.js:0
[   30957ms] [LOG] [Object, Object, Object, Object, Object, Object, Object, Object, Object, Object, Object, Object, Object, Object, Object, Object, Object, Object, Object, Object, Object, Object, Object, Object, Object, Object, Object, Object, Object, Object, Object, Object, Object, Object, Object, Object, Object, Object, Object, Object, Object, Object, Object, Object, Object, Object, Object, Object, Object, Object] @ https://crm.smarthiz.vn/main.7779000ecd52102b7ac0.js:0
[   31430ms] [LOG] JSHandle@node @ https://crm.smarthiz.vn/main.7779000ecd52102b7ac0.js:0
[   31430ms] [LOG] Fri Jul 17 2026 14:09:43 GMT+0700 (Indochina Time) @ https://crm.smarthiz.vn/main.7779000ecd52102b7ac0.js:0
[   31431ms] [LOG] function(){} @ https://crm.smarthiz.vn/main.7779000ecd52102b7ac0.js:0
[   31431ms] [TABLE] [Object, Object, Object, Object, Object, Object, Object, Object, Object, Object, Object, Object, Object, Object, Object, Object, Object, Object, Object, Object, Object, Object, Object, Object, Object, Object, Object, Object, Object, Object, Object, Object, Object, Object, Object, Object, Object, Object, Object, Object, Object, Object, Object, Object, Object, Object, Object, Object, Object, Object] @ https://crm.smarthiz.vn/main.7779000ecd52102b7ac0.js:0
[   31453ms] [LOG] [Object, Object, Object, Object, Object, Object, Object, Object, Object, Object, Object, Object, Object, Object, Object, Object, Object, Object, Object, Object, Object, Object, Object, Object, Object, Object, Object, Object, Object, Object, Object, Object, Object, Object, Object, Object, Object, Object, Object, Object, Object, Object, Object, Object, Object, Object, Object, Object, Object, Object] @ https://crm.smarthiz.vn/main.7779000ecd52102b7ac0.js:0
[   31930ms] [LOG] JSHandle@node @ https://crm.smarthiz.vn/main.7779000ecd52102b7ac0.js:0
[   31930ms] [LOG] Fri Jul 17 2026 14:09:43 GMT+0700 (Indochina Time) @ https://crm.smarthiz.vn/main.7779000ecd52102b7ac0.js:0
[   31931ms] [LOG] function(){} @ https://crm.smarthiz.vn/main.7779000ecd52102b7ac0.js:0
[   31931ms] [TABLE] [Object, Object, Object, Object, Object, Object, Object, Object, Object, Object, Object, Object, Object, Object, Object, Object, Object, Object, Object, Object, Object, Object, Object, Object, Object, Object, Object, Object, Object, Object, Object, Object, Object, Object, Object, Object, Object, Object, Object, Object, Object, Object, Object, Object, Object, Object, Object, Object, Object, Object] @ https://crm.smarthiz.vn/main.7779000ecd52102b7ac0.js:0
[   31951ms] [LOG] [Object, Object, Object, Object, Object, Object, Object, Object, Object, Object, Object, Object, Object, Object, Object, Object, Object, Object, Object, Object, Object, Object, Object, Object, Object, Object, Object, Object, Object, Object, Object, Object, Object, Object, Object, Object, Object, Object, Object, Object, Object, Object, Object, Object, Object, Object, Object, Object, Object, Object] @ https://crm.smarthiz.vn/main.7779000ecd52102b7ac0.js:0
[   32437ms] [LOG] JSHandle@node @ https://crm.smarthiz.vn/main.7779000ecd52102b7ac0.js:0
[   32437ms] [LOG] Fri Jul 17 2026 14:09:43 GMT+0700 (Indochina Time) @ https://crm.smarthiz.vn/main.7779000ecd52102b7ac0.js:0
[   32437ms] [LOG] function(){} @ https://crm.smarthiz.vn/main.7779000ecd52102b7ac0.js:0
[   32437ms] [TABLE] [Object, Object, Object, Object, Object, Object, Object, Object, Object, Object, Object, Object, Object, Object, Object, Object, Object, Object, Object, Object, Object, Object, Object, Object, Object, Object, Object, Object, Object, Object, Object, Object, Object, Object, Object, Object, Object, Object, Object, Object, Object, Object, Object, Object, Object, Object, Object, Object, Object, Object] @ https://crm.smarthiz.vn/main.7779000ecd52102b7ac0.js:0
[   32458ms] [LOG] [Object, Object, Object, Object, Object, Object, Object, Object, Object, Object, Object, Object, Object, Object, Object, Object, Object, Object, Object, Object, Object, Object, Object, Object, Object, Object, Object, Object, Object, Object, Object, Object, Object, Object, Object, Object, Object, Object, Object, Object, Object, Object, Object, Object, Object, Object, Object, Object, Object, Object] @ https://crm.smarthiz.vn/main.7779000ecd52102b7ac0.js:0
[   32458ms] [WARNING] You don't have permission to use DEVTOOL!【type = 6】 @ https://crm.smarthiz.vn/main.7779000ecd52102b7ac0.js:0
[   33181ms] [LOG] JSHandle@node @ https://crm.smarthiz.vn/main.7779000ecd52102b7ac0.js:0
[   33182ms] [LOG] Fri Jul 17 2026 14:09:47 GMT+0700 (Indochina Time) @ https://crm.smarthiz.vn/main.7779000ecd52102b7ac0.js:0
[   33182ms] [LOG] function(){} @ https://crm.smarthiz.vn/main.7779000ecd52102b7ac0.js:0
[   33182ms] [TABLE] [Object, Object, Object, Object, Object, Object, Object, Object, Object, Object, Object, Object, Object, Object, Object, Object, Object, Object, Object, Object, Object, Object, Object, Object, Object, Object, Object, Object, Object, Object, Object, Object, Object, Object, Object, Object, Object, Object, Object, Object, Object, Object, Object, Object, Object, Object, Object, Object, Object, Object] @ https://crm.smarthiz.vn/main.7779000ecd52102b7ac0.js:0
[   33209ms] [LOG] [Object, Object, Object, Object, Object, Object, Object, Object, Object, Object, Object, Object, Object, Object, Object, Object, Object, Object, Object, Object, Object, Object, Object, Object, Object, Object, Object, Object, Object, Object, Object, Object, Object, Object, Object, Object, Object, Object, Object, Object, Object, Object, Object, Object, Object, Object, Object, Object, Object, Object] @ https://crm.smarthiz.vn/main.7779000ecd52102b7ac0.js:0
[   33679ms] [LOG] JSHandle@node @ https://crm.smarthiz.vn/main.7779000ecd52102b7ac0.js:0
[   33679ms] [LOG] Fri Jul 17 2026 14:09:47 GMT+0700 (Indochina Time) @ https://crm.smarthiz.vn/main.7779000ecd52102b7ac0.js:0
[   33680ms] [LOG] function(){} @ https://crm.smarthiz.vn/main.7779000ecd52102b7ac0.js:0
[   33680ms] [TABLE] [Object, Object, Object, Object, Object, Object, Object, Object, Object, Object, Object, Object, Object, Object, Object, Object, Object, Object, Object, Object, Object, Object, Object, Object, Object, Object, Object, Object, Object, Object, Object, Object, Object, Object, Object, Object, Object, Object, Object, Object, Object, Object, Object, Object, Object, Object, Object, Object, Object, Object] @ https://crm.smarthiz.vn/main.7779000ecd52102b7ac0.js:0
[   33703ms] [LOG] [Object, Object, Object, Object, Object, Object, Object, Object, Object, Object, Object, Object, Object, Object, Object, Object, Object, Object, Object, Object, Object, Object, Object, Object, Object, Object, Object, Object, Object, Object, Object, Object, Object, Object, Object, Object, Object, Object, Object, Object, Object, Object, Object, Object, Object, Object, Object, Object, Object, Object] @ https://crm.smarthiz.vn/main.7779000ecd52102b7ac0.js:0
[   34179ms] [LOG] JSHandle@node @ https://crm.smarthiz.vn/main.7779000ecd52102b7ac0.js:0
[   34179ms] [LOG] Fri Jul 17 2026 14:09:47 GMT+0700 (Indochina Time) @ https://crm.smarthiz.vn/main.7779000ecd52102b7ac0.js:0
[   34179ms] [LOG] function(){} @ https://crm.smarthiz.vn/main.7779000ecd52102b7ac0.js:0
[   34180ms] [TABLE] [Object, Object, Object, Object, Object, Object, Object, Object, Object, Object, Object, Object, Object, Object, Object, Object, Object, Object, Object, Object, Object, Object, Object, Object, Object, Object, Object, Object, Object, Object, Object, Object, Object, Object, Object, Object, Object, Object, Object, Object, Object, Object, Object, Object, Object, Object, Object, Object, Object, Object] @ https://crm.smarthiz.vn/main.7779000ecd52102b7ac0.js:0
[   34201ms] [LOG] [Object, Object, Object, Object, Object, Object, Object, Object, Object, Object, Object, Object, Object, Object, Object, Object, Object, Object, Object, Object, Object, Object, Object, Object, Object, Object, Object, Object, Object, Object, Object, Object, Object, Object, Object, Object, Object, Object, Object, Object, Object, Object, Object, Object, Object, Object, Object, Object, Object, Object] @ https://crm.smarthiz.vn/main.7779000ecd52102b7ac0.js:0
[   34679ms] [LOG] JSHandle@node @ https://crm.smarthiz.vn/main.7779000ecd52102b7ac0.js:0
[   34680ms] [LOG] Fri Jul 17 2026 14:09:47 GMT+0700 (Indochina Time) @ https://crm.smarthiz.vn/main.7779000ecd52102b7ac0.js:0
[   34680ms] [LOG] function(){} @ https://crm.smarthiz.vn/main.7779000ecd52102b7ac0.js:0
[   34680ms] [TABLE] [Object, Object, Object, Object, Object, Object, Object, Object, Object, Object, Object, Object, Object, Object, Object, Object, Object, Object, Object, Object, Object, Object, Object, Object, Object, Object, Object, Object, Object, Object, Object, Object, Object, Object, Object, Object, Object, Object, Object, Object, Object, Object, Object, Object, Object, Object, Object, Object, Object, Object] @ https://crm.smarthiz.vn/main.7779000ecd52102b7ac0.js:0
[   34701ms] [LOG] [Object, Object, Object, Object, Object, Object, Object, Object, Object, Object, Object, Object, Object, Object, Object, Object, Object, Object, Object, Object, Object, Object, Object, Object, Object, Object, Object, Object, Object, Object, Object, Object, Object, Object, Object, Object, Object, Object, Object, Object, Object, Object, Object, Object, Object, Object, Object, Object, Object, Object] @ https://crm.smarthiz.vn/main.7779000ecd52102b7ac0.js:0
[   35183ms] [LOG] JSHandle@node @ https://crm.smarthiz.vn/main.7779000ecd52102b7ac0.js:0
[   35183ms] [LOG] Fri Jul 17 2026 14:09:47 GMT+0700 (Indochina Time) @ https://crm.smarthiz.vn/main.7779000ecd52102b7ac0.js:0
[   35183ms] [LOG] function(){} @ https://crm.smarthiz.vn/main.7779000ecd52102b7ac0.js:0
[   35183ms] [TABLE] [Object, Object, Object, Object, Object, Object, Object, Object, Object, Object, Object, Object, Object, Object, Object, Object, Object, Object, Object, Object, Object, Object, Object, Object, Object, Object, Object, Object, Object, Object, Object, Object, Object, Object, Object, Object, Object, Object, Object, Object, Object, Object, Object, Object, Object, Object, Object, Object, Object, Object] @ https://crm.smarthiz.vn/main.7779000ecd52102b7ac0.js:0
[   35206ms] [LOG] [Object, Object, Object, Object, Object, Object, Object, Object, Object, Object, Object, Object, Object, Object, Object, Object, Object, Object, Object, Object, Object, Object, Object, Object, Object, Object, Object, Object, Object, Object, Object, Object, Object, Object, Object, Object, Object, Object, Object, Object, Object, Object, Object, Object, Object, Object, Object, Object, Object, Object] @ https://crm.smarthiz.vn/main.7779000ecd52102b7ac0.js:0
[   35206ms] [WARNING] You don't have permission to use DEVTOOL!【type = 6】 @ https://crm.smarthiz.vn/main.7779000ecd52102b7ac0.js:0
[   35933ms] [LOG] JSHandle@node @ https://crm.smarthiz.vn/main.7779000ecd52102b7ac0.js:0
[   35934ms] [LOG] Fri Jul 17 2026 14:09:49 GMT+0700 (Indochina Time) @ https://crm.smarthiz.vn/main.7779000ecd52102b7ac0.js:0
[   35934ms] [LOG] function(){} @ https://crm.smarthiz.vn/main.7779000ecd52102b7ac0.js:0
[   35934ms] [TABLE] [Object, Object, Object, Object, Object, Object, Object, Object, Object, Object, Object, Object, Object, Object, Object, Object, Object, Object, Object, Object, Object, Object, Object, Object, Object, Object, Object, Object, Object, Object, Object, Object, Object, Object, Object, Object, Object, Object, Object, Object, Object, Object, Object, Object, Object, Object, Object, Object, Object, Object] @ https://crm.smarthiz.vn/main.7779000ecd52102b7ac0.js:0
[   35961ms] [LOG] [Object, Object, Object, Object, Object, Object, Object, Object, Object, Object, Object, Object, Object, Object, Object, Object, Object, Object, Object, Object, Object, Object, Object, Object, Object, Object, Object, Object, Object, Object, Object, Object, Object, Object, Object, Object, Object, Object, Object, Object, Object, Object, Object, Object, Object, Object, Object, Object, Object, Object] @ https://crm.smarthiz.vn/main.7779000ecd52102b7ac0.js:0
[   36438ms] [LOG] JSHandle@node @ https://crm.smarthiz.vn/main.7779000ecd52102b7ac0.js:0
[   36438ms] [LOG] Fri Jul 17 2026 14:09:49 GMT+0700 (Indochina Time) @ https://crm.smarthiz.vn/main.7779000ecd52102b7ac0.js:0
[   36438ms] [LOG] function(){} @ https://crm.smarthiz.vn/main.7779000ecd52102b7ac0.js:0
[   36438ms] [TABLE] [Object, Object, Object, Object, Object, Object, Object, Object, Object, Object, Object, Object, Object, Object, Object, Object, Object, Object, Object, Object, Object, Object, Object, Object, Object, Object, Object, Object, Object, Object, Object, Object, Object, Object, Object, Object, Object, Object, Object, Object, Object, Object, Object, Object, Object, Object, Object, Object, Object, Object] @ https://crm.smarthiz.vn/main.7779000ecd52102b7ac0.js:0
[   36463ms] [LOG] [Object, Object, Object, Object, Object, Object, Object, Object, Object, Object, Object, Object, Object, Object, Object, Object, Object, Object, Object, Object, Object, Object, Object, Object, Object, Object, Object, Object, Object, Object, Object, Object, Object, Object, Object, Object, Object, Object, Object, Object, Object, Object, Object, Object, Object, Object, Object, Object, Object, Object] @ https://crm.smarthiz.vn/main.7779000ecd52102b7ac0.js:0
[   36463ms] [WARNING] You don't have permission to use DEVTOOL!【type = 6】 @ https://crm.smarthiz.vn/main.7779000ecd52102b7ac0.js:0
[   37114ms] [LOG] JSHandle@node @ https://crm.smarthiz.vn/main.7779000ecd52102b7ac0.js:0
[   37114ms] [LOG] Fri Jul 17 2026 14:09:51 GMT+0700 (Indochina Time) @ https://crm.smarthiz.vn/main.7779000ecd52102b7ac0.js:0
[   37114ms] [LOG] function(){} @ https://crm.smarthiz.vn/main.7779000ecd52102b7ac0.js:0
[   37114ms] [TABLE] [Object, Object, Object, Object, Object, Object, Object, Object, Object, Object, Object, Object, Object, Object, Object, Object, Object, Object, Object, Object, Object, Object, Object, Object, Object, Object, Object, Object, Object, Object, Object, Object, Object, Object, Object, Object, Object, Object, Object, Object, Object, Object, Object, Object, Object, Object, Object, Object, Object, Object] @ https://crm.smarthiz.vn/main.7779000ecd52102b7ac0.js:0
[   37141ms] [LOG] [Object, Object, Object, Object, Object, Object, Object, Object, Object, Object, Object, Object, Object, Object, Object, Object, Object, Object, Object, Object, Object, Object, Object, Object, Object, Object, Object, Object, Object, Object, Object, Object, Object, Object, Object, Object, Object, Object, Object, Object, Object, Object, Object, Object, Object, Object, Object, Object, Object, Object] @ https://crm.smarthiz.vn/main.7779000ecd52102b7ac0.js:0
[   37615ms] [LOG] JSHandle@node @ https://crm.smarthiz.vn/main.7779000ecd52102b7ac0.js:0
[   37615ms] [LOG] Fri Jul 17 2026 14:09:51 GMT+0700 (Indochina Time) @ https://crm.smarthiz.vn/main.7779000ecd52102b7ac0.js:0
[   37615ms] [LOG] function(){} @ https://crm.smarthiz.vn/main.7779000ecd52102b7ac0.js:0
[   37615ms] [TABLE] [Object, Object, Object, Object, Object, Object, Object, Object, Object, Object, Object, Object, Object, Object, Object, Object, Object, Object, Object, Object, Object, Object, Object, Object, Object, Object, Object, Object, Object, Object, Object, Object, Object, Object, Object, Object, Object, Object, Object, Object, Object, Object, Object, Object, Object, Object, Object, Object, Object, Object] @ https://crm.smarthiz.vn/main.7779000ecd52102b7ac0.js:0
[   37641ms] [LOG] [Object, Object, Object, Object, Object, Object, Object, Object, Object, Object, Object, Object, Object, Object, Object, Object, Object, Object, Object, Object, Object, Object, Object, Object, Object, Object, Object, Object, Object, Object, Object, Object, Object, Object, Object, Object, Object, Object, Object, Object, Object, Object, Object, Object, Object, Object, Object, Object, Object, Object] @ https://crm.smarthiz.vn/main.7779000ecd52102b7ac0.js:0
[   38115ms] [LOG] JSHandle@node @ https://crm.smarthiz.vn/main.7779000ecd52102b7ac0.js:0
[   38115ms] [LOG] Fri Jul 17 2026 14:09:51 GMT+0700 (Indochina Time) @ https://crm.smarthiz.vn/main.7779000ecd52102b7ac0.js:0
[   38115ms] [LOG] function(){} @ https://crm.smarthiz.vn/main.7779000ecd52102b7ac0.js:0
[   38115ms] [TABLE] [Object, Object, Object, Object, Object, Object, Object, Object, Object, Object, Object, Object, Object, Object, Object, Object, Object, Object, Object, Object, Object, Object, Object, Object, Object, Object, Object, Object, Object, Object, Object, Object, Object, Object, Object, Object, Object, Object, Object, Object, Object, Object, Object, Object, Object, Object, Object, Object, Object, Object] @ https://crm.smarthiz.vn/main.7779000ecd52102b7ac0.js:0
[   38140ms] [LOG] [Object, Object, Object, Object, Object, Object, Object, Object, Object, Object, Object, Object, Object, Object, Object, Object, Object, Object, Object, Object, Object, Object, Object, Object, Object, Object, Object, Object, Object, Object, Object, Object, Object, Object, Object, Object, Object, Object, Object, Object, Object, Object, Object, Object, Object, Object, Object, Object, Object, Object] @ https://crm.smarthiz.vn/main.7779000ecd52102b7ac0.js:0
[   38615ms] [LOG] JSHandle@node @ https://crm.smarthiz.vn/main.7779000ecd52102b7ac0.js:0
[   38615ms] [LOG] Fri Jul 17 2026 14:09:51 GMT+0700 (Indochina Time) @ https://crm.smarthiz.vn/main.7779000ecd52102b7ac0.js:0
[   38615ms] [LOG] function(){} @ https://crm.smarthiz.vn/main.7779000ecd52102b7ac0.js:0
[   38615ms] [TABLE] [Object, Object, Object, Object, Object, Object, Object, Object, Object, Object, Object, Object, Object, Object, Object, Object, Object, Object, Object, Object, Object, Object, Object, Object, Object, Object, Object, Object, Object, Object, Object, Object, Object, Object, Object, Object, Object, Object, Object, Object, Object, Object, Object, Object, Object, Object, Object, Object, Object, Object] @ https://crm.smarthiz.vn/main.7779000ecd52102b7ac0.js:0
[   38640ms] [LOG] [Object, Object, Object, Object, Object, Object, Object, Object, Object, Object, Object, Object, Object, Object, Object, Object, Object, Object, Object, Object, Object, Object, Object, Object, Object, Object, Object, Object, Object, Object, Object, Object, Object, Object, Object, Object, Object, Object, Object, Object, Object, Object, Object, Object, Object, Object, Object, Object, Object, Object] @ https://crm.smarthiz.vn/main.7779000ecd52102b7ac0.js:0
[   39108ms] [LOG] JSHandle@node @ https://crm.smarthiz.vn/main.7779000ecd52102b7ac0.js:0
[   39108ms] [LOG] Fri Jul 17 2026 14:09:51 GMT+0700 (Indochina Time) @ https://crm.smarthiz.vn/main.7779000ecd52102b7ac0.js:0
[   39108ms] [LOG] function(){} @ https://crm.smarthiz.vn/main.7779000ecd52102b7ac0.js:0
[   39108ms] [TABLE] [Object, Object, Object, Object, Object, Object, Object, Object, Object, Object, Object, Object, Object, Object, Object, Object, Object, Object, Object, Object, Object, Object, Object, Object, Object, Object, Object, Object, Object, Object, Object, Object, Object, Object, Object, Object, Object, Object, Object, Object, Object, Object, Object, Object, Object, Object, Object, Object, Object, Object] @ https://crm.smarthiz.vn/main.7779000ecd52102b7ac0.js:0
[   39135ms] [LOG] [Object, Object, Object, Object, Object, Object, Object, Object, Object, Object, Object, Object, Object, Object, Object, Object, Object, Object, Object, Object, Object, Object, Object, Object, Object, Object, Object, Object, Object, Object, Object, Object, Object, Object, Object, Object, Object, Object, Object, Object, Object, Object, Object, Object, Object, Object, Object, Object, Object, Object] @ https://crm.smarthiz.vn/main.7779000ecd52102b7ac0.js:0
[   39615ms] [LOG] JSHandle@node @ https://crm.smarthiz.vn/main.7779000ecd52102b7ac0.js:0
[   39615ms] [LOG] Fri Jul 17 2026 14:09:51 GMT+0700 (Indochina Time) @ https://crm.smarthiz.vn/main.7779000ecd52102b7ac0.js:0
[   39616ms] [LOG] function(){} @ https://crm.smarthiz.vn/main.7779000ecd52102b7ac0.js:0
[   39616ms] [TABLE] [Object, Object, Object, Object, Object, Object, Object, Object, Object, Object, Object, Object, Object, Object, Object, Object, Object, Object, Object, Object, Object, Object, Object, Object, Object, Object, Object, Object, Object, Object, Object, Object, Object, Object, Object, Object, Object, Object, Object, Object, Object, Object, Object, Object, Object, Object, Object, Object, Object, Object] @ https://crm.smarthiz.vn/main.7779000ecd52102b7ac0.js:0
[   39641ms] [LOG] [Object, Object, Object, Object, Object, Object, Object, Object, Object, Object, Object, Object, Object, Object, Object, Object, Object, Object, Object, Object, Object, Object, Object, Object, Object, Object, Object, Object, Object, Object, Object, Object, Object, Object, Object, Object, Object, Object, Object, Object, Object, Object, Object, Object, Object, Object, Object, Object, Object, Object] @ https://crm.smarthiz.vn/main.7779000ecd52102b7ac0.js:0
[   40119ms] [LOG] JSHandle@node @ https://crm.smarthiz.vn/main.7779000ecd52102b7ac0.js:0
[   40119ms] [LOG] Fri Jul 17 2026 14:09:51 GMT+0700 (Indochina Time) @ https://crm.smarthiz.vn/main.7779000ecd52102b7ac0.js:0
[   40120ms] [LOG] function(){} @ https://crm.smarthiz.vn/main.7779000ecd52102b7ac0.js:0
[   40120ms] [TABLE] [Object, Object, Object, Object, Object, Object, Object, Object, Object, Object, Object, Object, Object, Object, Object, Object, Object, Object, Object, Object, Object, Object, Object, Object, Object, Object, Object, Object, Object, Object, Object, Object, Object, Object, Object, Object, Object, Object, Object, Object, Object, Object, Object, Object, Object, Object, Object, Object, Object, Object] @ https://crm.smarthiz.vn/main.7779000ecd52102b7ac0.js:0
[   40143ms] [LOG] [Object, Object, Object, Object, Object, Object, Object, Object, Object, Object, Object, Object, Object, Object, Object, Object, Object, Object, Object, Object, Object, Object, Object, Object, Object, Object, Object, Object, Object, Object, Object, Object, Object, Object, Object, Object, Object, Object, Object, Object, Object, Object, Object, Object, Object, Object, Object, Object, Object, Object] @ https://crm.smarthiz.vn/main.7779000ecd52102b7ac0.js:0
[   40614ms] [LOG] JSHandle@node @ https://crm.smarthiz.vn/main.7779000ecd52102b7ac0.js:0
[   40614ms] [LOG] Fri Jul 17 2026 14:09:51 GMT+0700 (Indochina Time) @ https://crm.smarthiz.vn/main.7779000ecd52102b7ac0.js:0
[   40614ms] [LOG] function(){} @ https://crm.smarthiz.vn/main.7779000ecd52102b7ac0.js:0
[   40614ms] [TABLE] [Object, Object, Object, Object, Object, Object, Object, Object, Object, Object, Object, Object, Object, Object, Object, Object, Object, Object, Object, Object, Object, Object, Object, Object, Object, Object, Object, Object, Object, Object, Object, Object, Object, Object, Object, Object, Object, Object, Object, Object, Object, Object, Object, Object, Object, Object, Object, Object, Object, Object] @ https://crm.smarthiz.vn/main.7779000ecd52102b7ac0.js:0
[   40638ms] [LOG] [Object, Object, Object, Object, Object, Object, Object, Object, Object, Object, Object, Object, Object, Object, Object, Object, Object, Object, Object, Object, Object, Object, Object, Object, Object, Object, Object, Object, Object, Object, Object, Object, Object, Object, Object, Object, Object, Object, Object, Object, Object, Object, Object, Object, Object, Object, Object, Object, Object, Object] @ https://crm.smarthiz.vn/main.7779000ecd52102b7ac0.js:0
[   41116ms] [LOG] JSHandle@node @ https://crm.smarthiz.vn/main.7779000ecd52102b7ac0.js:0
[   41116ms] [LOG] Fri Jul 17 2026 14:09:51 GMT+0700 (Indochina Time) @ https://crm.smarthiz.vn/main.7779000ecd52102b7ac0.js:0
[   41116ms] [LOG] function(){} @ https://crm.smarthiz.vn/main.7779000ecd52102b7ac0.js:0
[   41116ms] [TABLE] [Object, Object, Object, Object, Object, Object, Object, Object, Object, Object, Object, Object, Object, Object, Object, Object, Object, Object, Object, Object, Object, Object, Object, Object, Object, Object, Object, Object, Object, Object, Object, Object, Object, Object, Object, Object, Object, Object, Object, Object, Object, Object, Object, Object, Object, Object, Object, Object, Object, Object] @ https://crm.smarthiz.vn/main.7779000ecd52102b7ac0.js:0
[   41138ms] [LOG] [Object, Object, Object, Object, Object, Object, Object, Object, Object, Object, Object, Object, Object, Object, Object, Object, Object, Object, Object, Object, Object, Object, Object, Object, Object, Object, Object, Object, Object, Object, Object, Object, Object, Object, Object, Object, Object, Object, Object, Object, Object, Object, Object, Object, Object, Object, Object, Object, Object, Object] @ https://crm.smarthiz.vn/main.7779000ecd52102b7ac0.js:0
[   41607ms] [LOG] JSHandle@node @ https://crm.smarthiz.vn/main.7779000ecd52102b7ac0.js:0
[   41608ms] [LOG] Fri Jul 17 2026 14:09:51 GMT+0700 (Indochina Time) @ https://crm.smarthiz.vn/main.7779000ecd52102b7ac0.js:0
[   41608ms] [LOG] function(){} @ https://crm.smarthiz.vn/main.7779000ecd52102b7ac0.js:0
[   41608ms] [TABLE] [Object, Object, Object, Object, Object, Object, Object, Object, Object, Object, Object, Object, Object, Object, Object, Object, Object, Object, Object, Object, Object, Object, Object, Object, Object, Object, Object, Object, Object, Object, Object, Object, Object, Object, Object, Object, Object, Object, Object, Object, Object, Object, Object, Object, Object, Object, Object, Object, Object, Object] @ https://crm.smarthiz.vn/main.7779000ecd52102b7ac0.js:0
[   41630ms] [LOG] [Object, Object, Object, Object, Object, Object, Object, Object, Object, Object, Object, Object, Object, Object, Object, Object, Object, Object, Object, Object, Object, Object, Object, Object, Object, Object, Object, Object, Object, Object, Object, Object, Object, Object, Object, Object, Object, Object, Object, Object, Object, Object, Object, Object, Object, Object, Object, Object, Object, Object] @ https://crm.smarthiz.vn/main.7779000ecd52102b7ac0.js:0
[   42113ms] [LOG] JSHandle@node @ https://crm.smarthiz.vn/main.7779000ecd52102b7ac0.js:0
[   42113ms] [LOG] Fri Jul 17 2026 14:09:51 GMT+0700 (Indochina Time) @ https://crm.smarthiz.vn/main.7779000ecd52102b7ac0.js:0
[   42114ms] [LOG] function(){} @ https://crm.smarthiz.vn/main.7779000ecd52102b7ac0.js:0
[   42114ms] [TABLE] [Object, Object, Object, Object, Object, Object, Object, Object, Object, Object, Object, Object, Object, Object, Object, Object, Object, Object, Object, Object, Object, Object, Object, Object, Object, Object, Object, Object, Object, Object, Object, Object, Object, Object, Object, Object, Object, Object, Object, Object, Object, Object, Object, Object, Object, Object, Object, Object, Object, Object] @ https://crm.smarthiz.vn/main.7779000ecd52102b7ac0.js:0
[   42135ms] [LOG] [Object, Object, Object, Object, Object, Object, Object, Object, Object, Object, Object, Object, Object, Object, Object, Object, Object, Object, Object, Object, Object, Object, Object, Object, Object, Object, Object, Object, Object, Object, Object, Object, Object, Object, Object, Object, Object, Object, Object, Object, Object, Object, Object, Object, Object, Object, Object, Object, Object, Object] @ https://crm.smarthiz.vn/main.7779000ecd52102b7ac0.js:0
[   42618ms] [LOG] JSHandle@node @ https://crm.smarthiz.vn/main.7779000ecd52102b7ac0.js:0
[   42618ms] [LOG] Fri Jul 17 2026 14:09:51 GMT+0700 (Indochina Time) @ https://crm.smarthiz.vn/main.7779000ecd52102b7ac0.js:0
[   42618ms] [LOG] function(){} @ https://crm.smarthiz.vn/main.7779000ecd52102b7ac0.js:0
[   42618ms] [TABLE] [Object, Object, Object, Object, Object, Object, Object, Object, Object, Object, Object, Object, Object, Object, Object, Object, Object, Object, Object, Object, Object, Object, Object, Object, Object, Object, Object, Object, Object, Object, Object, Object, Object, Object, Object, Object, Object, Object, Object, Object, Object, Object, Object, Object, Object, Object, Object, Object, Object, Object] @ https://crm.smarthiz.vn/main.7779000ecd52102b7ac0.js:0
[   42640ms] [LOG] [Object, Object, Object, Object, Object, Object, Object, Object, Object, Object, Object, Object, Object, Object, Object, Object, Object, Object, Object, Object, Object, Object, Object, Object, Object, Object, Object, Object, Object, Object, Object, Object, Object, Object, Object, Object, Object, Object, Object, Object, Object, Object, Object, Object, Object, Object, Object, Object, Object, Object] @ https://crm.smarthiz.vn/main.7779000ecd52102b7ac0.js:0
[   43112ms] [LOG] JSHandle@node @ https://crm.smarthiz.vn/main.7779000ecd52102b7ac0.js:0
[   43112ms] [LOG] Fri Jul 17 2026 14:09:51 GMT+0700 (Indochina Time) @ https://crm.smarthiz.vn/main.7779000ecd52102b7ac0.js:0
[   43112ms] [LOG] function(){} @ https://crm.smarthiz.vn/main.7779000ecd52102b7ac0.js:0
[   43113ms] [TABLE] [Object, Object, Object, Object, Object, Object, Object, Object, Object, Object, Object, Object, Object, Object, Object, Object, Object, Object, Object, Object, Object, Object, Object, Object, Object, Object, Object, Object, Object, Object, Object, Object, Object, Object, Object, Object, Object, Object, Object, Object, Object, Object, Object, Object, Object, Object, Object, Object, Object, Object] @ https://crm.smarthiz.vn/main.7779000ecd52102b7ac0.js:0
[   43134ms] [LOG] [Object, Object, Object, Object, Object, Object, Object, Object, Object, Object, Object, Object, Object, Object, Object, Object, Object, Object, Object, Object, Object, Object, Object, Object, Object, Object, Object, Object, Object, Object, Object, Object, Object, Object, Object, Object, Object, Object, Object, Object, Object, Object, Object, Object, Object, Object, Object, Object, Object, Object] @ https://crm.smarthiz.vn/main.7779000ecd52102b7ac0.js:0
[   43608ms] [LOG] JSHandle@node @ https://crm.smarthiz.vn/main.7779000ecd52102b7ac0.js:0
[   43608ms] [LOG] Fri Jul 17 2026 14:09:51 GMT+0700 (Indochina Time) @ https://crm.smarthiz.vn/main.7779000ecd52102b7ac0.js:0
[   43609ms] [LOG] function(){} @ https://crm.smarthiz.vn/main.7779000ecd52102b7ac0.js:0
[   43609ms] [TABLE] [Object, Object, Object, Object, Object, Object, Object, Object, Object, Object, Object, Object, Object, Object, Object, Object, Object, Object, Object, Object, Object, Object, Object, Object, Object, Object, Object, Object, Object, Object, Object, Object, Object, Object, Object, Object, Object, Object, Object, Object, Object, Object, Object, Object, Object, Object, Object, Object, Object, Object] @ https://crm.smarthiz.vn/main.7779000ecd52102b7ac0.js:0
[   43633ms] [LOG] [Object, Object, Object, Object, Object, Object, Object, Object, Object, Object, Object, Object, Object, Object, Object, Object, Object, Object, Object, Object, Object, Object, Object, Object, Object, Object, Object, Object, Object, Object, Object, Object, Object, Object, Object, Object, Object, Object, Object, Object, Object, Object, Object, Object, Object, Object, Object, Object, Object, Object] @ https://crm.smarthiz.vn/main.7779000ecd52102b7ac0.js:0
[   44110ms] [LOG] JSHandle@node @ https://crm.smarthiz.vn/main.7779000ecd52102b7ac0.js:0
[   44110ms] [LOG] Fri Jul 17 2026 14:09:51 GMT+0700 (Indochina Time) @ https://crm.smarthiz.vn/main.7779000ecd52102b7ac0.js:0
[   44110ms] [LOG] function(){} @ https://crm.smarthiz.vn/main.7779000ecd52102b7ac0.js:0
[   44110ms] [TABLE] [Object, Object, Object, Object, Object, Object, Object, Object, Object, Object, Object, Object, Object, Object, Object, Object, Object, Object, Object, Object, Object, Object, Object, Object, Object, Object, Object, Object, Object, Object, Object, Object, Object, Object, Object, Object, Object, Object, Object, Object, Object, Object, Object, Object, Object, Object, Object, Object, Object, Object] @ https://crm.smarthiz.vn/main.7779000ecd52102b7ac0.js:0
[   44131ms] [LOG] [Object, Object, Object, Object, Object, Object, Object, Object, Object, Object, Object, Object, Object, Object, Object, Object, Object, Object, Object, Object, Object, Object, Object, Object, Object, Object, Object, Object, Object, Object, Object, Object, Object, Object, Object, Object, Object, Object, Object, Object, Object, Object, Object, Object, Object, Object, Object, Object, Object, Object] @ https://crm.smarthiz.vn/main.7779000ecd52102b7ac0.js:0
[   44131ms] [WARNING] You don't have permission to use DEVTOOL!【type = 6】 @ https://crm.smarthiz.vn/main.7779000ecd52102b7ac0.js:0
[   44858ms] [LOG] JSHandle@node @ https://crm.smarthiz.vn/main.7779000ecd52102b7ac0.js:0
[   44859ms] [LOG] Fri Jul 17 2026 14:09:58 GMT+0700 (Indochina Time) @ https://crm.smarthiz.vn/main.7779000ecd52102b7ac0.js:0
[   44859ms] [LOG] function(){} @ https://crm.smarthiz.vn/main.7779000ecd52102b7ac0.js:0
[   44859ms] [TABLE] [Object, Object, Object, Object, Object, Object, Object, Object, Object, Object, Object, Object, Object, Object, Object, Object, Object, Object, Object, Object, Object, Object, Object, Object, Object, Object, Object, Object, Object, Object, Object, Object, Object, Object, Object, Object, Object, Object, Object, Object, Object, Object, Object, Object, Object, Object, Object, Object, Object, Object] @ https://crm.smarthiz.vn/main.7779000ecd52102b7ac0.js:0
[   44887ms] [LOG] [Object, Object, Object, Object, Object, Object, Object, Object, Object, Object, Object, Object, Object, Object, Object, Object, Object, Object, Object, Object, Object, Object, Object, Object, Object, Object, Object, Object, Object, Object, Object, Object, Object, Object, Object, Object, Object, Object, Object, Object, Object, Object, Object, Object, Object, Object, Object, Object, Object, Object] @ https://crm.smarthiz.vn/main.7779000ecd52102b7ac0.js:0
[   44887ms] [WARNING] You don't have permission to use DEVTOOL!【type = 6】 @ https://crm.smarthiz.vn/main.7779000ecd52102b7ac0.js:0
[   45532ms] [LOG] JSHandle@node @ https://crm.smarthiz.vn/main.7779000ecd52102b7ac0.js:0
[   45532ms] [LOG] Fri Jul 17 2026 14:09:59 GMT+0700 (Indochina Time) @ https://crm.smarthiz.vn/main.7779000ecd52102b7ac0.js:0
[   45532ms] [LOG] function(){} @ https://crm.smarthiz.vn/main.7779000ecd52102b7ac0.js:0
[   45532ms] [TABLE] [Object, Object, Object, Object, Object, Object, Object, Object, Object, Object, Object, Object, Object, Object, Object, Object, Object, Object, Object, Object, Object, Object, Object, Object, Object, Object, Object, Object, Object, Object, Object, Object, Object, Object, Object, Object, Object, Object, Object, Object, Object, Object, Object, Object, Object, Object, Object, Object, Object, Object] @ https://crm.smarthiz.vn/main.7779000ecd52102b7ac0.js:0
[   45556ms] [LOG] [Object, Object, Object, Object, Object, Object, Object, Object, Object, Object, Object, Object, Object, Object, Object, Object, Object, Object, Object, Object, Object, Object, Object, Object, Object, Object, Object, Object, Object, Object, Object, Object, Object, Object, Object, Object, Object, Object, Object, Object, Object, Object, Object, Object, Object, Object, Object, Object, Object, Object] @ https://crm.smarthiz.vn/main.7779000ecd52102b7ac0.js:0
[   46037ms] [LOG] JSHandle@node @ https://crm.smarthiz.vn/main.7779000ecd52102b7ac0.js:0
[   46038ms] [LOG] Fri Jul 17 2026 14:09:59 GMT+0700 (Indochina Time) @ https://crm.smarthiz.vn/main.7779000ecd52102b7ac0.js:0
[   46038ms] [LOG] function(){} @ https://crm.smarthiz.vn/main.7779000ecd52102b7ac0.js:0
[   46038ms] [TABLE] [Object, Object, Object, Object, Object, Object, Object, Object, Object, Object, Object, Object, Object, Object, Object, Object, Object, Object, Object, Object, Object, Object, Object, Object, Object, Object, Object, Object, Object, Object, Object, Object, Object, Object, Object, Object, Object, Object, Object, Object, Object, Object, Object, Object, Object, Object, Object, Object, Object, Object] @ https://crm.smarthiz.vn/main.7779000ecd52102b7ac0.js:0
[   46062ms] [LOG] [Object, Object, Object, Object, Object, Object, Object, Object, Object, Object, Object, Object, Object, Object, Object, Object, Object, Object, Object, Object, Object, Object, Object, Object, Object, Object, Object, Object, Object, Object, Object, Object, Object, Object, Object, Object, Object, Object, Object, Object, Object, Object, Object, Object, Object, Object, Object, Object, Object, Object] @ https://crm.smarthiz.vn/main.7779000ecd52102b7ac0.js:0
[   46533ms] [LOG] JSHandle@node @ https://crm.smarthiz.vn/main.7779000ecd52102b7ac0.js:0
[   46533ms] [LOG] Fri Jul 17 2026 14:09:59 GMT+0700 (Indochina Time) @ https://crm.smarthiz.vn/main.7779000ecd52102b7ac0.js:0
[   46534ms] [LOG] function(){} @ https://crm.smarthiz.vn/main.7779000ecd52102b7ac0.js:0
[   46534ms] [TABLE] [Object, Object, Object, Object, Object, Object, Object, Object, Object, Object, Object, Object, Object, Object, Object, Object, Object, Object, Object, Object, Object, Object, Object, Object, Object, Object, Object, Object, Object, Object, Object, Object, Object, Object, Object, Object, Object, Object, Object, Object, Object, Object, Object, Object, Object, Object, Object, Object, Object, Object] @ https://crm.smarthiz.vn/main.7779000ecd52102b7ac0.js:0
[   46556ms] [LOG] [Object, Object, Object, Object, Object, Object, Object, Object, Object, Object, Object, Object, Object, Object, Object, Object, Object, Object, Object, Object, Object, Object, Object, Object, Object, Object, Object, Object, Object, Object, Object, Object, Object, Object, Object, Object, Object, Object, Object, Object, Object, Object, Object, Object, Object, Object, Object, Object, Object, Object] @ https://crm.smarthiz.vn/main.7779000ecd52102b7ac0.js:0
[   47037ms] [LOG] JSHandle@node @ https://crm.smarthiz.vn/main.7779000ecd52102b7ac0.js:0
[   47037ms] [LOG] Fri Jul 17 2026 14:09:59 GMT+0700 (Indochina Time) @ https://crm.smarthiz.vn/main.7779000ecd52102b7ac0.js:0
[   47037ms] [LOG] function(){} @ https://crm.smarthiz.vn/main.7779000ecd52102b7ac0.js:0
[   47037ms] [TABLE] [Object, Object, Object, Object, Object, Object, Object, Object, Object, Object, Object, Object, Object, Object, Object, Object, Object, Object, Object, Object, Object, Object, Object, Object, Object, Object, Object, Object, Object, Object, Object, Object, Object, Object, Object, Object, Object, Object, Object, Object, Object, Object, Object, Object, Object, Object, Object, Object, Object, Object] @ https://crm.smarthiz.vn/main.7779000ecd52102b7ac0.js:0
[   47059ms] [LOG] [Object, Object, Object, Object, Object, Object, Object, Object, Object, Object, Object, Object, Object, Object, Object, Object, Object, Object, Object, Object, Object, Object, Object, Object, Object, Object, Object, Object, Object, Object, Object, Object, Object, Object, Object, Object, Object, Object, Object, Object, Object, Object, Object, Object, Object, Object, Object, Object, Object, Object] @ https://crm.smarthiz.vn/main.7779000ecd52102b7ac0.js:0
[   47534ms] [LOG] JSHandle@node @ https://crm.smarthiz.vn/main.7779000ecd52102b7ac0.js:0
[   47535ms] [LOG] Fri Jul 17 2026 14:09:59 GMT+0700 (Indochina Time) @ https://crm.smarthiz.vn/main.7779000ecd52102b7ac0.js:0
[   47535ms] [LOG] function(){} @ https://crm.smarthiz.vn/main.7779000ecd52102b7ac0.js:0
[   47535ms] [TABLE] [Object, Object, Object, Object, Object, Object, Object, Object, Object, Object, Object, Object, Object, Object, Object, Object, Object, Object, Object, Object, Object, Object, Object, Object, Object, Object, Object, Object, Object, Object, Object, Object, Object, Object, Object, Object, Object, Object, Object, Object, Object, Object, Object, Object, Object, Object, Object, Object, Object, Object] @ https://crm.smarthiz.vn/main.7779000ecd52102b7ac0.js:0
[   47558ms] [LOG] [Object, Object, Object, Object, Object, Object, Object, Object, Object, Object, Object, Object, Object, Object, Object, Object, Object, Object, Object, Object, Object, Object, Object, Object, Object, Object, Object, Object, Object, Object, Object, Object, Object, Object, Object, Object, Object, Object, Object, Object, Object, Object, Object, Object, Object, Object, Object, Object, Object, Object] @ https://crm.smarthiz.vn/main.7779000ecd52102b7ac0.js:0
[   47558ms] [WARNING] You don't have permission to use DEVTOOL!【type = 6】 @ https://crm.smarthiz.vn/main.7779000ecd52102b7ac0.js:0
[   48311ms] [LOG] JSHandle@node @ https://crm.smarthiz.vn/main.7779000ecd52102b7ac0.js:0
[   48312ms] [LOG] Fri Jul 17 2026 14:10:02 GMT+0700 (Indochina Time) @ https://crm.smarthiz.vn/main.7779000ecd52102b7ac0.js:0
[   48312ms] [LOG] function(){} @ https://crm.smarthiz.vn/main.7779000ecd52102b7ac0.js:0
[   48312ms] [TABLE] [Object, Object, Object, Object, Object, Object, Object, Object, Object, Object, Object, Object, Object, Object, Object, Object, Object, Object, Object, Object, Object, Object, Object, Object, Object, Object, Object, Object, Object, Object, Object, Object, Object, Object, Object, Object, Object, Object, Object, Object, Object, Object, Object, Object, Object, Object, Object, Object, Object, Object] @ https://crm.smarthiz.vn/main.7779000ecd52102b7ac0.js:0
[   48337ms] [LOG] [Object, Object, Object, Object, Object, Object, Object, Object, Object, Object, Object, Object, Object, Object, Object, Object, Object, Object, Object, Object, Object, Object, Object, Object, Object, Object, Object, Object, Object, Object, Object, Object, Object, Object, Object, Object, Object, Object, Object, Object, Object, Object, Object, Object, Object, Object, Object, Object, Object, Object] @ https://crm.smarthiz.vn/main.7779000ecd52102b7ac0.js:0
[   48337ms] [WARNING] You don't have permission to use DEVTOOL!【type = 6】 @ https://crm.smarthiz.vn/main.7779000ecd52102b7ac0.js:0
[   48984ms] [LOG] JSHandle@node @ https://crm.smarthiz.vn/main.7779000ecd52102b7ac0.js:0
[   48985ms] [LOG] Fri Jul 17 2026 14:10:02 GMT+0700 (Indochina Time) @ https://crm.smarthiz.vn/main.7779000ecd52102b7ac0.js:0
[   48985ms] [LOG] function(){} @ https://crm.smarthiz.vn/main.7779000ecd52102b7ac0.js:0
[   48985ms] [TABLE] [Object, Object, Object, Object, Object, Object, Object, Object, Object, Object, Object, Object, Object, Object, Object, Object, Object, Object, Object, Object, Object, Object, Object, Object, Object, Object, Object, Object, Object, Object, Object, Object, Object, Object, Object, Object, Object, Object, Object, Object, Object, Object, Object, Object, Object, Object, Object, Object, Object, Object] @ https://crm.smarthiz.vn/main.7779000ecd52102b7ac0.js:0
[   49011ms] [LOG] [Object, Object, Object, Object, Object, Object, Object, Object, Object, Object, Object, Object, Object, Object, Object, Object, Object, Object, Object, Object, Object, Object, Object, Object, Object, Object, Object, Object, Object, Object, Object, Object, Object, Object, Object, Object, Object, Object, Object, Object, Object, Object, Object, Object, Object, Object, Object, Object, Object, Object] @ https://crm.smarthiz.vn/main.7779000ecd52102b7ac0.js:0
[   49486ms] [LOG] JSHandle@node @ https://crm.smarthiz.vn/main.7779000ecd52102b7ac0.js:0
[   49486ms] [LOG] Fri Jul 17 2026 14:10:02 GMT+0700 (Indochina Time) @ https://crm.smarthiz.vn/main.7779000ecd52102b7ac0.js:0
[   49486ms] [LOG] function(){} @ https://crm.smarthiz.vn/main.7779000ecd52102b7ac0.js:0
[   49486ms] [TABLE] [Object, Object, Object, Object, Object, Object, Object, Object, Object, Object, Object, Object, Object, Object, Object, Object, Object, Object, Object, Object, Object, Object, Object, Object, Object, Object, Object, Object, Object, Object, Object, Object, Object, Object, Object, Object, Object, Object, Object, Object, Object, Object, Object, Object, Object, Object, Object, Object, Object, Object] @ https://crm.smarthiz.vn/main.7779000ecd52102b7ac0.js:0
[   49512ms] [LOG] [Object, Object, Object, Object, Object, Object, Object, Object, Object, Object, Object, Object, Object, Object, Object, Object, Object, Object, Object, Object, Object, Object, Object, Object, Object, Object, Object, Object, Object, Object, Object, Object, Object, Object, Object, Object, Object, Object, Object, Object, Object, Object, Object, Object, Object, Object, Object, Object, Object, Object] @ https://crm.smarthiz.vn/main.7779000ecd52102b7ac0.js:0
[   49988ms] [LOG] JSHandle@node @ https://crm.smarthiz.vn/main.7779000ecd52102b7ac0.js:0
[   49989ms] [LOG] Fri Jul 17 2026 14:10:02 GMT+0700 (Indochina Time) @ https://crm.smarthiz.vn/main.7779000ecd52102b7ac0.js:0
[   49989ms] [LOG] function(){} @ https://crm.smarthiz.vn/main.7779000ecd52102b7ac0.js:0
[   49989ms] [TABLE] [Object, Object, Object, Object, Object, Object, Object, Object, Object, Object, Object, Object, Object, Object, Object, Object, Object, Object, Object, Object, Object, Object, Object, Object, Object, Object, Object, Object, Object, Object, Object, Object, Object, Object, Object, Object, Object, Object, Object, Object, Object, Object, Object, Object, Object, Object, Object, Object, Object, Object] @ https://crm.smarthiz.vn/main.7779000ecd52102b7ac0.js:0
[   50010ms] [LOG] [Object, Object, Object, Object, Object, Object, Object, Object, Object, Object, Object, Object, Object, Object, Object, Object, Object, Object, Object, Object, Object, Object, Object, Object, Object, Object, Object, Object, Object, Object, Object, Object, Object, Object, Object, Object, Object, Object, Object, Object, Object, Object, Object, Object, Object, Object, Object, Object, Object, Object] @ https://crm.smarthiz.vn/main.7779000ecd52102b7ac0.js:0
[   50488ms] [LOG] JSHandle@node @ https://crm.smarthiz.vn/main.7779000ecd52102b7ac0.js:0
[   50489ms] [LOG] Fri Jul 17 2026 14:10:02 GMT+0700 (Indochina Time) @ https://crm.smarthiz.vn/main.7779000ecd52102b7ac0.js:0
[   50489ms] [LOG] function(){} @ https://crm.smarthiz.vn/main.7779000ecd52102b7ac0.js:0
[   50489ms] [TABLE] [Object, Object, Object, Object, Object, Object, Object, Object, Object, Object, Object, Object, Object, Object, Object, Object, Object, Object, Object, Object, Object, Object, Object, Object, Object, Object, Object, Object, Object, Object, Object, Object, Object, Object, Object, Object, Object, Object, Object, Object, Object, Object, Object, Object, Object, Object, Object, Object, Object, Object] @ https://crm.smarthiz.vn/main.7779000ecd52102b7ac0.js:0
[   50513ms] [LOG] [Object, Object, Object, Object, Object, Object, Object, Object, Object, Object, Object, Object, Object, Object, Object, Object, Object, Object, Object, Object, Object, Object, Object, Object, Object, Object, Object, Object, Object, Object, Object, Object, Object, Object, Object, Object, Object, Object, Object, Object, Object, Object, Object, Object, Object, Object, Object, Object, Object, Object] @ https://crm.smarthiz.vn/main.7779000ecd52102b7ac0.js:0
[   50989ms] [LOG] JSHandle@node @ https://crm.smarthiz.vn/main.7779000ecd52102b7ac0.js:0
[   50989ms] [LOG] Fri Jul 17 2026 14:10:02 GMT+0700 (Indochina Time) @ https://crm.smarthiz.vn/main.7779000ecd52102b7ac0.js:0
[   50989ms] [LOG] function(){} @ https://crm.smarthiz.vn/main.7779000ecd52102b7ac0.js:0
[   50989ms] [TABLE] [Object, Object, Object, Object, Object, Object, Object, Object, Object, Object, Object, Object, Object, Object, Object, Object, Object, Object, Object, Object, Object, Object, Object, Object, Object, Object, Object, Object, Object, Object, Object, Object, Object, Object, Object, Object, Object, Object, Object, Object, Object, Object, Object, Object, Object, Object, Object, Object, Object, Object] @ https://crm.smarthiz.vn/main.7779000ecd52102b7ac0.js:0
[   51017ms] [LOG] [Object, Object, Object, Object, Object, Object, Object, Object, Object, Object, Object, Object, Object, Object, Object, Object, Object, Object, Object, Object, Object, Object, Object, Object, Object, Object, Object, Object, Object, Object, Object, Object, Object, Object, Object, Object, Object, Object, Object, Object, Object, Object, Object, Object, Object, Object, Object, Object, Object, Object] @ https://crm.smarthiz.vn/main.7779000ecd52102b7ac0.js:0
[   51017ms] [WARNING] You don't have permission to use DEVTOOL!【type = 6】 @ https://crm.smarthiz.vn/main.7779000ecd52102b7ac0.js:0
[   51744ms] [LOG] JSHandle@node @ https://crm.smarthiz.vn/main.7779000ecd52102b7ac0.js:0
[   51744ms] [LOG] Fri Jul 17 2026 14:10:05 GMT+0700 (Indochina Time) @ https://crm.smarthiz.vn/main.7779000ecd52102b7ac0.js:0
[   51744ms] [LOG] function(){} @ https://crm.smarthiz.vn/main.7779000ecd52102b7ac0.js:0
[   51744ms] [TABLE] [Object, Object, Object, Object, Object, Object, Object, Object, Object, Object, Object, Object, Object, Object, Object, Object, Object, Object, Object, Object, Object, Object, Object, Object, Object, Object, Object, Object, Object, Object, Object, Object, Object, Object, Object, Object, Object, Object, Object, Object, Object, Object, Object, Object, Object, Object, Object, Object, Object, Object] @ https://crm.smarthiz.vn/main.7779000ecd52102b7ac0.js:0
[   51771ms] [LOG] [Object, Object, Object, Object, Object, Object, Object, Object, Object, Object, Object, Object, Object, Object, Object, Object, Object, Object, Object, Object, Object, Object, Object, Object, Object, Object, Object, Object, Object, Object, Object, Object, Object, Object, Object, Object, Object, Object, Object, Object, Object, Object, Object, Object, Object, Object, Object, Object, Object, Object] @ https://crm.smarthiz.vn/main.7779000ecd52102b7ac0.js:0
[   52248ms] [LOG] JSHandle@node @ https://crm.smarthiz.vn/main.7779000ecd52102b7ac0.js:0
[   52248ms] [LOG] Fri Jul 17 2026 14:10:05 GMT+0700 (Indochina Time) @ https://crm.smarthiz.vn/main.7779000ecd52102b7ac0.js:0
[   52248ms] [LOG] function(){} @ https://crm.smarthiz.vn/main.7779000ecd52102b7ac0.js:0
[   52248ms] [TABLE] [Object, Object, Object, Object, Object, Object, Object, Object, Object, Object, Object, Object, Object, Object, Object, Object, Object, Object, Object, Object, Object, Object, Object, Object, Object, Object, Object, Object, Object, Object, Object, Object, Object, Object, Object, Object, Object, Object, Object, Object, Object, Object, Object, Object, Object, Object, Object, Object, Object, Object] @ https://crm.smarthiz.vn/main.7779000ecd52102b7ac0.js:0
[   52271ms] [LOG] [Object, Object, Object, Object, Object, Object, Object, Object, Object, Object, Object, Object, Object, Object, Object, Object, Object, Object, Object, Object, Object, Object, Object, Object, Object, Object, Object, Object, Object, Object, Object, Object, Object, Object, Object, Object, Object, Object, Object, Object, Object, Object, Object, Object, Object, Object, Object, Object, Object, Object] @ https://crm.smarthiz.vn/main.7779000ecd52102b7ac0.js:0
[   52748ms] [LOG] JSHandle@node @ https://crm.smarthiz.vn/main.7779000ecd52102b7ac0.js:0
[   52748ms] [LOG] Fri Jul 17 2026 14:10:05 GMT+0700 (Indochina Time) @ https://crm.smarthiz.vn/main.7779000ecd52102b7ac0.js:0
[   52748ms] [LOG] function(){} @ https://crm.smarthiz.vn/main.7779000ecd52102b7ac0.js:0
[   52748ms] [TABLE] [Object, Object, Object, Object, Object, Object, Object, Object, Object, Object, Object, Object, Object, Object, Object, Object, Object, Object, Object, Object, Object, Object, Object, Object, Object, Object, Object, Object, Object, Object, Object, Object, Object, Object, Object, Object, Object, Object, Object, Object, Object, Object, Object, Object, Object, Object, Object, Object, Object, Object] @ https://crm.smarthiz.vn/main.7779000ecd52102b7ac0.js:0
[   52770ms] [LOG] [Object, Object, Object, Object, Object, Object, Object, Object, Object, Object, Object, Object, Object, Object, Object, Object, Object, Object, Object, Object, Object, Object, Object, Object, Object, Object, Object, Object, Object, Object, Object, Object, Object, Object, Object, Object, Object, Object, Object, Object, Object, Object, Object, Object, Object, Object, Object, Object, Object, Object] @ https://crm.smarthiz.vn/main.7779000ecd52102b7ac0.js:0
[   52770ms] [WARNING] You don't have permission to use DEVTOOL!【type = 6】 @ https://crm.smarthiz.vn/main.7779000ecd52102b7ac0.js:0
[   53505ms] [LOG] JSHandle@node @ https://crm.smarthiz.vn/main.7779000ecd52102b7ac0.js:0
[   53505ms] [LOG] Fri Jul 17 2026 14:10:07 GMT+0700 (Indochina Time) @ https://crm.smarthiz.vn/main.7779000ecd52102b7ac0.js:0
[   53506ms] [LOG] function(){} @ https://crm.smarthiz.vn/main.7779000ecd52102b7ac0.js:0
[   53506ms] [TABLE] [Object, Object, Object, Object, Object, Object, Object, Object, Object, Object, Object, Object, Object, Object, Object, Object, Object, Object, Object, Object, Object, Object, Object, Object, Object, Object, Object, Object, Object, Object, Object, Object, Object, Object, Object, Object, Object, Object, Object, Object, Object, Object, Object, Object, Object, Object, Object, Object, Object, Object] @ https://crm.smarthiz.vn/main.7779000ecd52102b7ac0.js:0
[   53532ms] [LOG] [Object, Object, Object, Object, Object, Object, Object, Object, Object, Object, Object, Object, Object, Object, Object, Object, Object, Object, Object, Object, Object, Object, Object, Object, Object, Object, Object, Object, Object, Object, Object, Object, Object, Object, Object, Object, Object, Object, Object, Object, Object, Object, Object, Object, Object, Object, Object, Object, Object, Object] @ https://crm.smarthiz.vn/main.7779000ecd52102b7ac0.js:0
[   54003ms] [LOG] JSHandle@node @ https://crm.smarthiz.vn/main.7779000ecd52102b7ac0.js:0
[   54003ms] [LOG] Fri Jul 17 2026 14:10:07 GMT+0700 (Indochina Time) @ https://crm.smarthiz.vn/main.7779000ecd52102b7ac0.js:0
[   54003ms] [LOG] function(){} @ https://crm.smarthiz.vn/main.7779000ecd52102b7ac0.js:0
[   54004ms] [TABLE] [Object, Object, Object, Object, Object, Object, Object, Object, Object, Object, Object, Object, Object, Object, Object, Object, Object, Object, Object, Object, Object, Object, Object, Object, Object, Object, Object, Object, Object, Object, Object, Object, Object, Object, Object, Object, Object, Object, Object, Object, Object, Object, Object, Object, Object, Object, Object, Object, Object, Object] @ https://crm.smarthiz.vn/main.7779000ecd52102b7ac0.js:0
[   54028ms] [LOG] [Object, Object, Object, Object, Object, Object, Object, Object, Object, Object, Object, Object, Object, Object, Object, Object, Object, Object, Object, Object, Object, Object, Object, Object, Object, Object, Object, Object, Object, Object, Object, Object, Object, Object, Object, Object, Object, Object, Object, Object, Object, Object, Object, Object, Object, Object, Object, Object, Object, Object] @ https://crm.smarthiz.vn/main.7779000ecd52102b7ac0.js:0
[   54506ms] [LOG] JSHandle@node @ https://crm.smarthiz.vn/main.7779000ecd52102b7ac0.js:0
[   54507ms] [LOG] Fri Jul 17 2026 14:10:07 GMT+0700 (Indochina Time) @ https://crm.smarthiz.vn/main.7779000ecd52102b7ac0.js:0
[   54507ms] [LOG] function(){} @ https://crm.smarthiz.vn/main.7779000ecd52102b7ac0.js:0
[   54507ms] [TABLE] [Object, Object, Object, Object, Object, Object, Object, Object, Object, Object, Object, Object, Object, Object, Object, Object, Object, Object, Object, Object, Object, Object, Object, Object, Object, Object, Object, Object, Object, Object, Object, Object, Object, Object, Object, Object, Object, Object, Object, Object, Object, Object, Object, Object, Object, Object, Object, Object, Object, Object] @ https://crm.smarthiz.vn/main.7779000ecd52102b7ac0.js:0
[   54530ms] [LOG] [Object, Object, Object, Object, Object, Object, Object, Object, Object, Object, Object, Object, Object, Object, Object, Object, Object, Object, Object, Object, Object, Object, Object, Object, Object, Object, Object, Object, Object, Object, Object, Object, Object, Object, Object, Object, Object, Object, Object, Object, Object, Object, Object, Object, Object, Object, Object, Object, Object, Object] @ https://crm.smarthiz.vn/main.7779000ecd52102b7ac0.js:0
[   54530ms] [WARNING] You don't have permission to use DEVTOOL!【type = 6】 @ https://crm.smarthiz.vn/main.7779000ecd52102b7ac0.js:0
[   55256ms] [LOG] JSHandle@node @ https://crm.smarthiz.vn/main.7779000ecd52102b7ac0.js:0
[   55256ms] [LOG] Fri Jul 17 2026 14:10:09 GMT+0700 (Indochina Time) @ https://crm.smarthiz.vn/main.7779000ecd52102b7ac0.js:0
[   55256ms] [LOG] function(){} @ https://crm.smarthiz.vn/main.7779000ecd52102b7ac0.js:0
[   55256ms] [TABLE] [Object, Object, Object, Object, Object, Object, Object, Object, Object, Object, Object, Object, Object, Object, Object, Object, Object, Object, Object, Object, Object, Object, Object, Object, Object, Object, Object, Object, Object, Object, Object, Object, Object, Object, Object, Object, Object, Object, Object, Object, Object, Object, Object, Object, Object, Object, Object, Object, Object, Object] @ https://crm.smarthiz.vn/main.7779000ecd52102b7ac0.js:0
[   55279ms] [LOG] [Object, Object, Object, Object, Object, Object, Object, Object, Object, Object, Object, Object, Object, Object, Object, Object, Object, Object, Object, Object, Object, Object, Object, Object, Object, Object, Object, Object, Object, Object, Object, Object, Object, Object, Object, Object, Object, Object, Object, Object, Object, Object, Object, Object, Object, Object, Object, Object, Object, Object] @ https://crm.smarthiz.vn/main.7779000ecd52102b7ac0.js:0
[   55754ms] [LOG] JSHandle@node @ https://crm.smarthiz.vn/main.7779000ecd52102b7ac0.js:0
[   55755ms] [LOG] Fri Jul 17 2026 14:10:09 GMT+0700 (Indochina Time) @ https://crm.smarthiz.vn/main.7779000ecd52102b7ac0.js:0
[   55755ms] [LOG] function(){} @ https://crm.smarthiz.vn/main.7779000ecd52102b7ac0.js:0
[   55755ms] [TABLE] [Object, Object, Object, Object, Object, Object, Object, Object, Object, Object, Object, Object, Object, Object, Object, Object, Object, Object, Object, Object, Object, Object, Object, Object, Object, Object, Object, Object, Object, Object, Object, Object, Object, Object, Object, Object, Object, Object, Object, Object, Object, Object, Object, Object, Object, Object, Object, Object, Object, Object] @ https://crm.smarthiz.vn/main.7779000ecd52102b7ac0.js:0
[   55782ms] [LOG] [Object, Object, Object, Object, Object, Object, Object, Object, Object, Object, Object, Object, Object, Object, Object, Object, Object, Object, Object, Object, Object, Object, Object, Object, Object, Object, Object, Object, Object, Object, Object, Object, Object, Object, Object, Object, Object, Object, Object, Object, Object, Object, Object, Object, Object, Object, Object, Object, Object, Object] @ https://crm.smarthiz.vn/main.7779000ecd52102b7ac0.js:0
[   56257ms] [LOG] JSHandle@node @ https://crm.smarthiz.vn/main.7779000ecd52102b7ac0.js:0
[   56257ms] [LOG] Fri Jul 17 2026 14:10:09 GMT+0700 (Indochina Time) @ https://crm.smarthiz.vn/main.7779000ecd52102b7ac0.js:0
[   56257ms] [LOG] function(){} @ https://crm.smarthiz.vn/main.7779000ecd52102b7ac0.js:0
[   56258ms] [TABLE] [Object, Object, Object, Object, Object, Object, Object, Object, Object, Object, Object, Object, Object, Object, Object, Object, Object, Object, Object, Object, Object, Object, Object, Object, Object, Object, Object, Object, Object, Object, Object, Object, Object, Object, Object, Object, Object, Object, Object, Object, Object, Object, Object, Object, Object, Object, Object, Object, Object, Object] @ https://crm.smarthiz.vn/main.7779000ecd52102b7ac0.js:0
[   56279ms] [LOG] [Object, Object, Object, Object, Object, Object, Object, Object, Object, Object, Object, Object, Object, Object, Object, Object, Object, Object, Object, Object, Object, Object, Object, Object, Object, Object, Object, Object, Object, Object, Object, Object, Object, Object, Object, Object, Object, Object, Object, Object, Object, Object, Object, Object, Object, Object, Object, Object, Object, Object] @ https://crm.smarthiz.vn/main.7779000ecd52102b7ac0.js:0
[   56756ms] [LOG] JSHandle@node @ https://crm.smarthiz.vn/main.7779000ecd52102b7ac0.js:0
[   56756ms] [LOG] Fri Jul 17 2026 14:10:09 GMT+0700 (Indochina Time) @ https://crm.smarthiz.vn/main.7779000ecd52102b7ac0.js:0
[   56756ms] [LOG] function(){} @ https://crm.smarthiz.vn/main.7779000ecd52102b7ac0.js:0
[   56756ms] [TABLE] [Object, Object, Object, Object, Object, Object, Object, Object, Object, Object, Object, Object, Object, Object, Object, Object, Object, Object, Object, Object, Object, Object, Object, Object, Object, Object, Object, Object, Object, Object, Object, Object, Object, Object, Object, Object, Object, Object, Object, Object, Object, Object, Object, Object, Object, Object, Object, Object, Object, Object] @ https://crm.smarthiz.vn/main.7779000ecd52102b7ac0.js:0
[   56781ms] [LOG] [Object, Object, Object, Object, Object, Object, Object, Object, Object, Object, Object, Object, Object, Object, Object, Object, Object, Object, Object, Object, Object, Object, Object, Object, Object, Object, Object, Object, Object, Object, Object, Object, Object, Object, Object, Object, Object, Object, Object, Object, Object, Object, Object, Object, Object, Object, Object, Object, Object, Object] @ https://crm.smarthiz.vn/main.7779000ecd52102b7ac0.js:0
[   56781ms] [WARNING] You don't have permission to use DEVTOOL!【type = 6】 @ https://crm.smarthiz.vn/main.7779000ecd52102b7ac0.js:0
[   57426ms] [LOG] JSHandle@node @ https://crm.smarthiz.vn/main.7779000ecd52102b7ac0.js:0
[   57426ms] [LOG] Fri Jul 17 2026 14:10:11 GMT+0700 (Indochina Time) @ https://crm.smarthiz.vn/main.7779000ecd52102b7ac0.js:0
[   57427ms] [LOG] function(){} @ https://crm.smarthiz.vn/main.7779000ecd52102b7ac0.js:0
[   57427ms] [TABLE] [Object, Object, Object, Object, Object, Object, Object, Object, Object, Object, Object, Object, Object, Object, Object, Object, Object, Object, Object, Object, Object, Object, Object, Object, Object, Object, Object, Object, Object, Object, Object, Object, Object, Object, Object, Object, Object, Object, Object, Object, Object, Object, Object, Object, Object, Object, Object, Object, Object, Object] @ https://crm.smarthiz.vn/main.7779000ecd52102b7ac0.js:0
[   57451ms] [LOG] [Object, Object, Object, Object, Object, Object, Object, Object, Object, Object, Object, Object, Object, Object, Object, Object, Object, Object, Object, Object, Object, Object, Object, Object, Object, Object, Object, Object, Object, Object, Object, Object, Object, Object, Object, Object, Object, Object, Object, Object, Object, Object, Object, Object, Object, Object, Object, Object, Object, Object] @ https://crm.smarthiz.vn/main.7779000ecd52102b7ac0.js:0
[   57925ms] [LOG] JSHandle@node @ https://crm.smarthiz.vn/main.7779000ecd52102b7ac0.js:0
[   57926ms] [LOG] Fri Jul 17 2026 14:10:11 GMT+0700 (Indochina Time) @ https://crm.smarthiz.vn/main.7779000ecd52102b7ac0.js:0
[   57926ms] [LOG] function(){} @ https://crm.smarthiz.vn/main.7779000ecd52102b7ac0.js:0
[   57926ms] [TABLE] [Object, Object, Object, Object, Object, Object, Object, Object, Object, Object, Object, Object, Object, Object, Object, Object, Object, Object, Object, Object, Object, Object, Object, Object, Object, Object, Object, Object, Object, Object, Object, Object, Object, Object, Object, Object, Object, Object, Object, Object, Object, Object, Object, Object, Object, Object, Object, Object, Object, Object] @ https://crm.smarthiz.vn/main.7779000ecd52102b7ac0.js:0
[   57950ms] [LOG] [Object, Object, Object, Object, Object, Object, Object, Object, Object, Object, Object, Object, Object, Object, Object, Object, Object, Object, Object, Object, Object, Object, Object, Object, Object, Object, Object, Object, Object, Object, Object, Object, Object, Object, Object, Object, Object, Object, Object, Object, Object, Object, Object, Object, Object, Object, Object, Object, Object, Object] @ https://crm.smarthiz.vn/main.7779000ecd52102b7ac0.js:0
[   58437ms] [LOG] JSHandle@node @ https://crm.smarthiz.vn/main.7779000ecd52102b7ac0.js:0
[   58437ms] [LOG] Fri Jul 17 2026 14:10:11 GMT+0700 (Indochina Time) @ https://crm.smarthiz.vn/main.7779000ecd52102b7ac0.js:0
[   58437ms] [LOG] function(){} @ https://crm.smarthiz.vn/main.7779000ecd52102b7ac0.js:0
[   58438ms] [TABLE] [Object, Object, Object, Object, Object, Object, Object, Object, Object, Object, Object, Object, Object, Object, Object, Object, Object, Object, Object, Object, Object, Object, Object, Object, Object, Object, Object, Object, Object, Object, Object, Object, Object, Object, Object, Object, Object, Object, Object, Object, Object, Object, Object, Object, Object, Object, Object, Object, Object, Object] @ https://crm.smarthiz.vn/main.7779000ecd52102b7ac0.js:0
[   58462ms] [LOG] [Object, Object, Object, Object, Object, Object, Object, Object, Object, Object, Object, Object, Object, Object, Object, Object, Object, Object, Object, Object, Object, Object, Object, Object, Object, Object, Object, Object, Object, Object, Object, Object, Object, Object, Object, Object, Object, Object, Object, Object, Object, Object, Object, Object, Object, Object, Object, Object, Object, Object] @ https://crm.smarthiz.vn/main.7779000ecd52102b7ac0.js:0
[   58462ms] [WARNING] You don't have permission to use DEVTOOL!【type = 6】 @ https://crm.smarthiz.vn/main.7779000ecd52102b7ac0.js:0
[   59208ms] [LOG] JSHandle@node @ https://crm.smarthiz.vn/main.7779000ecd52102b7ac0.js:0
[   59208ms] [LOG] Fri Jul 17 2026 14:10:13 GMT+0700 (Indochina Time) @ https://crm.smarthiz.vn/main.7779000ecd52102b7ac0.js:0
[   59208ms] [LOG] function(){} @ https://crm.smarthiz.vn/main.7779000ecd52102b7ac0.js:0
[   59208ms] [TABLE] [Object, Object, Object, Object, Object, Object, Object, Object, Object, Object, Object, Object, Object, Object, Object, Object, Object, Object, Object, Object, Object, Object, Object, Object, Object, Object, Object, Object, Object, Object, Object, Object, Object, Object, Object, Object, Object, Object, Object, Object, Object, Object, Object, Object, Object, Object, Object, Object, Object, Object] @ https://crm.smarthiz.vn/main.7779000ecd52102b7ac0.js:0
[   59231ms] [LOG] [Object, Object, Object, Object, Object, Object, Object, Object, Object, Object, Object, Object, Object, Object, Object, Object, Object, Object, Object, Object, Object, Object, Object, Object, Object, Object, Object, Object, Object, Object, Object, Object, Object, Object, Object, Object, Object, Object, Object, Object, Object, Object, Object, Object, Object, Object, Object, Object, Object, Object] @ https://crm.smarthiz.vn/main.7779000ecd52102b7ac0.js:0
[   59231ms] [WARNING] You don't have permission to use DEVTOOL!【type = 6】 @ https://crm.smarthiz.vn/main.7779000ecd52102b7ac0.js:0
[   59958ms] [LOG] JSHandle@node @ https://crm.smarthiz.vn/main.7779000ecd52102b7ac0.js:0
[   59959ms] [LOG] Fri Jul 17 2026 14:10:13 GMT+0700 (Indochina Time) @ https://crm.smarthiz.vn/main.7779000ecd52102b7ac0.js:0
[   59959ms] [LOG] function(){} @ https://crm.smarthiz.vn/main.7779000ecd52102b7ac0.js:0
[   59959ms] [TABLE] [Object, Object, Object, Object, Object, Object, Object, Object, Object, Object, Object, Object, Object, Object, Object, Object, Object, Object, Object, Object, Object, Object, Object, Object, Object, Object, Object, Object, Object, Object, Object, Object, Object, Object, Object, Object, Object, Object, Object, Object, Object, Object, Object, Object, Object, Object, Object, Object, Object, Object] @ https://crm.smarthiz.vn/main.7779000ecd52102b7ac0.js:0
[   59982ms] [LOG] [Object, Object, Object, Object, Object, Object, Object, Object, Object, Object, Object, Object, Object, Object, Object, Object, Object, Object, Object, Object, Object, Object, Object, Object, Object, Object, Object, Object, Object, Object, Object, Object, Object, Object, Object, Object, Object, Object, Object, Object, Object, Object, Object, Object, Object, Object, Object, Object, Object, Object] @ https://crm.smarthiz.vn/main.7779000ecd52102b7ac0.js:0
[   59982ms] [WARNING] You don't have permission to use DEVTOOL!【type = 6】 @ https://crm.smarthiz.vn/main.7779000ecd52102b7ac0.js:0
[   60648ms] [LOG] JSHandle@node @ https://crm.smarthiz.vn/main.7779000ecd52102b7ac0.js:0
[   60649ms] [LOG] Fri Jul 17 2026 14:10:14 GMT+0700 (Indochina Time) @ https://crm.smarthiz.vn/main.7779000ecd52102b7ac0.js:0
[   60649ms] [LOG] function(){} @ https://crm.smarthiz.vn/main.7779000ecd52102b7ac0.js:0
[   60649ms] [TABLE] [Object, Object, Object, Object, Object, Object, Object, Object, Object, Object, Object, Object, Object, Object, Object, Object, Object, Object, Object, Object, Object, Object, Object, Object, Object, Object, Object, Object, Object, Object, Object, Object, Object, Object, Object, Object, Object, Object, Object, Object, Object, Object, Object, Object, Object, Object, Object, Object, Object, Object] @ https://crm.smarthiz.vn/main.7779000ecd52102b7ac0.js:0
[   60673ms] [LOG] [Object, Object, Object, Object, Object, Object, Object, Object, Object, Object, Object, Object, Object, Object, Object, Object, Object, Object, Object, Object, Object, Object, Object, Object, Object, Object, Object, Object, Object, Object, Object, Object, Object, Object, Object, Object, Object, Object, Object, Object, Object, Object, Object, Object, Object, Object, Object, Object, Object, Object] @ https://crm.smarthiz.vn/main.7779000ecd52102b7ac0.js:0
[   61143ms] [LOG] JSHandle@node @ https://crm.smarthiz.vn/main.7779000ecd52102b7ac0.js:0
[   61143ms] [LOG] Fri Jul 17 2026 14:10:14 GMT+0700 (Indochina Time) @ https://crm.smarthiz.vn/main.7779000ecd52102b7ac0.js:0
[   61143ms] [LOG] function(){} @ https://crm.smarthiz.vn/main.7779000ecd52102b7ac0.js:0
[   61143ms] [TABLE] [Object, Object, Object, Object, Object, Object, Object, Object, Object, Object, Object, Object, Object, Object, Object, Object, Object, Object, Object, Object, Object, Object, Object, Object, Object, Object, Object, Object, Object, Object, Object, Object, Object, Object, Object, Object, Object, Object, Object, Object, Object, Object, Object, Object, Object, Object, Object, Object, Object, Object] @ https://crm.smarthiz.vn/main.7779000ecd52102b7ac0.js:0
[   61167ms] [LOG] [Object, Object, Object, Object, Object, Object, Object, Object, Object, Object, Object, Object, Object, Object, Object, Object, Object, Object, Object, Object, Object, Object, Object, Object, Object, Object, Object, Object, Object, Object, Object, Object, Object, Object, Object, Object, Object, Object, Object, Object, Object, Object, Object, Object, Object, Object, Object, Object, Object, Object] @ https://crm.smarthiz.vn/main.7779000ecd52102b7ac0.js:0
[   61169ms] [WARNING] You don't have permission to use DEVTOOL!【type = 6】 @ https://crm.smarthiz.vn/main.7779000ecd52102b7ac0.js:0
[   61904ms] [LOG] JSHandle@node @ https://crm.smarthiz.vn/main.7779000ecd52102b7ac0.js:0
[   61904ms] [LOG] Fri Jul 17 2026 14:10:15 GMT+0700 (Indochina Time) @ https://crm.smarthiz.vn/main.7779000ecd52102b7ac0.js:0
[   61904ms] [LOG] function(){} @ https://crm.smarthiz.vn/main.7779000ecd52102b7ac0.js:0
[   61904ms] [TABLE] [Object, Object, Object, Object, Object, Object, Object, Object, Object, Object, Object, Object, Object, Object, Object, Object, Object, Object, Object, Object, Object, Object, Object, Object, Object, Object, Object, Object, Object, Object, Object, Object, Object, Object, Object, Object, Object, Object, Object, Object, Object, Object, Object, Object, Object, Object, Object, Object, Object, Object] @ https://crm.smarthiz.vn/main.7779000ecd52102b7ac0.js:0
[   61928ms] [LOG] [Object, Object, Object, Object, Object, Object, Object, Object, Object, Object, Object, Object, Object, Object, Object, Object, Object, Object, Object, Object, Object, Object, Object, Object, Object, Object, Object, Object, Object, Object, Object, Object, Object, Object, Object, Object, Object, Object, Object, Object, Object, Object, Object, Object, Object, Object, Object, Object, Object, Object] @ https://crm.smarthiz.vn/main.7779000ecd52102b7ac0.js:0
[   61928ms] [WARNING] You don't have permission to use DEVTOOL!【type = 6】 @ https://crm.smarthiz.vn/main.7779000ecd52102b7ac0.js:0
[   62570ms] [LOG] JSHandle@node @ https://crm.smarthiz.vn/main.7779000ecd52102b7ac0.js:0
[   62570ms] [LOG] Fri Jul 17 2026 14:10:16 GMT+0700 (Indochina Time) @ https://crm.smarthiz.vn/main.7779000ecd52102b7ac0.js:0
[   62571ms] [LOG] function(){} @ https://crm.smarthiz.vn/main.7779000ecd52102b7ac0.js:0
[   62571ms] [TABLE] [Object, Object, Object, Object, Object, Object, Object, Object, Object, Object, Object, Object, Object, Object, Object, Object, Object, Object, Object, Object, Object, Object, Object, Object, Object, Object, Object, Object, Object, Object, Object, Object, Object, Object, Object, Object, Object, Object, Object, Object, Object, Object, Object, Object, Object, Object, Object, Object, Object, Object] @ https://crm.smarthiz.vn/main.7779000ecd52102b7ac0.js:0
[   62593ms] [LOG] [Object, Object, Object, Object, Object, Object, Object, Object, Object, Object, Object, Object, Object, Object, Object, Object, Object, Object, Object, Object, Object, Object, Object, Object, Object, Object, Object, Object, Object, Object, Object, Object, Object, Object, Object, Object, Object, Object, Object, Object, Object, Object, Object, Object, Object, Object, Object, Object, Object, Object] @ https://crm.smarthiz.vn/main.7779000ecd52102b7ac0.js:0
[   63071ms] [LOG] JSHandle@node @ https://crm.smarthiz.vn/main.7779000ecd52102b7ac0.js:0
[   63071ms] [LOG] Fri Jul 17 2026 14:10:16 GMT+0700 (Indochina Time) @ https://crm.smarthiz.vn/main.7779000ecd52102b7ac0.js:0
[   63071ms] [LOG] function(){} @ https://crm.smarthiz.vn/main.7779000ecd52102b7ac0.js:0
[   63071ms] [TABLE] [Object, Object, Object, Object, Object, Object, Object, Object, Object, Object, Object, Object, Object, Object, Object, Object, Object, Object, Object, Object, Object, Object, Object, Object, Object, Object, Object, Object, Object, Object, Object, Object, Object, Object, Object, Object, Object, Object, Object, Object, Object, Object, Object, Object, Object, Object, Object, Object, Object, Object] @ https://crm.smarthiz.vn/main.7779000ecd52102b7ac0.js:0
[   63094ms] [LOG] [Object, Object, Object, Object, Object, Object, Object, Object, Object, Object, Object, Object, Object, Object, Object, Object, Object, Object, Object, Object, Object, Object, Object, Object, Object, Object, Object, Object, Object, Object, Object, Object, Object, Object, Object, Object, Object, Object, Object, Object, Object, Object, Object, Object, Object, Object, Object, Object, Object, Object] @ https://crm.smarthiz.vn/main.7779000ecd52102b7ac0.js:0
[   63094ms] [WARNING] You don't have permission to use DEVTOOL!【type = 6】 @ https://crm.smarthiz.vn/main.7779000ecd52102b7ac0.js:0
[   63741ms] [LOG] JSHandle@node @ https://crm.smarthiz.vn/main.7779000ecd52102b7ac0.js:0
[   63741ms] [LOG] Fri Jul 17 2026 14:10:17 GMT+0700 (Indochina Time) @ https://crm.smarthiz.vn/main.7779000ecd52102b7ac0.js:0
[   63741ms] [LOG] function(){} @ https://crm.smarthiz.vn/main.7779000ecd52102b7ac0.js:0
[   63741ms] [TABLE] [Object, Object, Object, Object, Object, Object, Object, Object, Object, Object, Object, Object, Object, Object, Object, Object, Object, Object, Object, Object, Object, Object, Object, Object, Object, Object, Object, Object, Object, Object, Object, Object, Object, Object, Object, Object, Object, Object, Object, Object, Object, Object, Object, Object, Object, Object, Object, Object, Object, Object] @ https://crm.smarthiz.vn/main.7779000ecd52102b7ac0.js:0
[   63766ms] [LOG] [Object, Object, Object, Object, Object, Object, Object, Object, Object, Object, Object, Object, Object, Object, Object, Object, Object, Object, Object, Object, Object, Object, Object, Object, Object, Object, Object, Object, Object, Object, Object, Object, Object, Object, Object, Object, Object, Object, Object, Object, Object, Object, Object, Object, Object, Object, Object, Object, Object, Object] @ https://crm.smarthiz.vn/main.7779000ecd52102b7ac0.js:0
[   63766ms] [WARNING] You don't have permission to use DEVTOOL!【type = 6】 @ https://crm.smarthiz.vn/main.7779000ecd52102b7ac0.js:0
[   64411ms] [LOG] JSHandle@node @ https://crm.smarthiz.vn/main.7779000ecd52102b7ac0.js:0
[   64411ms] [LOG] Fri Jul 17 2026 14:10:18 GMT+0700 (Indochina Time) @ https://crm.smarthiz.vn/main.7779000ecd52102b7ac0.js:0
[   64411ms] [LOG] function(){} @ https://crm.smarthiz.vn/main.7779000ecd52102b7ac0.js:0
[   64411ms] [TABLE] [Object, Object, Object, Object, Object, Object, Object, Object, Object, Object, Object, Object, Object, Object, Object, Object, Object, Object, Object, Object, Object, Object, Object, Object, Object, Object, Object, Object, Object, Object, Object, Object, Object, Object, Object, Object, Object, Object, Object, Object, Object, Object, Object, Object, Object, Object, Object, Object, Object, Object] @ https://crm.smarthiz.vn/main.7779000ecd52102b7ac0.js:0
[   64435ms] [LOG] [Object, Object, Object, Object, Object, Object, Object, Object, Object, Object, Object, Object, Object, Object, Object, Object, Object, Object, Object, Object, Object, Object, Object, Object, Object, Object, Object, Object, Object, Object, Object, Object, Object, Object, Object, Object, Object, Object, Object, Object, Object, Object, Object, Object, Object, Object, Object, Object, Object, Object] @ https://crm.smarthiz.vn/main.7779000ecd52102b7ac0.js:0
[   64908ms] [LOG] JSHandle@node @ https://crm.smarthiz.vn/main.7779000ecd52102b7ac0.js:0
[   64908ms] [LOG] Fri Jul 17 2026 14:10:18 GMT+0700 (Indochina Time) @ https://crm.smarthiz.vn/main.7779000ecd52102b7ac0.js:0
[   64908ms] [LOG] function(){} @ https://crm.smarthiz.vn/main.7779000ecd52102b7ac0.js:0
[   64908ms] [TABLE] [Object, Object, Object, Object, Object, Object, Object, Object, Object, Object, Object, Object, Object, Object, Object, Object, Object, Object, Object, Object, Object, Object, Object, Object, Object, Object, Object, Object, Object, Object, Object, Object, Object, Object, Object, Object, Object, Object, Object, Object, Object, Object, Object, Object, Object, Object, Object, Object, Object, Object] @ https://crm.smarthiz.vn/main.7779000ecd52102b7ac0.js:0
[   64931ms] [LOG] [Object, Object, Object, Object, Object, Object, Object, Object, Object, Object, Object, Object, Object, Object, Object, Object, Object, Object, Object, Object, Object, Object, Object, Object, Object, Object, Object, Object, Object, Object, Object, Object, Object, Object, Object, Object, Object, Object, Object, Object, Object, Object, Object, Object, Object, Object, Object, Object, Object, Object] @ https://crm.smarthiz.vn/main.7779000ecd52102b7ac0.js:0
[   65408ms] [LOG] JSHandle@node @ https://crm.smarthiz.vn/main.7779000ecd52102b7ac0.js:0
[   65408ms] [LOG] Fri Jul 17 2026 14:10:18 GMT+0700 (Indochina Time) @ https://crm.smarthiz.vn/main.7779000ecd52102b7ac0.js:0
[   65408ms] [LOG] function(){} @ https://crm.smarthiz.vn/main.7779000ecd52102b7ac0.js:0
[   65408ms] [TABLE] [Object, Object, Object, Object, Object, Object, Object, Object, Object, Object, Object, Object, Object, Object, Object, Object, Object, Object, Object, Object, Object, Object, Object, Object, Object, Object, Object, Object, Object, Object, Object, Object, Object, Object, Object, Object, Object, Object, Object, Object, Object, Object, Object, Object, Object, Object, Object, Object, Object, Object] @ https://crm.smarthiz.vn/main.7779000ecd52102b7ac0.js:0
[   65430ms] [LOG] [Object, Object, Object, Object, Object, Object, Object, Object, Object, Object, Object, Object, Object, Object, Object, Object, Object, Object, Object, Object, Object, Object, Object, Object, Object, Object, Object, Object, Object, Object, Object, Object, Object, Object, Object, Object, Object, Object, Object, Object, Object, Object, Object, Object, Object, Object, Object, Object, Object, Object] @ https://crm.smarthiz.vn/main.7779000ecd52102b7ac0.js:0
[   65430ms] [WARNING] You don't have permission to use DEVTOOL!【type = 6】 @ https://crm.smarthiz.vn/main.7779000ecd52102b7ac0.js:0
