[   22751ms] [LOG] JSHandle@node @ https://crm.smarthiz.vn/main.7779000ecd52102b7ac0.js:0
[   22751ms] [LOG] Fri Jul 17 2026 15:02:33 GMT+0700 (Indochina Time) @ https://crm.smarthiz.vn/main.7779000ecd52102b7ac0.js:0
[   22752ms] [LOG] function(){} @ https://crm.smarthiz.vn/main.7779000ecd52102b7ac0.js:0
[   22752ms] [TABLE] [Object, Object, Object, Object, Object, Object, Object, Object, Object, Object, Object, Object, Object, Object, Object, Object, Object, Object, Object, Object, Object, Object, Object, Object, Object, Object, Object, Object, Object, Object, Object, Object, Object, Object, Object, Object, Object, Object, Object, Object, Object, Object, Object, Object, Object, Object, Object, Object, Object, Object] @ https://crm.smarthiz.vn/main.7779000ecd52102b7ac0.js:0
[   22779ms] [LOG] [Object, Object, Object, Object, Object, Object, Object, Object, Object, Object, Object, Object, Object, Object, Object, Object, Object, Object, Object, Object, Object, Object, Object, Object, Object, Object, Object, Object, Object, Object, Object, Object, Object, Object, Object, Object, Object, Object, Object, Object, Object, Object, Object, Object, Object, Object, Object, Object, Object, Object] @ https://crm.smarthiz.vn/main.7779000ecd52102b7ac0.js:0
[   22780ms] [WARNING] You don't have permission to use DEVTOOL!【type = 6】 @ https://crm.smarthiz.vn/main.7779000ecd52102b7ac0.js:0
[   23460ms] [LOG] JSHandle@node @ https://crm.smarthiz.vn/main.7779000ecd52102b7ac0.js:0
[   23461ms] [LOG] Fri Jul 17 2026 15:02:34 GMT+0700 (Indochina Time) @ https://crm.smarthiz.vn/main.7779000ecd52102b7ac0.js:0
[   23461ms] [LOG] function(){} @ https://crm.smarthiz.vn/main.7779000ecd52102b7ac0.js:0
[   23461ms] [TABLE] [Object, Object, Object, Object, Object, Object, Object, Object, Object, Object, Object, Object, Object, Object, Object, Object, Object, Object, Object, Object, Object, Object, Object, Object, Object, Object, Object, Object, Object, Object, Object, Object, Object, Object, Object, Object, Object, Object, Object, Object, Object, Object, Object, Object, Object, Object, Object, Object, Object, Object] @ https://crm.smarthiz.vn/main.7779000ecd52102b7ac0.js:0
[   23488ms] [LOG] [Object, Object, Object, Object, Object, Object, Object, Object, Object, Object, Object, Object, Object, Object, Object, Object, Object, Object, Object, Object, Object, Object, Object, Object, Object, Object, Object, Object, Object, Object, Object, Object, Object, Object, Object, Object, Object, Object, Object, Object, Object, Object, Object, Object, Object, Object, Object, Object, Object, Object] @ https://crm.smarthiz.vn/main.7779000ecd52102b7ac0.js:0
[   23961ms] [LOG] JSHandle@node @ https://crm.smarthiz.vn/main.7779000ecd52102b7ac0.js:0
[   23961ms] [LOG] Fri Jul 17 2026 15:02:34 GMT+0700 (Indochina Time) @ https://crm.smarthiz.vn/main.7779000ecd52102b7ac0.js:0
[   23961ms] [LOG] function(){} @ https://crm.smarthiz.vn/main.7779000ecd52102b7ac0.js:0
[   23962ms] [TABLE] [Object, Object, Object, Object, Object, Object, Object, Object, Object, Object, Object, Object, Object, Object, Object, Object, Object, Object, Object, Object, Object, Object, Object, Object, Object, Object, Object, Object, Object, Object, Object, Object, Object, Object, Object, Object, Object, Object, Object, Object, Object, Object, Object, Object, Object, Object, Object, Object, Object, Object] @ https://crm.smarthiz.vn/main.7779000ecd52102b7ac0.js:0
[   23986ms] [LOG] [Object, Object, Object, Object, Object, Object, Object, Object, Object, Object, Object, Object, Object, Object, Object, Object, Object, Object, Object, Object, Object, Object, Object, Object, Object, Object, Object, Object, Object, Object, Object, Object, Object, Object, Object, Object, Object, Object, Object, Object, Object, Object, Object, Object, Object, Object, Object, Object, Object, Object] @ https://crm.smarthiz.vn/main.7779000ecd52102b7ac0.js:0
[   24461ms] [LOG] JSHandle@node @ https://crm.smarthiz.vn/main.7779000ecd52102b7ac0.js:0
[   24461ms] [LOG] Fri Jul 17 2026 15:02:34 GMT+0700 (Indochina Time) @ https://crm.smarthiz.vn/main.7779000ecd52102b7ac0.js:0
[   24461ms] [LOG] function(){} @ https://crm.smarthiz.vn/main.7779000ecd52102b7ac0.js:0
[   24461ms] [TABLE] [Object, Object, Object, Object, Object, Object, Object, Object, Object, Object, Object, Object, Object, Object, Object, Object, Object, Object, Object, Object, Object, Object, Object, Object, Object, Object, Object, Object, Object, Object, Object, Object, Object, Object, Object, Object, Object, Object, Object, Object, Object, Object, Object, Object, Object, Object, Object, Object, Object, Object] @ https://crm.smarthiz.vn/main.7779000ecd52102b7ac0.js:0
[   24483ms] [LOG] [Object, Object, Object, Object, Object, Object, Object, Object, Object, Object, Object, Object, Object, Object, Object, Object, Object, Object, Object, Object, Object, Object, Object, Object, Object, Object, Object, Object, Object, Object, Object, Object, Object, Object, Object, Object, Object, Object, Object, Object, Object, Object, Object, Object, Object, Object, Object, Object, Object, Object] @ https://crm.smarthiz.vn/main.7779000ecd52102b7ac0.js:0
[   24961ms] [LOG] JSHandle@node @ https://crm.smarthiz.vn/main.7779000ecd52102b7ac0.js:0
[   24961ms] [LOG] Fri Jul 17 2026 15:02:34 GMT+0700 (Indochina Time) @ https://crm.smarthiz.vn/main.7779000ecd52102b7ac0.js:0
[   24962ms] [LOG] function(){} @ https://crm.smarthiz.vn/main.7779000ecd52102b7ac0.js:0
[   24962ms] [TABLE] [Object, Object, Object, Object, Object, Object, Object, Object, Object, Object, Object, Object, Object, Object, Object, Object, Object, Object, Object, Object, Object, Object, Object, Object, Object, Object, Object, Object, Object, Object, Object, Object, Object, Object, Object, Object, Object, Object, Object, Object, Object, Object, Object, Object, Object, Object, Object, Object, Object, Object] @ https://crm.smarthiz.vn/main.7779000ecd52102b7ac0.js:0
[   24983ms] [LOG] [Object, Object, Object, Object, Object, Object, Object, Object, Object, Object, Object, Object, Object, Object, Object, Object, Object, Object, Object, Object, Object, Object, Object, Object, Object, Object, Object, Object, Object, Object, Object, Object, Object, Object, Object, Object, Object, Object, Object, Object, Object, Object, Object, Object, Object, Object, Object, Object, Object, Object] @ https://crm.smarthiz.vn/main.7779000ecd52102b7ac0.js:0
[   25471ms] [LOG] JSHandle@node @ https://crm.smarthiz.vn/main.7779000ecd52102b7ac0.js:0
[   25472ms] [LOG] Fri Jul 17 2026 15:02:34 GMT+0700 (Indochina Time) @ https://crm.smarthiz.vn/main.7779000ecd52102b7ac0.js:0
[   25473ms] [LOG] function(){} @ https://crm.smarthiz.vn/main.7779000ecd52102b7ac0.js:0
[   25473ms] [TABLE] [Object, Object, Object, Object, Object, Object, Object, Object, Object, Object, Object, Object, Object, Object, Object, Object, Object, Object, Object, Object, Object, Object, Object, Object, Object, Object, Object, Object, Object, Object, Object, Object, Object, Object, Object, Object, Object, Object, Object, Object, Object, Object, Object, Object, Object, Object, Object, Object, Object, Object] @ https://crm.smarthiz.vn/main.7779000ecd52102b7ac0.js:0
[   25493ms] [LOG] [Object, Object, Object, Object, Object, Object, Object, Object, Object, Object, Object, Object, Object, Object, Object, Object, Object, Object, Object, Object, Object, Object, Object, Object, Object, Object, Object, Object, Object, Object, Object, Object, Object, Object, Object, Object, Object, Object, Object, Object, Object, Object, Object, Object, Object, Object, Object, Object, Object, Object] @ https://crm.smarthiz.vn/main.7779000ecd52102b7ac0.js:0
[   25493ms] [WARNING] You don't have permission to use DEVTOOL!【type = 6】 @ https://crm.smarthiz.vn/main.7779000ecd52102b7ac0.js:0
[   26212ms] [LOG] JSHandle@node @ https://crm.smarthiz.vn/main.7779000ecd52102b7ac0.js:0
[   26213ms] [LOG] Fri Jul 17 2026 15:02:37 GMT+0700 (Indochina Time) @ https://crm.smarthiz.vn/main.7779000ecd52102b7ac0.js:0
[   26213ms] [LOG] function(){} @ https://crm.smarthiz.vn/main.7779000ecd52102b7ac0.js:0
[   26213ms] [TABLE] [Object, Object, Object, Object, Object, Object, Object, Object, Object, Object, Object, Object, Object, Object, Object, Object, Object, Object, Object, Object, Object, Object, Object, Object, Object, Object, Object, Object, Object, Object, Object, Object, Object, Object, Object, Object, Object, Object, Object, Object, Object, Object, Object, Object, Object, Object, Object, Object, Object, Object] @ https://crm.smarthiz.vn/main.7779000ecd52102b7ac0.js:0
[   26237ms] [LOG] [Object, Object, Object, Object, Object, Object, Object, Object, Object, Object, Object, Object, Object, Object, Object, Object, Object, Object, Object, Object, Object, Object, Object, Object, Object, Object, Object, Object, Object, Object, Object, Object, Object, Object, Object, Object, Object, Object, Object, Object, Object, Object, Object, Object, Object, Object, Object, Object, Object, Object] @ https://crm.smarthiz.vn/main.7779000ecd52102b7ac0.js:0
[   26712ms] [LOG] JSHandle@node @ https://crm.smarthiz.vn/main.7779000ecd52102b7ac0.js:0
[   26712ms] [LOG] Fri Jul 17 2026 15:02:37 GMT+0700 (Indochina Time) @ https://crm.smarthiz.vn/main.7779000ecd52102b7ac0.js:0
[   26712ms] [LOG] function(){} @ https://crm.smarthiz.vn/main.7779000ecd52102b7ac0.js:0
[   26712ms] [TABLE] [Object, Object, Object, Object, Object, Object, Object, Object, Object, Object, Object, Object, Object, Object, Object, Object, Object, Object, Object, Object, Object, Object, Object, Object, Object, Object, Object, Object, Object, Object, Object, Object, Object, Object, Object, Object, Object, Object, Object, Object, Object, Object, Object, Object, Object, Object, Object, Object, Object, Object] @ https://crm.smarthiz.vn/main.7779000ecd52102b7ac0.js:0
[   26736ms] [LOG] [Object, Object, Object, Object, Object, Object, Object, Object, Object, Object, Object, Object, Object, Object, Object, Object, Object, Object, Object, Object, Object, Object, Object, Object, Object, Object, Object, Object, Object, Object, Object, Object, Object, Object, Object, Object, Object, Object, Object, Object, Object, Object, Object, Object, Object, Object, Object, Object, Object, Object] @ https://crm.smarthiz.vn/main.7779000ecd52102b7ac0.js:0
[   26736ms] [WARNING] You don't have permission to use DEVTOOL!【type = 6】 @ https://crm.smarthiz.vn/main.7779000ecd52102b7ac0.js:0
[   27373ms] [LOG] JSHandle@node @ https://crm.smarthiz.vn/main.7779000ecd52102b7ac0.js:0
[   27373ms] [LOG] Fri Jul 17 2026 15:02:38 GMT+0700 (Indochina Time) @ https://crm.smarthiz.vn/main.7779000ecd52102b7ac0.js:0
[   27373ms] [LOG] function(){} @ https://crm.smarthiz.vn/main.7779000ecd52102b7ac0.js:0
[   27374ms] [TABLE] [Object, Object, Object, Object, Object, Object, Object, Object, Object, Object, Object, Object, Object, Object, Object, Object, Object, Object, Object, Object, Object, Object, Object, Object, Object, Object, Object, Object, Object, Object, Object, Object, Object, Object, Object, Object, Object, Object, Object, Object, Object, Object, Object, Object, Object, Object, Object, Object, Object, Object] @ https://crm.smarthiz.vn/main.7779000ecd52102b7ac0.js:0
[   27397ms] [LOG] [Object, Object, Object, Object, Object, Object, Object, Object, Object, Object, Object, Object, Object, Object, Object, Object, Object, Object, Object, Object, Object, Object, Object, Object, Object, Object, Object, Object, Object, Object, Object, Object, Object, Object, Object, Object, Object, Object, Object, Object, Object, Object, Object, Object, Object, Object, Object, Object, Object, Object] @ https://crm.smarthiz.vn/main.7779000ecd52102b7ac0.js:0
[   27397ms] [WARNING] You don't have permission to use DEVTOOL!【type = 6】 @ https://crm.smarthiz.vn/main.7779000ecd52102b7ac0.js:0
[   28123ms] [LOG] JSHandle@node @ https://crm.smarthiz.vn/main.7779000ecd52102b7ac0.js:0
[   28123ms] [LOG] Fri Jul 17 2026 15:02:39 GMT+0700 (Indochina Time) @ https://crm.smarthiz.vn/main.7779000ecd52102b7ac0.js:0
[   28123ms] [LOG] function(){} @ https://crm.smarthiz.vn/main.7779000ecd52102b7ac0.js:0
[   28123ms] [TABLE] [Object, Object, Object, Object, Object, Object, Object, Object, Object, Object, Object, Object, Object, Object, Object, Object, Object, Object, Object, Object, Object, Object, Object, Object, Object, Object, Object, Object, Object, Object, Object, Object, Object, Object, Object, Object, Object, Object, Object, Object, Object, Object, Object, Object, Object, Object, Object, Object, Object, Object] @ https://crm.smarthiz.vn/main.7779000ecd52102b7ac0.js:0
[   28147ms] [LOG] [Object, Object, Object, Object, Object, Object, Object, Object, Object, Object, Object, Object, Object, Object, Object, Object, Object, Object, Object, Object, Object, Object, Object, Object, Object, Object, Object, Object, Object, Object, Object, Object, Object, Object, Object, Object, Object, Object, Object, Object, Object, Object, Object, Object, Object, Object, Object, Object, Object, Object] @ https://crm.smarthiz.vn/main.7779000ecd52102b7ac0.js:0
[   28624ms] [LOG] JSHandle@node @ https://crm.smarthiz.vn/main.7779000ecd52102b7ac0.js:0
[   28624ms] [LOG] Fri Jul 17 2026 15:02:39 GMT+0700 (Indochina Time) @ https://crm.smarthiz.vn/main.7779000ecd52102b7ac0.js:0
[   28624ms] [LOG] function(){} @ https://crm.smarthiz.vn/main.7779000ecd52102b7ac0.js:0
[   28624ms] [TABLE] [Object, Object, Object, Object, Object, Object, Object, Object, Object, Object, Object, Object, Object, Object, Object, Object, Object, Object, Object, Object, Object, Object, Object, Object, Object, Object, Object, Object, Object, Object, Object, Object, Object, Object, Object, Object, Object, Object, Object, Object, Object, Object, Object, Object, Object, Object, Object, Object, Object, Object] @ https://crm.smarthiz.vn/main.7779000ecd52102b7ac0.js:0
[   28645ms] [LOG] [Object, Object, Object, Object, Object, Object, Object, Object, Object, Object, Object, Object, Object, Object, Object, Object, Object, Object, Object, Object, Object, Object, Object, Object, Object, Object, Object, Object, Object, Object, Object, Object, Object, Object, Object, Object, Object, Object, Object, Object, Object, Object, Object, Object, Object, Object, Object, Object, Object, Object] @ https://crm.smarthiz.vn/main.7779000ecd52102b7ac0.js:0
[   29123ms] [LOG] JSHandle@node @ https://crm.smarthiz.vn/main.7779000ecd52102b7ac0.js:0
[   29124ms] [LOG] Fri Jul 17 2026 15:02:39 GMT+0700 (Indochina Time) @ https://crm.smarthiz.vn/main.7779000ecd52102b7ac0.js:0
[   29124ms] [LOG] function(){} @ https://crm.smarthiz.vn/main.7779000ecd52102b7ac0.js:0
[   29124ms] [TABLE] [Object, Object, Object, Object, Object, Object, Object, Object, Object, Object, Object, Object, Object, Object, Object, Object, Object, Object, Object, Object, Object, Object, Object, Object, Object, Object, Object, Object, Object, Object, Object, Object, Object, Object, Object, Object, Object, Object, Object, Object, Object, Object, Object, Object, Object, Object, Object, Object, Object, Object] @ https://crm.smarthiz.vn/main.7779000ecd52102b7ac0.js:0
[   29150ms] [LOG] [Object, Object, Object, Object, Object, Object, Object, Object, Object, Object, Object, Object, Object, Object, Object, Object, Object, Object, Object, Object, Object, Object, Object, Object, Object, Object, Object, Object, Object, Object, Object, Object, Object, Object, Object, Object, Object, Object, Object, Object, Object, Object, Object, Object, Object, Object, Object, Object, Object, Object] @ https://crm.smarthiz.vn/main.7779000ecd52102b7ac0.js:0
[   29151ms] [WARNING] You don't have permission to use DEVTOOL!【type = 6】 @ https://crm.smarthiz.vn/main.7779000ecd52102b7ac0.js:0
[   29890ms] [LOG] JSHandle@node @ https://crm.smarthiz.vn/main.7779000ecd52102b7ac0.js:0
[   29890ms] [LOG] Fri Jul 17 2026 15:02:40 GMT+0700 (Indochina Time) @ https://crm.smarthiz.vn/main.7779000ecd52102b7ac0.js:0
[   29890ms] [LOG] function(){} @ https://crm.smarthiz.vn/main.7779000ecd52102b7ac0.js:0
[   29890ms] [TABLE] [Object, Object, Object, Object, Object, Object, Object, Object, Object, Object, Object, Object, Object, Object, Object, Object, Object, Object, Object, Object, Object, Object, Object, Object, Object, Object, Object, Object, Object, Object, Object, Object, Object, Object, Object, Object, Object, Object, Object, Object, Object, Object, Object, Object, Object, Object, Object, Object, Object, Object] @ https://crm.smarthiz.vn/main.7779000ecd52102b7ac0.js:0
[   29918ms] [LOG] [Object, Object, Object, Object, Object, Object, Object, Object, Object, Object, Object, Object, Object, Object, Object, Object, Object, Object, Object, Object, Object, Object, Object, Object, Object, Object, Object, Object, Object, Object, Object, Object, Object, Object, Object, Object, Object, Object, Object, Object, Object, Object, Object, Object, Object, Object, Object, Object, Object, Object] @ https://crm.smarthiz.vn/main.7779000ecd52102b7ac0.js:0
[   30386ms] [LOG] JSHandle@node @ https://crm.smarthiz.vn/main.7779000ecd52102b7ac0.js:0
[   30386ms] [LOG] Fri Jul 17 2026 15:02:40 GMT+0700 (Indochina Time) @ https://crm.smarthiz.vn/main.7779000ecd52102b7ac0.js:0
[   30387ms] [LOG] function(){} @ https://crm.smarthiz.vn/main.7779000ecd52102b7ac0.js:0
[   30387ms] [TABLE] [Object, Object, Object, Object, Object, Object, Object, Object, Object, Object, Object, Object, Object, Object, Object, Object, Object, Object, Object, Object, Object, Object, Object, Object, Object, Object, Object, Object, Object, Object, Object, Object, Object, Object, Object, Object, Object, Object, Object, Object, Object, Object, Object, Object, Object, Object, Object, Object, Object, Object] @ https://crm.smarthiz.vn/main.7779000ecd52102b7ac0.js:0
[   30409ms] [LOG] [Object, Object, Object, Object, Object, Object, Object, Object, Object, Object, Object, Object, Object, Object, Object, Object, Object, Object, Object, Object, Object, Object, Object, Object, Object, Object, Object, Object, Object, Object, Object, Object, Object, Object, Object, Object, Object, Object, Object, Object, Object, Object, Object, Object, Object, Object, Object, Object, Object, Object] @ https://crm.smarthiz.vn/main.7779000ecd52102b7ac0.js:0
[   30896ms] [LOG] JSHandle@node @ https://crm.smarthiz.vn/main.7779000ecd52102b7ac0.js:0
[   30896ms] [LOG] Fri Jul 17 2026 15:02:40 GMT+0700 (Indochina Time) @ https://crm.smarthiz.vn/main.7779000ecd52102b7ac0.js:0
[   30896ms] [LOG] function(){} @ https://crm.smarthiz.vn/main.7779000ecd52102b7ac0.js:0
[   30896ms] [TABLE] [Object, Object, Object, Object, Object, Object, Object, Object, Object, Object, Object, Object, Object, Object, Object, Object, Object, Object, Object, Object, Object, Object, Object, Object, Object, Object, Object, Object, Object, Object, Object, Object, Object, Object, Object, Object, Object, Object, Object, Object, Object, Object, Object, Object, Object, Object, Object, Object, Object, Object] @ https://crm.smarthiz.vn/main.7779000ecd52102b7ac0.js:0
[   30916ms] [LOG] [Object, Object, Object, Object, Object, Object, Object, Object, Object, Object, Object, Object, Object, Object, Object, Object, Object, Object, Object, Object, Object, Object, Object, Object, Object, Object, Object, Object, Object, Object, Object, Object, Object, Object, Object, Object, Object, Object, Object, Object, Object, Object, Object, Object, Object, Object, Object, Object, Object, Object] @ https://crm.smarthiz.vn/main.7779000ecd52102b7ac0.js:0
[   30916ms] [WARNING] You don't have permission to use DEVTOOL!【type = 6】 @ https://crm.smarthiz.vn/main.7779000ecd52102b7ac0.js:0
[   31635ms] [LOG] JSHandle@node @ https://crm.smarthiz.vn/main.7779000ecd52102b7ac0.js:0
[   31635ms] [LOG] Fri Jul 17 2026 15:02:42 GMT+0700 (Indochina Time) @ https://crm.smarthiz.vn/main.7779000ecd52102b7ac0.js:0
[   31636ms] [LOG] function(){} @ https://crm.smarthiz.vn/main.7779000ecd52102b7ac0.js:0
[   31636ms] [TABLE] [Object, Object, Object, Object, Object, Object, Object, Object, Object, Object, Object, Object, Object, Object, Object, Object, Object, Object, Object, Object, Object, Object, Object, Object, Object, Object, Object, Object, Object, Object, Object, Object, Object, Object, Object, Object, Object, Object, Object, Object, Object, Object, Object, Object, Object, Object, Object, Object, Object, Object] @ https://crm.smarthiz.vn/main.7779000ecd52102b7ac0.js:0
[   31659ms] [LOG] [Object, Object, Object, Object, Object, Object, Object, Object, Object, Object, Object, Object, Object, Object, Object, Object, Object, Object, Object, Object, Object, Object, Object, Object, Object, Object, Object, Object, Object, Object, Object, Object, Object, Object, Object, Object, Object, Object, Object, Object, Object, Object, Object, Object, Object, Object, Object, Object, Object, Object] @ https://crm.smarthiz.vn/main.7779000ecd52102b7ac0.js:0
[   31659ms] [WARNING] You don't have permission to use DEVTOOL!【type = 6】 @ https://crm.smarthiz.vn/main.7779000ecd52102b7ac0.js:0
[   32306ms] [LOG] JSHandle@node @ https://crm.smarthiz.vn/main.7779000ecd52102b7ac0.js:0
[   32306ms] [LOG] Fri Jul 17 2026 15:02:43 GMT+0700 (Indochina Time) @ https://crm.smarthiz.vn/main.7779000ecd52102b7ac0.js:0
[   32306ms] [LOG] function(){} @ https://crm.smarthiz.vn/main.7779000ecd52102b7ac0.js:0
[   32306ms] [TABLE] [Object, Object, Object, Object, Object, Object, Object, Object, Object, Object, Object, Object, Object, Object, Object, Object, Object, Object, Object, Object, Object, Object, Object, Object, Object, Object, Object, Object, Object, Object, Object, Object, Object, Object, Object, Object, Object, Object, Object, Object, Object, Object, Object, Object, Object, Object, Object, Object, Object, Object] @ https://crm.smarthiz.vn/main.7779000ecd52102b7ac0.js:0
[   32329ms] [LOG] [Object, Object, Object, Object, Object, Object, Object, Object, Object, Object, Object, Object, Object, Object, Object, Object, Object, Object, Object, Object, Object, Object, Object, Object, Object, Object, Object, Object, Object, Object, Object, Object, Object, Object, Object, Object, Object, Object, Object, Object, Object, Object, Object, Object, Object, Object, Object, Object, Object, Object] @ https://crm.smarthiz.vn/main.7779000ecd52102b7ac0.js:0
[   32811ms] [LOG] JSHandle@node @ https://crm.smarthiz.vn/main.7779000ecd52102b7ac0.js:0
[   32811ms] [LOG] Fri Jul 17 2026 15:02:43 GMT+0700 (Indochina Time) @ https://crm.smarthiz.vn/main.7779000ecd52102b7ac0.js:0
[   32811ms] [LOG] function(){} @ https://crm.smarthiz.vn/main.7779000ecd52102b7ac0.js:0
[   32811ms] [TABLE] [Object, Object, Object, Object, Object, Object, Object, Object, Object, Object, Object, Object, Object, Object, Object, Object, Object, Object, Object, Object, Object, Object, Object, Object, Object, Object, Object, Object, Object, Object, Object, Object, Object, Object, Object, Object, Object, Object, Object, Object, Object, Object, Object, Object, Object, Object, Object, Object, Object, Object] @ https://crm.smarthiz.vn/main.7779000ecd52102b7ac0.js:0
[   32833ms] [LOG] [Object, Object, Object, Object, Object, Object, Object, Object, Object, Object, Object, Object, Object, Object, Object, Object, Object, Object, Object, Object, Object, Object, Object, Object, Object, Object, Object, Object, Object, Object, Object, Object, Object, Object, Object, Object, Object, Object, Object, Object, Object, Object, Object, Object, Object, Object, Object, Object, Object, Object] @ https://crm.smarthiz.vn/main.7779000ecd52102b7ac0.js:0
[   33310ms] [LOG] JSHandle@node @ https://crm.smarthiz.vn/main.7779000ecd52102b7ac0.js:0
[   33310ms] [LOG] Fri Jul 17 2026 15:02:43 GMT+0700 (Indochina Time) @ https://crm.smarthiz.vn/main.7779000ecd52102b7ac0.js:0
[   33310ms] [LOG] function(){} @ https://crm.smarthiz.vn/main.7779000ecd52102b7ac0.js:0
[   33310ms] [TABLE] [Object, Object, Object, Object, Object, Object, Object, Object, Object, Object, Object, Object, Object, Object, Object, Object, Object, Object, Object, Object, Object, Object, Object, Object, Object, Object, Object, Object, Object, Object, Object, Object, Object, Object, Object, Object, Object, Object, Object, Object, Object, Object, Object, Object, Object, Object, Object, Object, Object, Object] @ https://crm.smarthiz.vn/main.7779000ecd52102b7ac0.js:0
[   33330ms] [LOG] [Object, Object, Object, Object, Object, Object, Object, Object, Object, Object, Object, Object, Object, Object, Object, Object, Object, Object, Object, Object, Object, Object, Object, Object, Object, Object, Object, Object, Object, Object, Object, Object, Object, Object, Object, Object, Object, Object, Object, Object, Object, Object, Object, Object, Object, Object, Object, Object, Object, Object] @ https://crm.smarthiz.vn/main.7779000ecd52102b7ac0.js:0
[   33806ms] [LOG] JSHandle@node @ https://crm.smarthiz.vn/main.7779000ecd52102b7ac0.js:0
[   33806ms] [LOG] Fri Jul 17 2026 15:02:43 GMT+0700 (Indochina Time) @ https://crm.smarthiz.vn/main.7779000ecd52102b7ac0.js:0
[   33806ms] [LOG] function(){} @ https://crm.smarthiz.vn/main.7779000ecd52102b7ac0.js:0
[   33807ms] [TABLE] [Object, Object, Object, Object, Object, Object, Object, Object, Object, Object, Object, Object, Object, Object, Object, Object, Object, Object, Object, Object, Object, Object, Object, Object, Object, Object, Object, Object, Object, Object, Object, Object, Object, Object, Object, Object, Object, Object, Object, Object, Object, Object, Object, Object, Object, Object, Object, Object, Object, Object] @ https://crm.smarthiz.vn/main.7779000ecd52102b7ac0.js:0
[   33828ms] [LOG] [Object, Object, Object, Object, Object, Object, Object, Object, Object, Object, Object, Object, Object, Object, Object, Object, Object, Object, Object, Object, Object, Object, Object, Object, Object, Object, Object, Object, Object, Object, Object, Object, Object, Object, Object, Object, Object, Object, Object, Object, Object, Object, Object, Object, Object, Object, Object, Object, Object, Object] @ https://crm.smarthiz.vn/main.7779000ecd52102b7ac0.js:0
[   33828ms] [WARNING] You don't have permission to use DEVTOOL!【type = 6】 @ https://crm.smarthiz.vn/main.7779000ecd52102b7ac0.js:0
[   34477ms] [LOG] JSHandle@node @ https://crm.smarthiz.vn/main.7779000ecd52102b7ac0.js:0
[   34477ms] [LOG] Fri Jul 17 2026 15:02:45 GMT+0700 (Indochina Time) @ https://crm.smarthiz.vn/main.7779000ecd52102b7ac0.js:0
[   34477ms] [LOG] function(){} @ https://crm.smarthiz.vn/main.7779000ecd52102b7ac0.js:0
[   34477ms] [TABLE] [Object, Object, Object, Object, Object, Object, Object, Object, Object, Object, Object, Object, Object, Object, Object, Object, Object, Object, Object, Object, Object, Object, Object, Object, Object, Object, Object, Object, Object, Object, Object, Object, Object, Object, Object, Object, Object, Object, Object, Object, Object, Object, Object, Object, Object, Object, Object, Object, Object, Object] @ https://crm.smarthiz.vn/main.7779000ecd52102b7ac0.js:0
[   34499ms] [LOG] [Object, Object, Object, Object, Object, Object, Object, Object, Object, Object, Object, Object, Object, Object, Object, Object, Object, Object, Object, Object, Object, Object, Object, Object, Object, Object, Object, Object, Object, Object, Object, Object, Object, Object, Object, Object, Object, Object, Object, Object, Object, Object, Object, Object, Object, Object, Object, Object, Object, Object] @ https://crm.smarthiz.vn/main.7779000ecd52102b7ac0.js:0
[   34980ms] [LOG] JSHandle@node @ https://crm.smarthiz.vn/main.7779000ecd52102b7ac0.js:0
[   34981ms] [LOG] Fri Jul 17 2026 15:02:45 GMT+0700 (Indochina Time) @ https://crm.smarthiz.vn/main.7779000ecd52102b7ac0.js:0
[   34981ms] [LOG] function(){} @ https://crm.smarthiz.vn/main.7779000ecd52102b7ac0.js:0
[   34981ms] [TABLE] [Object, Object, Object, Object, Object, Object, Object, Object, Object, Object, Object, Object, Object, Object, Object, Object, Object, Object, Object, Object, Object, Object, Object, Object, Object, Object, Object, Object, Object, Object, Object, Object, Object, Object, Object, Object, Object, Object, Object, Object, Object, Object, Object, Object, Object, Object, Object, Object, Object, Object] @ https://crm.smarthiz.vn/main.7779000ecd52102b7ac0.js:0
[   35003ms] [LOG] [Object, Object, Object, Object, Object, Object, Object, Object, Object, Object, Object, Object, Object, Object, Object, Object, Object, Object, Object, Object, Object, Object, Object, Object, Object, Object, Object, Object, Object, Object, Object, Object, Object, Object, Object, Object, Object, Object, Object, Object, Object, Object, Object, Object, Object, Object, Object, Object, Object, Object] @ https://crm.smarthiz.vn/main.7779000ecd52102b7ac0.js:0
[   35470ms] [LOG] JSHandle@node @ https://crm.smarthiz.vn/main.7779000ecd52102b7ac0.js:0
[   35470ms] [LOG] Fri Jul 17 2026 15:02:45 GMT+0700 (Indochina Time) @ https://crm.smarthiz.vn/main.7779000ecd52102b7ac0.js:0
[   35471ms] [LOG] function(){} @ https://crm.smarthiz.vn/main.7779000ecd52102b7ac0.js:0
[   35471ms] [TABLE] [Object, Object, Object, Object, Object, Object, Object, Object, Object, Object, Object, Object, Object, Object, Object, Object, Object, Object, Object, Object, Object, Object, Object, Object, Object, Object, Object, Object, Object, Object, Object, Object, Object, Object, Object, Object, Object, Object, Object, Object, Object, Object, Object, Object, Object, Object, Object, Object, Object, Object] @ https://crm.smarthiz.vn/main.7779000ecd52102b7ac0.js:0
[   35493ms] [LOG] [Object, Object, Object, Object, Object, Object, Object, Object, Object, Object, Object, Object, Object, Object, Object, Object, Object, Object, Object, Object, Object, Object, Object, Object, Object, Object, Object, Object, Object, Object, Object, Object, Object, Object, Object, Object, Object, Object, Object, Object, Object, Object, Object, Object, Object, Object, Object, Object, Object, Object] @ https://crm.smarthiz.vn/main.7779000ecd52102b7ac0.js:0
[   35977ms] [LOG] JSHandle@node @ https://crm.smarthiz.vn/main.7779000ecd52102b7ac0.js:0
[   35978ms] [LOG] Fri Jul 17 2026 15:02:45 GMT+0700 (Indochina Time) @ https://crm.smarthiz.vn/main.7779000ecd52102b7ac0.js:0
[   35978ms] [LOG] function(){} @ https://crm.smarthiz.vn/main.7779000ecd52102b7ac0.js:0
[   35978ms] [TABLE] [Object, Object, Object, Object, Object, Object, Object, Object, Object, Object, Object, Object, Object, Object, Object, Object, Object, Object, Object, Object, Object, Object, Object, Object, Object, Object, Object, Object, Object, Object, Object, Object, Object, Object, Object, Object, Object, Object, Object, Object, Object, Object, Object, Object, Object, Object, Object, Object, Object, Object] @ https://crm.smarthiz.vn/main.7779000ecd52102b7ac0.js:0
[   35999ms] [LOG] [Object, Object, Object, Object, Object, Object, Object, Object, Object, Object, Object, Object, Object, Object, Object, Object, Object, Object, Object, Object, Object, Object, Object, Object, Object, Object, Object, Object, Object, Object, Object, Object, Object, Object, Object, Object, Object, Object, Object, Object, Object, Object, Object, Object, Object, Object, Object, Object, Object, Object] @ https://crm.smarthiz.vn/main.7779000ecd52102b7ac0.js:0
[   35999ms] [WARNING] You don't have permission to use DEVTOOL!【type = 6】 @ https://crm.smarthiz.vn/main.7779000ecd52102b7ac0.js:0
[   36767ms] [LOG] JSHandle@node @ https://crm.smarthiz.vn/main.7779000ecd52102b7ac0.js:0
[   36768ms] [LOG] Fri Jul 17 2026 15:02:47 GMT+0700 (Indochina Time) @ https://crm.smarthiz.vn/main.7779000ecd52102b7ac0.js:0
[   36768ms] [LOG] function(){} @ https://crm.smarthiz.vn/main.7779000ecd52102b7ac0.js:0
[   36768ms] [TABLE] [Object, Object, Object, Object, Object, Object, Object, Object, Object, Object, Object, Object, Object, Object, Object, Object, Object, Object, Object, Object, Object, Object, Object, Object, Object, Object, Object, Object, Object, Object, Object, Object, Object, Object, Object, Object, Object, Object, Object, Object, Object, Object, Object, Object, Object, Object, Object, Object, Object, Object] @ https://crm.smarthiz.vn/main.7779000ecd52102b7ac0.js:0
[   36791ms] [LOG] [Object, Object, Object, Object, Object, Object, Object, Object, Object, Object, Object, Object, Object, Object, Object, Object, Object, Object, Object, Object, Object, Object, Object, Object, Object, Object, Object, Object, Object, Object, Object, Object, Object, Object, Object, Object, Object, Object, Object, Object, Object, Object, Object, Object, Object, Object, Object, Object, Object, Object] @ https://crm.smarthiz.vn/main.7779000ecd52102b7ac0.js:0
[   37268ms] [LOG] JSHandle@node @ https://crm.smarthiz.vn/main.7779000ecd52102b7ac0.js:0
[   37269ms] [LOG] Fri Jul 17 2026 15:02:47 GMT+0700 (Indochina Time) @ https://crm.smarthiz.vn/main.7779000ecd52102b7ac0.js:0
[   37269ms] [LOG] function(){} @ https://crm.smarthiz.vn/main.7779000ecd52102b7ac0.js:0
[   37269ms] [TABLE] [Object, Object, Object, Object, Object, Object, Object, Object, Object, Object, Object, Object, Object, Object, Object, Object, Object, Object, Object, Object, Object, Object, Object, Object, Object, Object, Object, Object, Object, Object, Object, Object, Object, Object, Object, Object, Object, Object, Object, Object, Object, Object, Object, Object, Object, Object, Object, Object, Object, Object] @ https://crm.smarthiz.vn/main.7779000ecd52102b7ac0.js:0
[   37291ms] [LOG] [Object, Object, Object, Object, Object, Object, Object, Object, Object, Object, Object, Object, Object, Object, Object, Object, Object, Object, Object, Object, Object, Object, Object, Object, Object, Object, Object, Object, Object, Object, Object, Object, Object, Object, Object, Object, Object, Object, Object, Object, Object, Object, Object, Object, Object, Object, Object, Object, Object, Object] @ https://crm.smarthiz.vn/main.7779000ecd52102b7ac0.js:0
[   37291ms] [WARNING] You don't have permission to use DEVTOOL!【type = 6】 @ https://crm.smarthiz.vn/main.7779000ecd52102b7ac0.js:0
[   37938ms] [LOG] JSHandle@node @ https://crm.smarthiz.vn/main.7779000ecd52102b7ac0.js:0
[   37938ms] [LOG] Fri Jul 17 2026 15:02:48 GMT+0700 (Indochina Time) @ https://crm.smarthiz.vn/main.7779000ecd52102b7ac0.js:0
[   37938ms] [LOG] function(){} @ https://crm.smarthiz.vn/main.7779000ecd52102b7ac0.js:0
[   37939ms] [TABLE] [Object, Object, Object, Object, Object, Object, Object, Object, Object, Object, Object, Object, Object, Object, Object, Object, Object, Object, Object, Object, Object, Object, Object, Object, Object, Object, Object, Object, Object, Object, Object, Object, Object, Object, Object, Object, Object, Object, Object, Object, Object, Object, Object, Object, Object, Object, Object, Object, Object, Object] @ https://crm.smarthiz.vn/main.7779000ecd52102b7ac0.js:0
[   37963ms] [LOG] [Object, Object, Object, Object, Object, Object, Object, Object, Object, Object, Object, Object, Object, Object, Object, Object, Object, Object, Object, Object, Object, Object, Object, Object, Object, Object, Object, Object, Object, Object, Object, Object, Object, Object, Object, Object, Object, Object, Object, Object, Object, Object, Object, Object, Object, Object, Object, Object, Object, Object] @ https://crm.smarthiz.vn/main.7779000ecd52102b7ac0.js:0
[   38439ms] [LOG] JSHandle@node @ https://crm.smarthiz.vn/main.7779000ecd52102b7ac0.js:0
[   38440ms] [LOG] Fri Jul 17 2026 15:02:48 GMT+0700 (Indochina Time) @ https://crm.smarthiz.vn/main.7779000ecd52102b7ac0.js:0
[   38440ms] [LOG] function(){} @ https://crm.smarthiz.vn/main.7779000ecd52102b7ac0.js:0
[   38440ms] [TABLE] [Object, Object, Object, Object, Object, Object, Object, Object, Object, Object, Object, Object, Object, Object, Object, Object, Object, Object, Object, Object, Object, Object, Object, Object, Object, Object, Object, Object, Object, Object, Object, Object, Object, Object, Object, Object, Object, Object, Object, Object, Object, Object, Object, Object, Object, Object, Object, Object, Object, Object] @ https://crm.smarthiz.vn/main.7779000ecd52102b7ac0.js:0
[   38464ms] [LOG] [Object, Object, Object, Object, Object, Object, Object, Object, Object, Object, Object, Object, Object, Object, Object, Object, Object, Object, Object, Object, Object, Object, Object, Object, Object, Object, Object, Object, Object, Object, Object, Object, Object, Object, Object, Object, Object, Object, Object, Object, Object, Object, Object, Object, Object, Object, Object, Object, Object, Object] @ https://crm.smarthiz.vn/main.7779000ecd52102b7ac0.js:0
[   38938ms] [LOG] JSHandle@node @ https://crm.smarthiz.vn/main.7779000ecd52102b7ac0.js:0
[   38939ms] [LOG] Fri Jul 17 2026 15:02:48 GMT+0700 (Indochina Time) @ https://crm.smarthiz.vn/main.7779000ecd52102b7ac0.js:0
[   38939ms] [LOG] function(){} @ https://crm.smarthiz.vn/main.7779000ecd52102b7ac0.js:0
[   38940ms] [TABLE] [Object, Object, Object, Object, Object, Object, Object, Object, Object, Object, Object, Object, Object, Object, Object, Object, Object, Object, Object, Object, Object, Object, Object, Object, Object, Object, Object, Object, Object, Object, Object, Object, Object, Object, Object, Object, Object, Object, Object, Object, Object, Object, Object, Object, Object, Object, Object, Object, Object, Object] @ https://crm.smarthiz.vn/main.7779000ecd52102b7ac0.js:0
[   38964ms] [LOG] [Object, Object, Object, Object, Object, Object, Object, Object, Object, Object, Object, Object, Object, Object, Object, Object, Object, Object, Object, Object, Object, Object, Object, Object, Object, Object, Object, Object, Object, Object, Object, Object, Object, Object, Object, Object, Object, Object, Object, Object, Object, Object, Object, Object, Object, Object, Object, Object, Object, Object] @ https://crm.smarthiz.vn/main.7779000ecd52102b7ac0.js:0
[   39439ms] [LOG] JSHandle@node @ https://crm.smarthiz.vn/main.7779000ecd52102b7ac0.js:0
[   39439ms] [LOG] Fri Jul 17 2026 15:02:48 GMT+0700 (Indochina Time) @ https://crm.smarthiz.vn/main.7779000ecd52102b7ac0.js:0
[   39440ms] [LOG] function(){} @ https://crm.smarthiz.vn/main.7779000ecd52102b7ac0.js:0
[   39440ms] [TABLE] [Object, Object, Object, Object, Object, Object, Object, Object, Object, Object, Object, Object, Object, Object, Object, Object, Object, Object, Object, Object, Object, Object, Object, Object, Object, Object, Object, Object, Object, Object, Object, Object, Object, Object, Object, Object, Object, Object, Object, Object, Object, Object, Object, Object, Object, Object, Object, Object, Object, Object] @ https://crm.smarthiz.vn/main.7779000ecd52102b7ac0.js:0
[   39465ms] [LOG] [Object, Object, Object, Object, Object, Object, Object, Object, Object, Object, Object, Object, Object, Object, Object, Object, Object, Object, Object, Object, Object, Object, Object, Object, Object, Object, Object, Object, Object, Object, Object, Object, Object, Object, Object, Object, Object, Object, Object, Object, Object, Object, Object, Object, Object, Object, Object, Object, Object, Object] @ https://crm.smarthiz.vn/main.7779000ecd52102b7ac0.js:0
[   39940ms] [LOG] JSHandle@node @ https://crm.smarthiz.vn/main.7779000ecd52102b7ac0.js:0
[   39941ms] [LOG] Fri Jul 17 2026 15:02:48 GMT+0700 (Indochina Time) @ https://crm.smarthiz.vn/main.7779000ecd52102b7ac0.js:0
[   39941ms] [LOG] function(){} @ https://crm.smarthiz.vn/main.7779000ecd52102b7ac0.js:0
[   39941ms] [TABLE] [Object, Object, Object, Object, Object, Object, Object, Object, Object, Object, Object, Object, Object, Object, Object, Object, Object, Object, Object, Object, Object, Object, Object, Object, Object, Object, Object, Object, Object, Object, Object, Object, Object, Object, Object, Object, Object, Object, Object, Object, Object, Object, Object, Object, Object, Object, Object, Object, Object, Object] @ https://crm.smarthiz.vn/main.7779000ecd52102b7ac0.js:0
[   39964ms] [LOG] [Object, Object, Object, Object, Object, Object, Object, Object, Object, Object, Object, Object, Object, Object, Object, Object, Object, Object, Object, Object, Object, Object, Object, Object, Object, Object, Object, Object, Object, Object, Object, Object, Object, Object, Object, Object, Object, Object, Object, Object, Object, Object, Object, Object, Object, Object, Object, Object, Object, Object] @ https://crm.smarthiz.vn/main.7779000ecd52102b7ac0.js:0
[   40446ms] [LOG] JSHandle@node @ https://crm.smarthiz.vn/main.7779000ecd52102b7ac0.js:0
[   40446ms] [LOG] Fri Jul 17 2026 15:02:48 GMT+0700 (Indochina Time) @ https://crm.smarthiz.vn/main.7779000ecd52102b7ac0.js:0
[   40446ms] [LOG] function(){} @ https://crm.smarthiz.vn/main.7779000ecd52102b7ac0.js:0
[   40446ms] [TABLE] [Object, Object, Object, Object, Object, Object, Object, Object, Object, Object, Object, Object, Object, Object, Object, Object, Object, Object, Object, Object, Object, Object, Object, Object, Object, Object, Object, Object, Object, Object, Object, Object, Object, Object, Object, Object, Object, Object, Object, Object, Object, Object, Object, Object, Object, Object, Object, Object, Object, Object] @ https://crm.smarthiz.vn/main.7779000ecd52102b7ac0.js:0
[   40469ms] [LOG] [Object, Object, Object, Object, Object, Object, Object, Object, Object, Object, Object, Object, Object, Object, Object, Object, Object, Object, Object, Object, Object, Object, Object, Object, Object, Object, Object, Object, Object, Object, Object, Object, Object, Object, Object, Object, Object, Object, Object, Object, Object, Object, Object, Object, Object, Object, Object, Object, Object, Object] @ https://crm.smarthiz.vn/main.7779000ecd52102b7ac0.js:0
[   40950ms] [LOG] JSHandle@node @ https://crm.smarthiz.vn/main.7779000ecd52102b7ac0.js:0
[   40951ms] [LOG] Fri Jul 17 2026 15:02:48 GMT+0700 (Indochina Time) @ https://crm.smarthiz.vn/main.7779000ecd52102b7ac0.js:0
[   40951ms] [LOG] function(){} @ https://crm.smarthiz.vn/main.7779000ecd52102b7ac0.js:0
[   40951ms] [TABLE] [Object, Object, Object, Object, Object, Object, Object, Object, Object, Object, Object, Object, Object, Object, Object, Object, Object, Object, Object, Object, Object, Object, Object, Object, Object, Object, Object, Object, Object, Object, Object, Object, Object, Object, Object, Object, Object, Object, Object, Object, Object, Object, Object, Object, Object, Object, Object, Object, Object, Object] @ https://crm.smarthiz.vn/main.7779000ecd52102b7ac0.js:0
[   40974ms] [LOG] [Object, Object, Object, Object, Object, Object, Object, Object, Object, Object, Object, Object, Object, Object, Object, Object, Object, Object, Object, Object, Object, Object, Object, Object, Object, Object, Object, Object, Object, Object, Object, Object, Object, Object, Object, Object, Object, Object, Object, Object, Object, Object, Object, Object, Object, Object, Object, Object, Object, Object] @ https://crm.smarthiz.vn/main.7779000ecd52102b7ac0.js:0
[   40974ms] [WARNING] You don't have permission to use DEVTOOL!【type = 6】 @ https://crm.smarthiz.vn/main.7779000ecd52102b7ac0.js:0
[   41772ms] [LOG] JSHandle@node @ https://crm.smarthiz.vn/main.7779000ecd52102b7ac0.js:0
[   41772ms] [LOG] Fri Jul 17 2026 15:02:52 GMT+0700 (Indochina Time) @ https://crm.smarthiz.vn/main.7779000ecd52102b7ac0.js:0
[   41772ms] [LOG] function(){} @ https://crm.smarthiz.vn/main.7779000ecd52102b7ac0.js:0
[   41772ms] [TABLE] [Object, Object, Object, Object, Object, Object, Object, Object, Object, Object, Object, Object, Object, Object, Object, Object, Object, Object, Object, Object, Object, Object, Object, Object, Object, Object, Object, Object, Object, Object, Object, Object, Object, Object, Object, Object, Object, Object, Object, Object, Object, Object, Object, Object, Object, Object, Object, Object, Object, Object] @ https://crm.smarthiz.vn/main.7779000ecd52102b7ac0.js:0
[   41796ms] [LOG] [Object, Object, Object, Object, Object, Object, Object, Object, Object, Object, Object, Object, Object, Object, Object, Object, Object, Object, Object, Object, Object, Object, Object, Object, Object, Object, Object, Object, Object, Object, Object, Object, Object, Object, Object, Object, Object, Object, Object, Object, Object, Object, Object, Object, Object, Object, Object, Object, Object, Object] @ https://crm.smarthiz.vn/main.7779000ecd52102b7ac0.js:0
[   42274ms] [LOG] JSHandle@node @ https://crm.smarthiz.vn/main.7779000ecd52102b7ac0.js:0
[   42274ms] [LOG] Fri Jul 17 2026 15:02:52 GMT+0700 (Indochina Time) @ https://crm.smarthiz.vn/main.7779000ecd52102b7ac0.js:0
[   42275ms] [LOG] function(){} @ https://crm.smarthiz.vn/main.7779000ecd52102b7ac0.js:0
[   42275ms] [TABLE] [Object, Object, Object, Object, Object, Object, Object, Object, Object, Object, Object, Object, Object, Object, Object, Object, Object, Object, Object, Object, Object, Object, Object, Object, Object, Object, Object, Object, Object, Object, Object, Object, Object, Object, Object, Object, Object, Object, Object, Object, Object, Object, Object, Object, Object, Object, Object, Object, Object, Object] @ https://crm.smarthiz.vn/main.7779000ecd52102b7ac0.js:0
[   42298ms] [LOG] [Object, Object, Object, Object, Object, Object, Object, Object, Object, Object, Object, Object, Object, Object, Object, Object, Object, Object, Object, Object, Object, Object, Object, Object, Object, Object, Object, Object, Object, Object, Object, Object, Object, Object, Object, Object, Object, Object, Object, Object, Object, Object, Object, Object, Object, Object, Object, Object, Object, Object] @ https://crm.smarthiz.vn/main.7779000ecd52102b7ac0.js:0
[   42776ms] [LOG] JSHandle@node @ https://crm.smarthiz.vn/main.7779000ecd52102b7ac0.js:0
[   42777ms] [LOG] Fri Jul 17 2026 15:02:52 GMT+0700 (Indochina Time) @ https://crm.smarthiz.vn/main.7779000ecd52102b7ac0.js:0
[   42777ms] [LOG] function(){} @ https://crm.smarthiz.vn/main.7779000ecd52102b7ac0.js:0
[   42777ms] [TABLE] [Object, Object, Object, Object, Object, Object, Object, Object, Object, Object, Object, Object, Object, Object, Object, Object, Object, Object, Object, Object, Object, Object, Object, Object, Object, Object, Object, Object, Object, Object, Object, Object, Object, Object, Object, Object, Object, Object, Object, Object, Object, Object, Object, Object, Object, Object, Object, Object, Object, Object] @ https://crm.smarthiz.vn/main.7779000ecd52102b7ac0.js:0
[   42796ms] [LOG] [Object, Object, Object, Object, Object, Object, Object, Object, Object, Object, Object, Object, Object, Object, Object, Object, Object, Object, Object, Object, Object, Object, Object, Object, Object, Object, Object, Object, Object, Object, Object, Object, Object, Object, Object, Object, Object, Object, Object, Object, Object, Object, Object, Object, Object, Object, Object, Object, Object, Object] @ https://crm.smarthiz.vn/main.7779000ecd52102b7ac0.js:0
[   43287ms] [LOG] JSHandle@node @ https://crm.smarthiz.vn/main.7779000ecd52102b7ac0.js:0
[   43287ms] [LOG] Fri Jul 17 2026 15:02:52 GMT+0700 (Indochina Time) @ https://crm.smarthiz.vn/main.7779000ecd52102b7ac0.js:0
[   43288ms] [LOG] function(){} @ https://crm.smarthiz.vn/main.7779000ecd52102b7ac0.js:0
[   43288ms] [TABLE] [Object, Object, Object, Object, Object, Object, Object, Object, Object, Object, Object, Object, Object, Object, Object, Object, Object, Object, Object, Object, Object, Object, Object, Object, Object, Object, Object, Object, Object, Object, Object, Object, Object, Object, Object, Object, Object, Object, Object, Object, Object, Object, Object, Object, Object, Object, Object, Object, Object, Object] @ https://crm.smarthiz.vn/main.7779000ecd52102b7ac0.js:0
[   43311ms] [LOG] [Object, Object, Object, Object, Object, Object, Object, Object, Object, Object, Object, Object, Object, Object, Object, Object, Object, Object, Object, Object, Object, Object, Object, Object, Object, Object, Object, Object, Object, Object, Object, Object, Object, Object, Object, Object, Object, Object, Object, Object, Object, Object, Object, Object, Object, Object, Object, Object, Object, Object] @ https://crm.smarthiz.vn/main.7779000ecd52102b7ac0.js:0
[   43785ms] [LOG] JSHandle@node @ https://crm.smarthiz.vn/main.7779000ecd52102b7ac0.js:0
[   43785ms] [LOG] Fri Jul 17 2026 15:02:52 GMT+0700 (Indochina Time) @ https://crm.smarthiz.vn/main.7779000ecd52102b7ac0.js:0
[   43785ms] [LOG] function(){} @ https://crm.smarthiz.vn/main.7779000ecd52102b7ac0.js:0
[   43785ms] [TABLE] [Object, Object, Object, Object, Object, Object, Object, Object, Object, Object, Object, Object, Object, Object, Object, Object, Object, Object, Object, Object, Object, Object, Object, Object, Object, Object, Object, Object, Object, Object, Object, Object, Object, Object, Object, Object, Object, Object, Object, Object, Object, Object, Object, Object, Object, Object, Object, Object, Object, Object] @ https://crm.smarthiz.vn/main.7779000ecd52102b7ac0.js:0
[   43806ms] [LOG] [Object, Object, Object, Object, Object, Object, Object, Object, Object, Object, Object, Object, Object, Object, Object, Object, Object, Object, Object, Object, Object, Object, Object, Object, Object, Object, Object, Object, Object, Object, Object, Object, Object, Object, Object, Object, Object, Object, Object, Object, Object, Object, Object, Object, Object, Object, Object, Object, Object, Object] @ https://crm.smarthiz.vn/main.7779000ecd52102b7ac0.js:0
[   44273ms] [LOG] JSHandle@node @ https://crm.smarthiz.vn/main.7779000ecd52102b7ac0.js:0
[   44274ms] [LOG] Fri Jul 17 2026 15:02:52 GMT+0700 (Indochina Time) @ https://crm.smarthiz.vn/main.7779000ecd52102b7ac0.js:0
[   44274ms] [LOG] function(){} @ https://crm.smarthiz.vn/main.7779000ecd52102b7ac0.js:0
[   44274ms] [TABLE] [Object, Object, Object, Object, Object, Object, Object, Object, Object, Object, Object, Object, Object, Object, Object, Object, Object, Object, Object, Object, Object, Object, Object, Object, Object, Object, Object, Object, Object, Object, Object, Object, Object, Object, Object, Object, Object, Object, Object, Object, Object, Object, Object, Object, Object, Object, Object, Object, Object, Object] @ https://crm.smarthiz.vn/main.7779000ecd52102b7ac0.js:0
[   44296ms] [LOG] [Object, Object, Object, Object, Object, Object, Object, Object, Object, Object, Object, Object, Object, Object, Object, Object, Object, Object, Object, Object, Object, Object, Object, Object, Object, Object, Object, Object, Object, Object, Object, Object, Object, Object, Object, Object, Object, Object, Object, Object, Object, Object, Object, Object, Object, Object, Object, Object, Object, Object] @ https://crm.smarthiz.vn/main.7779000ecd52102b7ac0.js:0
[   44774ms] [LOG] JSHandle@node @ https://crm.smarthiz.vn/main.7779000ecd52102b7ac0.js:0
[   44774ms] [LOG] Fri Jul 17 2026 15:02:52 GMT+0700 (Indochina Time) @ https://crm.smarthiz.vn/main.7779000ecd52102b7ac0.js:0
[   44774ms] [LOG] function(){} @ https://crm.smarthiz.vn/main.7779000ecd52102b7ac0.js:0
[   44774ms] [TABLE] [Object, Object, Object, Object, Object, Object, Object, Object, Object, Object, Object, Object, Object, Object, Object, Object, Object, Object, Object, Object, Object, Object, Object, Object, Object, Object, Object, Object, Object, Object, Object, Object, Object, Object, Object, Object, Object, Object, Object, Object, Object, Object, Object, Object, Object, Object, Object, Object, Object, Object] @ https://crm.smarthiz.vn/main.7779000ecd52102b7ac0.js:0
[   44796ms] [LOG] [Object, Object, Object, Object, Object, Object, Object, Object, Object, Object, Object, Object, Object, Object, Object, Object, Object, Object, Object, Object, Object, Object, Object, Object, Object, Object, Object, Object, Object, Object, Object, Object, Object, Object, Object, Object, Object, Object, Object, Object, Object, Object, Object, Object, Object, Object, Object, Object, Object, Object] @ https://crm.smarthiz.vn/main.7779000ecd52102b7ac0.js:0
[   45273ms] [LOG] JSHandle@node @ https://crm.smarthiz.vn/main.7779000ecd52102b7ac0.js:0
[   45274ms] [LOG] Fri Jul 17 2026 15:02:52 GMT+0700 (Indochina Time) @ https://crm.smarthiz.vn/main.7779000ecd52102b7ac0.js:0
[   45274ms] [LOG] function(){} @ https://crm.smarthiz.vn/main.7779000ecd52102b7ac0.js:0
[   45274ms] [TABLE] [Object, Object, Object, Object, Object, Object, Object, Object, Object, Object, Object, Object, Object, Object, Object, Object, Object, Object, Object, Object, Object, Object, Object, Object, Object, Object, Object, Object, Object, Object, Object, Object, Object, Object, Object, Object, Object, Object, Object, Object, Object, Object, Object, Object, Object, Object, Object, Object, Object, Object] @ https://crm.smarthiz.vn/main.7779000ecd52102b7ac0.js:0
[   45298ms] [LOG] [Object, Object, Object, Object, Object, Object, Object, Object, Object, Object, Object, Object, Object, Object, Object, Object, Object, Object, Object, Object, Object, Object, Object, Object, Object, Object, Object, Object, Object, Object, Object, Object, Object, Object, Object, Object, Object, Object, Object, Object, Object, Object, Object, Object, Object, Object, Object, Object, Object, Object] @ https://crm.smarthiz.vn/main.7779000ecd52102b7ac0.js:0
[   45774ms] [LOG] JSHandle@node @ https://crm.smarthiz.vn/main.7779000ecd52102b7ac0.js:0
[   45774ms] [LOG] Fri Jul 17 2026 15:02:52 GMT+0700 (Indochina Time) @ https://crm.smarthiz.vn/main.7779000ecd52102b7ac0.js:0
[   45774ms] [LOG] function(){} @ https://crm.smarthiz.vn/main.7779000ecd52102b7ac0.js:0
[   45775ms] [TABLE] [Object, Object, Object, Object, Object, Object, Object, Object, Object, Object, Object, Object, Object, Object, Object, Object, Object, Object, Object, Object, Object, Object, Object, Object, Object, Object, Object, Object, Object, Object, Object, Object, Object, Object, Object, Object, Object, Object, Object, Object, Object, Object, Object, Object, Object, Object, Object, Object, Object, Object] @ https://crm.smarthiz.vn/main.7779000ecd52102b7ac0.js:0
[   45796ms] [LOG] [Object, Object, Object, Object, Object, Object, Object, Object, Object, Object, Object, Object, Object, Object, Object, Object, Object, Object, Object, Object, Object, Object, Object, Object, Object, Object, Object, Object, Object, Object, Object, Object, Object, Object, Object, Object, Object, Object, Object, Object, Object, Object, Object, Object, Object, Object, Object, Object, Object, Object] @ https://crm.smarthiz.vn/main.7779000ecd52102b7ac0.js:0
[   45796ms] [WARNING] You don't have permission to use DEVTOOL!【type = 6】 @ https://crm.smarthiz.vn/main.7779000ecd52102b7ac0.js:0
[   46514ms] [LOG] JSHandle@node @ https://crm.smarthiz.vn/main.7779000ecd52102b7ac0.js:0
[   46515ms] [LOG] Fri Jul 17 2026 15:02:57 GMT+0700 (Indochina Time) @ https://crm.smarthiz.vn/main.7779000ecd52102b7ac0.js:0
[   46515ms] [LOG] function(){} @ https://crm.smarthiz.vn/main.7779000ecd52102b7ac0.js:0
[   46515ms] [TABLE] [Object, Object, Object, Object, Object, Object, Object, Object, Object, Object, Object, Object, Object, Object, Object, Object, Object, Object, Object, Object, Object, Object, Object, Object, Object, Object, Object, Object, Object, Object, Object, Object, Object, Object, Object, Object, Object, Object, Object, Object, Object, Object, Object, Object, Object, Object, Object, Object, Object, Object] @ https://crm.smarthiz.vn/main.7779000ecd52102b7ac0.js:0
[   46538ms] [LOG] [Object, Object, Object, Object, Object, Object, Object, Object, Object, Object, Object, Object, Object, Object, Object, Object, Object, Object, Object, Object, Object, Object, Object, Object, Object, Object, Object, Object, Object, Object, Object, Object, Object, Object, Object, Object, Object, Object, Object, Object, Object, Object, Object, Object, Object, Object, Object, Object, Object, Object] @ https://crm.smarthiz.vn/main.7779000ecd52102b7ac0.js:0
[   47022ms] [LOG] JSHandle@node @ https://crm.smarthiz.vn/main.7779000ecd52102b7ac0.js:0
[   47023ms] [LOG] Fri Jul 17 2026 15:02:57 GMT+0700 (Indochina Time) @ https://crm.smarthiz.vn/main.7779000ecd52102b7ac0.js:0
[   47023ms] [LOG] function(){} @ https://crm.smarthiz.vn/main.7779000ecd52102b7ac0.js:0
[   47023ms] [TABLE] [Object, Object, Object, Object, Object, Object, Object, Object, Object, Object, Object, Object, Object, Object, Object, Object, Object, Object, Object, Object, Object, Object, Object, Object, Object, Object, Object, Object, Object, Object, Object, Object, Object, Object, Object, Object, Object, Object, Object, Object, Object, Object, Object, Object, Object, Object, Object, Object, Object, Object] @ https://crm.smarthiz.vn/main.7779000ecd52102b7ac0.js:0
[   47047ms] [LOG] [Object, Object, Object, Object, Object, Object, Object, Object, Object, Object, Object, Object, Object, Object, Object, Object, Object, Object, Object, Object, Object, Object, Object, Object, Object, Object, Object, Object, Object, Object, Object, Object, Object, Object, Object, Object, Object, Object, Object, Object, Object, Object, Object, Object, Object, Object, Object, Object, Object, Object] @ https://crm.smarthiz.vn/main.7779000ecd52102b7ac0.js:0
[   47527ms] [LOG] JSHandle@node @ https://crm.smarthiz.vn/main.7779000ecd52102b7ac0.js:0
[   47527ms] [LOG] Fri Jul 17 2026 15:02:57 GMT+0700 (Indochina Time) @ https://crm.smarthiz.vn/main.7779000ecd52102b7ac0.js:0
[   47528ms] [LOG] function(){} @ https://crm.smarthiz.vn/main.7779000ecd52102b7ac0.js:0
[   47528ms] [TABLE] [Object, Object, Object, Object, Object, Object, Object, Object, Object, Object, Object, Object, Object, Object, Object, Object, Object, Object, Object, Object, Object, Object, Object, Object, Object, Object, Object, Object, Object, Object, Object, Object, Object, Object, Object, Object, Object, Object, Object, Object, Object, Object, Object, Object, Object, Object, Object, Object, Object, Object] @ https://crm.smarthiz.vn/main.7779000ecd52102b7ac0.js:0
[   47549ms] [LOG] [Object, Object, Object, Object, Object, Object, Object, Object, Object, Object, Object, Object, Object, Object, Object, Object, Object, Object, Object, Object, Object, Object, Object, Object, Object, Object, Object, Object, Object, Object, Object, Object, Object, Object, Object, Object, Object, Object, Object, Object, Object, Object, Object, Object, Object, Object, Object, Object, Object, Object] @ https://crm.smarthiz.vn/main.7779000ecd52102b7ac0.js:0
[   48017ms] [LOG] JSHandle@node @ https://crm.smarthiz.vn/main.7779000ecd52102b7ac0.js:0
[   48017ms] [LOG] Fri Jul 17 2026 15:02:57 GMT+0700 (Indochina Time) @ https://crm.smarthiz.vn/main.7779000ecd52102b7ac0.js:0
[   48017ms] [LOG] function(){} @ https://crm.smarthiz.vn/main.7779000ecd52102b7ac0.js:0
[   48017ms] [TABLE] [Object, Object, Object, Object, Object, Object, Object, Object, Object, Object, Object, Object, Object, Object, Object, Object, Object, Object, Object, Object, Object, Object, Object, Object, Object, Object, Object, Object, Object, Object, Object, Object, Object, Object, Object, Object, Object, Object, Object, Object, Object, Object, Object, Object, Object, Object, Object, Object, Object, Object] @ https://crm.smarthiz.vn/main.7779000ecd52102b7ac0.js:0
[   48042ms] [LOG] [Object, Object, Object, Object, Object, Object, Object, Object, Object, Object, Object, Object, Object, Object, Object, Object, Object, Object, Object, Object, Object, Object, Object, Object, Object, Object, Object, Object, Object, Object, Object, Object, Object, Object, Object, Object, Object, Object, Object, Object, Object, Object, Object, Object, Object, Object, Object, Object, Object, Object] @ https://crm.smarthiz.vn/main.7779000ecd52102b7ac0.js:0
[   48518ms] [LOG] JSHandle@node @ https://crm.smarthiz.vn/main.7779000ecd52102b7ac0.js:0
[   48519ms] [LOG] Fri Jul 17 2026 15:02:57 GMT+0700 (Indochina Time) @ https://crm.smarthiz.vn/main.7779000ecd52102b7ac0.js:0
[   48519ms] [LOG] function(){} @ https://crm.smarthiz.vn/main.7779000ecd52102b7ac0.js:0
[   48519ms] [TABLE] [Object, Object, Object, Object, Object, Object, Object, Object, Object, Object, Object, Object, Object, Object, Object, Object, Object, Object, Object, Object, Object, Object, Object, Object, Object, Object, Object, Object, Object, Object, Object, Object, Object, Object, Object, Object, Object, Object, Object, Object, Object, Object, Object, Object, Object, Object, Object, Object, Object, Object] @ https://crm.smarthiz.vn/main.7779000ecd52102b7ac0.js:0
[   48541ms] [LOG] [Object, Object, Object, Object, Object, Object, Object, Object, Object, Object, Object, Object, Object, Object, Object, Object, Object, Object, Object, Object, Object, Object, Object, Object, Object, Object, Object, Object, Object, Object, Object, Object, Object, Object, Object, Object, Object, Object, Object, Object, Object, Object, Object, Object, Object, Object, Object, Object, Object, Object] @ https://crm.smarthiz.vn/main.7779000ecd52102b7ac0.js:0
[   48541ms] [WARNING] You don't have permission to use DEVTOOL!【type = 6】 @ https://crm.smarthiz.vn/main.7779000ecd52102b7ac0.js:0
[   49183ms] [LOG] JSHandle@node @ https://crm.smarthiz.vn/main.7779000ecd52102b7ac0.js:0
[   49183ms] [LOG] Fri Jul 17 2026 15:03:00 GMT+0700 (Indochina Time) @ https://crm.smarthiz.vn/main.7779000ecd52102b7ac0.js:0
[   49183ms] [LOG] function(){} @ https://crm.smarthiz.vn/main.7779000ecd52102b7ac0.js:0
[   49183ms] [TABLE] [Object, Object, Object, Object, Object, Object, Object, Object, Object, Object, Object, Object, Object, Object, Object, Object, Object, Object, Object, Object, Object, Object, Object, Object, Object, Object, Object, Object, Object, Object, Object, Object, Object, Object, Object, Object, Object, Object, Object, Object, Object, Object, Object, Object, Object, Object, Object, Object, Object, Object] @ https://crm.smarthiz.vn/main.7779000ecd52102b7ac0.js:0
[   49207ms] [LOG] [Object, Object, Object, Object, Object, Object, Object, Object, Object, Object, Object, Object, Object, Object, Object, Object, Object, Object, Object, Object, Object, Object, Object, Object, Object, Object, Object, Object, Object, Object, Object, Object, Object, Object, Object, Object, Object, Object, Object, Object, Object, Object, Object, Object, Object, Object, Object, Object, Object, Object] @ https://crm.smarthiz.vn/main.7779000ecd52102b7ac0.js:0
[   49683ms] [LOG] JSHandle@node @ https://crm.smarthiz.vn/main.7779000ecd52102b7ac0.js:0
[   49683ms] [LOG] Fri Jul 17 2026 15:03:00 GMT+0700 (Indochina Time) @ https://crm.smarthiz.vn/main.7779000ecd52102b7ac0.js:0
[   49683ms] [LOG] function(){} @ https://crm.smarthiz.vn/main.7779000ecd52102b7ac0.js:0
[   49683ms] [TABLE] [Object, Object, Object, Object, Object, Object, Object, Object, Object, Object, Object, Object, Object, Object, Object, Object, Object, Object, Object, Object, Object, Object, Object, Object, Object, Object, Object, Object, Object, Object, Object, Object, Object, Object, Object, Object, Object, Object, Object, Object, Object, Object, Object, Object, Object, Object, Object, Object, Object, Object] @ https://crm.smarthiz.vn/main.7779000ecd52102b7ac0.js:0
[   49705ms] [LOG] [Object, Object, Object, Object, Object, Object, Object, Object, Object, Object, Object, Object, Object, Object, Object, Object, Object, Object, Object, Object, Object, Object, Object, Object, Object, Object, Object, Object, Object, Object, Object, Object, Object, Object, Object, Object, Object, Object, Object, Object, Object, Object, Object, Object, Object, Object, Object, Object, Object, Object] @ https://crm.smarthiz.vn/main.7779000ecd52102b7ac0.js:0
[   50181ms] [LOG] JSHandle@node @ https://crm.smarthiz.vn/main.7779000ecd52102b7ac0.js:0
[   50181ms] [LOG] Fri Jul 17 2026 15:03:00 GMT+0700 (Indochina Time) @ https://crm.smarthiz.vn/main.7779000ecd52102b7ac0.js:0
[   50181ms] [LOG] function(){} @ https://crm.smarthiz.vn/main.7779000ecd52102b7ac0.js:0
[   50181ms] [TABLE] [Object, Object, Object, Object, Object, Object, Object, Object, Object, Object, Object, Object, Object, Object, Object, Object, Object, Object, Object, Object, Object, Object, Object, Object, Object, Object, Object, Object, Object, Object, Object, Object, Object, Object, Object, Object, Object, Object, Object, Object, Object, Object, Object, Object, Object, Object, Object, Object, Object, Object] @ https://crm.smarthiz.vn/main.7779000ecd52102b7ac0.js:0
[   50199ms] [LOG] [Object, Object, Object, Object, Object, Object, Object, Object, Object, Object, Object, Object, Object, Object, Object, Object, Object, Object, Object, Object, Object, Object, Object, Object, Object, Object, Object, Object, Object, Object, Object, Object, Object, Object, Object, Object, Object, Object, Object, Object, Object, Object, Object, Object, Object, Object, Object, Object, Object, Object] @ https://crm.smarthiz.vn/main.7779000ecd52102b7ac0.js:0
[   50681ms] [LOG] JSHandle@node @ https://crm.smarthiz.vn/main.7779000ecd52102b7ac0.js:0
[   50681ms] [LOG] Fri Jul 17 2026 15:03:00 GMT+0700 (Indochina Time) @ https://crm.smarthiz.vn/main.7779000ecd52102b7ac0.js:0
[   50682ms] [LOG] function(){} @ https://crm.smarthiz.vn/main.7779000ecd52102b7ac0.js:0
[   50682ms] [TABLE] [Object, Object, Object, Object, Object, Object, Object, Object, Object, Object, Object, Object, Object, Object, Object, Object, Object, Object, Object, Object, Object, Object, Object, Object, Object, Object, Object, Object, Object, Object, Object, Object, Object, Object, Object, Object, Object, Object, Object, Object, Object, Object, Object, Object, Object, Object, Object, Object, Object, Object] @ https://crm.smarthiz.vn/main.7779000ecd52102b7ac0.js:0
[   50702ms] [LOG] [Object, Object, Object, Object, Object, Object, Object, Object, Object, Object, Object, Object, Object, Object, Object, Object, Object, Object, Object, Object, Object, Object, Object, Object, Object, Object, Object, Object, Object, Object, Object, Object, Object, Object, Object, Object, Object, Object, Object, Object, Object, Object, Object, Object, Object, Object, Object, Object, Object, Object] @ https://crm.smarthiz.vn/main.7779000ecd52102b7ac0.js:0
[   51193ms] [LOG] JSHandle@node @ https://crm.smarthiz.vn/main.7779000ecd52102b7ac0.js:0
[   51193ms] [LOG] Fri Jul 17 2026 15:03:00 GMT+0700 (Indochina Time) @ https://crm.smarthiz.vn/main.7779000ecd52102b7ac0.js:0
[   51193ms] [LOG] function(){} @ https://crm.smarthiz.vn/main.7779000ecd52102b7ac0.js:0
[   51193ms] [TABLE] [Object, Object, Object, Object, Object, Object, Object, Object, Object, Object, Object, Object, Object, Object, Object, Object, Object, Object, Object, Object, Object, Object, Object, Object, Object, Object, Object, Object, Object, Object, Object, Object, Object, Object, Object, Object, Object, Object, Object, Object, Object, Object, Object, Object, Object, Object, Object, Object, Object, Object] @ https://crm.smarthiz.vn/main.7779000ecd52102b7ac0.js:0
[   51213ms] [LOG] [Object, Object, Object, Object, Object, Object, Object, Object, Object, Object, Object, Object, Object, Object, Object, Object, Object, Object, Object, Object, Object, Object, Object, Object, Object, Object, Object, Object, Object, Object, Object, Object, Object, Object, Object, Object, Object, Object, Object, Object, Object, Object, Object, Object, Object, Object, Object, Object, Object, Object] @ https://crm.smarthiz.vn/main.7779000ecd52102b7ac0.js:0
[   51690ms] [LOG] JSHandle@node @ https://crm.smarthiz.vn/main.7779000ecd52102b7ac0.js:0
[   51690ms] [LOG] Fri Jul 17 2026 15:03:00 GMT+0700 (Indochina Time) @ https://crm.smarthiz.vn/main.7779000ecd52102b7ac0.js:0
[   51690ms] [LOG] function(){} @ https://crm.smarthiz.vn/main.7779000ecd52102b7ac0.js:0
[   51690ms] [TABLE] [Object, Object, Object, Object, Object, Object, Object, Object, Object, Object, Object, Object, Object, Object, Object, Object, Object, Object, Object, Object, Object, Object, Object, Object, Object, Object, Object, Object, Object, Object, Object, Object, Object, Object, Object, Object, Object, Object, Object, Object, Object, Object, Object, Object, Object, Object, Object, Object, Object, Object] @ https://crm.smarthiz.vn/main.7779000ecd52102b7ac0.js:0
[   51711ms] [LOG] [Object, Object, Object, Object, Object, Object, Object, Object, Object, Object, Object, Object, Object, Object, Object, Object, Object, Object, Object, Object, Object, Object, Object, Object, Object, Object, Object, Object, Object, Object, Object, Object, Object, Object, Object, Object, Object, Object, Object, Object, Object, Object, Object, Object, Object, Object, Object, Object, Object, Object] @ https://crm.smarthiz.vn/main.7779000ecd52102b7ac0.js:0
[   52192ms] [LOG] JSHandle@node @ https://crm.smarthiz.vn/main.7779000ecd52102b7ac0.js:0
[   52192ms] [LOG] Fri Jul 17 2026 15:03:00 GMT+0700 (Indochina Time) @ https://crm.smarthiz.vn/main.7779000ecd52102b7ac0.js:0
[   52192ms] [LOG] function(){} @ https://crm.smarthiz.vn/main.7779000ecd52102b7ac0.js:0
[   52192ms] [TABLE] [Object, Object, Object, Object, Object, Object, Object, Object, Object, Object, Object, Object, Object, Object, Object, Object, Object, Object, Object, Object, Object, Object, Object, Object, Object, Object, Object, Object, Object, Object, Object, Object, Object, Object, Object, Object, Object, Object, Object, Object, Object, Object, Object, Object, Object, Object, Object, Object, Object, Object] @ https://crm.smarthiz.vn/main.7779000ecd52102b7ac0.js:0
[   52215ms] [LOG] [Object, Object, Object, Object, Object, Object, Object, Object, Object, Object, Object, Object, Object, Object, Object, Object, Object, Object, Object, Object, Object, Object, Object, Object, Object, Object, Object, Object, Object, Object, Object, Object, Object, Object, Object, Object, Object, Object, Object, Object, Object, Object, Object, Object, Object, Object, Object, Object, Object, Object] @ https://crm.smarthiz.vn/main.7779000ecd52102b7ac0.js:0
[   52689ms] [LOG] JSHandle@node @ https://crm.smarthiz.vn/main.7779000ecd52102b7ac0.js:0
[   52689ms] [LOG] Fri Jul 17 2026 15:03:00 GMT+0700 (Indochina Time) @ https://crm.smarthiz.vn/main.7779000ecd52102b7ac0.js:0
[   52690ms] [LOG] function(){} @ https://crm.smarthiz.vn/main.7779000ecd52102b7ac0.js:0
[   52690ms] [TABLE] [Object, Object, Object, Object, Object, Object, Object, Object, Object, Object, Object, Object, Object, Object, Object, Object, Object, Object, Object, Object, Object, Object, Object, Object, Object, Object, Object, Object, Object, Object, Object, Object, Object, Object, Object, Object, Object, Object, Object, Object, Object, Object, Object, Object, Object, Object, Object, Object, Object, Object] @ https://crm.smarthiz.vn/main.7779000ecd52102b7ac0.js:0
[   52710ms] [LOG] [Object, Object, Object, Object, Object, Object, Object, Object, Object, Object, Object, Object, Object, Object, Object, Object, Object, Object, Object, Object, Object, Object, Object, Object, Object, Object, Object, Object, Object, Object, Object, Object, Object, Object, Object, Object, Object, Object, Object, Object, Object, Object, Object, Object, Object, Object, Object, Object, Object, Object] @ https://crm.smarthiz.vn/main.7779000ecd52102b7ac0.js:0
[   53190ms] [LOG] JSHandle@node @ https://crm.smarthiz.vn/main.7779000ecd52102b7ac0.js:0
[   53191ms] [LOG] Fri Jul 17 2026 15:03:00 GMT+0700 (Indochina Time) @ https://crm.smarthiz.vn/main.7779000ecd52102b7ac0.js:0
[   53191ms] [LOG] function(){} @ https://crm.smarthiz.vn/main.7779000ecd52102b7ac0.js:0
[   53191ms] [TABLE] [Object, Object, Object, Object, Object, Object, Object, Object, Object, Object, Object, Object, Object, Object, Object, Object, Object, Object, Object, Object, Object, Object, Object, Object, Object, Object, Object, Object, Object, Object, Object, Object, Object, Object, Object, Object, Object, Object, Object, Object, Object, Object, Object, Object, Object, Object, Object, Object, Object, Object] @ https://crm.smarthiz.vn/main.7779000ecd52102b7ac0.js:0
[   53213ms] [LOG] [Object, Object, Object, Object, Object, Object, Object, Object, Object, Object, Object, Object, Object, Object, Object, Object, Object, Object, Object, Object, Object, Object, Object, Object, Object, Object, Object, Object, Object, Object, Object, Object, Object, Object, Object, Object, Object, Object, Object, Object, Object, Object, Object, Object, Object, Object, Object, Object, Object, Object] @ https://crm.smarthiz.vn/main.7779000ecd52102b7ac0.js:0
[   53688ms] [LOG] JSHandle@node @ https://crm.smarthiz.vn/main.7779000ecd52102b7ac0.js:0
[   53689ms] [LOG] Fri Jul 17 2026 15:03:00 GMT+0700 (Indochina Time) @ https://crm.smarthiz.vn/main.7779000ecd52102b7ac0.js:0
[   53689ms] [LOG] function(){} @ https://crm.smarthiz.vn/main.7779000ecd52102b7ac0.js:0
[   53689ms] [TABLE] [Object, Object, Object, Object, Object, Object, Object, Object, Object, Object, Object, Object, Object, Object, Object, Object, Object, Object, Object, Object, Object, Object, Object, Object, Object, Object, Object, Object, Object, Object, Object, Object, Object, Object, Object, Object, Object, Object, Object, Object, Object, Object, Object, Object, Object, Object, Object, Object, Object, Object] @ https://crm.smarthiz.vn/main.7779000ecd52102b7ac0.js:0
[   53714ms] [LOG] [Object, Object, Object, Object, Object, Object, Object, Object, Object, Object, Object, Object, Object, Object, Object, Object, Object, Object, Object, Object, Object, Object, Object, Object, Object, Object, Object, Object, Object, Object, Object, Object, Object, Object, Object, Object, Object, Object, Object, Object, Object, Object, Object, Object, Object, Object, Object, Object, Object, Object] @ https://crm.smarthiz.vn/main.7779000ecd52102b7ac0.js:0
[   54188ms] [LOG] JSHandle@node @ https://crm.smarthiz.vn/main.7779000ecd52102b7ac0.js:0
[   54188ms] [LOG] Fri Jul 17 2026 15:03:00 GMT+0700 (Indochina Time) @ https://crm.smarthiz.vn/main.7779000ecd52102b7ac0.js:0
[   54189ms] [LOG] function(){} @ https://crm.smarthiz.vn/main.7779000ecd52102b7ac0.js:0
[   54189ms] [TABLE] [Object, Object, Object, Object, Object, Object, Object, Object, Object, Object, Object, Object, Object, Object, Object, Object, Object, Object, Object, Object, Object, Object, Object, Object, Object, Object, Object, Object, Object, Object, Object, Object, Object, Object, Object, Object, Object, Object, Object, Object, Object, Object, Object, Object, Object, Object, Object, Object, Object, Object] @ https://crm.smarthiz.vn/main.7779000ecd52102b7ac0.js:0
[   54213ms] [LOG] [Object, Object, Object, Object, Object, Object, Object, Object, Object, Object, Object, Object, Object, Object, Object, Object, Object, Object, Object, Object, Object, Object, Object, Object, Object, Object, Object, Object, Object, Object, Object, Object, Object, Object, Object, Object, Object, Object, Object, Object, Object, Object, Object, Object, Object, Object, Object, Object, Object, Object] @ https://crm.smarthiz.vn/main.7779000ecd52102b7ac0.js:0
[   54213ms] [WARNING] You don't have permission to use DEVTOOL!【type = 6】 @ https://crm.smarthiz.vn/main.7779000ecd52102b7ac0.js:0
[   54999ms] [LOG] JSHandle@node @ https://crm.smarthiz.vn/main.7779000ecd52102b7ac0.js:0
[   55000ms] [LOG] Fri Jul 17 2026 15:03:05 GMT+0700 (Indochina Time) @ https://crm.smarthiz.vn/main.7779000ecd52102b7ac0.js:0
[   55000ms] [LOG] function(){} @ https://crm.smarthiz.vn/main.7779000ecd52102b7ac0.js:0
[   55000ms] [TABLE] [Object, Object, Object, Object, Object, Object, Object, Object, Object, Object, Object, Object, Object, Object, Object, Object, Object, Object, Object, Object, Object, Object, Object, Object, Object, Object, Object, Object, Object, Object, Object, Object, Object, Object, Object, Object, Object, Object, Object, Object, Object, Object, Object, Object, Object, Object, Object, Object, Object, Object] @ https://crm.smarthiz.vn/main.7779000ecd52102b7ac0.js:0
[   55030ms] [LOG] [Object, Object, Object, Object, Object, Object, Object, Object, Object, Object, Object, Object, Object, Object, Object, Object, Object, Object, Object, Object, Object, Object, Object, Object, Object, Object, Object, Object, Object, Object, Object, Object, Object, Object, Object, Object, Object, Object, Object, Object, Object, Object, Object, Object, Object, Object, Object, Object, Object, Object] @ https://crm.smarthiz.vn/main.7779000ecd52102b7ac0.js:0
[   55500ms] [LOG] JSHandle@node @ https://crm.smarthiz.vn/main.7779000ecd52102b7ac0.js:0
[   55500ms] [LOG] Fri Jul 17 2026 15:03:05 GMT+0700 (Indochina Time) @ https://crm.smarthiz.vn/main.7779000ecd52102b7ac0.js:0
[   55501ms] [LOG] function(){} @ https://crm.smarthiz.vn/main.7779000ecd52102b7ac0.js:0
[   55501ms] [TABLE] [Object, Object, Object, Object, Object, Object, Object, Object, Object, Object, Object, Object, Object, Object, Object, Object, Object, Object, Object, Object, Object, Object, Object, Object, Object, Object, Object, Object, Object, Object, Object, Object, Object, Object, Object, Object, Object, Object, Object, Object, Object, Object, Object, Object, Object, Object, Object, Object, Object, Object] @ https://crm.smarthiz.vn/main.7779000ecd52102b7ac0.js:0
[   55525ms] [LOG] [Object, Object, Object, Object, Object, Object, Object, Object, Object, Object, Object, Object, Object, Object, Object, Object, Object, Object, Object, Object, Object, Object, Object, Object, Object, Object, Object, Object, Object, Object, Object, Object, Object, Object, Object, Object, Object, Object, Object, Object, Object, Object, Object, Object, Object, Object, Object, Object, Object, Object] @ https://crm.smarthiz.vn/main.7779000ecd52102b7ac0.js:0
[   56008ms] [LOG] JSHandle@node @ https://crm.smarthiz.vn/main.7779000ecd52102b7ac0.js:0
[   56008ms] [LOG] Fri Jul 17 2026 15:03:05 GMT+0700 (Indochina Time) @ https://crm.smarthiz.vn/main.7779000ecd52102b7ac0.js:0
[   56008ms] [LOG] function(){} @ https://crm.smarthiz.vn/main.7779000ecd52102b7ac0.js:0
[   56008ms] [TABLE] [Object, Object, Object, Object, Object, Object, Object, Object, Object, Object, Object, Object, Object, Object, Object, Object, Object, Object, Object, Object, Object, Object, Object, Object, Object, Object, Object, Object, Object, Object, Object, Object, Object, Object, Object, Object, Object, Object, Object, Object, Object, Object, Object, Object, Object, Object, Object, Object, Object, Object] @ https://crm.smarthiz.vn/main.7779000ecd52102b7ac0.js:0
[   56028ms] [LOG] [Object, Object, Object, Object, Object, Object, Object, Object, Object, Object, Object, Object, Object, Object, Object, Object, Object, Object, Object, Object, Object, Object, Object, Object, Object, Object, Object, Object, Object, Object, Object, Object, Object, Object, Object, Object, Object, Object, Object, Object, Object, Object, Object, Object, Object, Object, Object, Object, Object, Object] @ https://crm.smarthiz.vn/main.7779000ecd52102b7ac0.js:0
[   56028ms] [WARNING] You don't have permission to use DEVTOOL!【type = 6】 @ https://crm.smarthiz.vn/main.7779000ecd52102b7ac0.js:0
[   56781ms] [LOG] JSHandle@node @ https://crm.smarthiz.vn/main.7779000ecd52102b7ac0.js:0
[   56781ms] [LOG] Fri Jul 17 2026 15:03:07 GMT+0700 (Indochina Time) @ https://crm.smarthiz.vn/main.7779000ecd52102b7ac0.js:0
[   56781ms] [LOG] function(){} @ https://crm.smarthiz.vn/main.7779000ecd52102b7ac0.js:0
[   56781ms] [TABLE] [Object, Object, Object, Object, Object, Object, Object, Object, Object, Object, Object, Object, Object, Object, Object, Object, Object, Object, Object, Object, Object, Object, Object, Object, Object, Object, Object, Object, Object, Object, Object, Object, Object, Object, Object, Object, Object, Object, Object, Object, Object, Object, Object, Object, Object, Object, Object, Object, Object, Object] @ https://crm.smarthiz.vn/main.7779000ecd52102b7ac0.js:0
[   56803ms] [LOG] [Object, Object, Object, Object, Object, Object, Object, Object, Object, Object, Object, Object, Object, Object, Object, Object, Object, Object, Object, Object, Object, Object, Object, Object, Object, Object, Object, Object, Object, Object, Object, Object, Object, Object, Object, Object, Object, Object, Object, Object, Object, Object, Object, Object, Object, Object, Object, Object, Object, Object] @ https://crm.smarthiz.vn/main.7779000ecd52102b7ac0.js:0
[   57288ms] [LOG] JSHandle@node @ https://crm.smarthiz.vn/main.7779000ecd52102b7ac0.js:0
[   57288ms] [LOG] Fri Jul 17 2026 15:03:07 GMT+0700 (Indochina Time) @ https://crm.smarthiz.vn/main.7779000ecd52102b7ac0.js:0
[   57288ms] [LOG] function(){} @ https://crm.smarthiz.vn/main.7779000ecd52102b7ac0.js:0
[   57288ms] [TABLE] [Object, Object, Object, Object, Object, Object, Object, Object, Object, Object, Object, Object, Object, Object, Object, Object, Object, Object, Object, Object, Object, Object, Object, Object, Object, Object, Object, Object, Object, Object, Object, Object, Object, Object, Object, Object, Object, Object, Object, Object, Object, Object, Object, Object, Object, Object, Object, Object, Object, Object] @ https://crm.smarthiz.vn/main.7779000ecd52102b7ac0.js:0
[   57312ms] [LOG] [Object, Object, Object, Object, Object, Object, Object, Object, Object, Object, Object, Object, Object, Object, Object, Object, Object, Object, Object, Object, Object, Object, Object, Object, Object, Object, Object, Object, Object, Object, Object, Object, Object, Object, Object, Object, Object, Object, Object, Object, Object, Object, Object, Object, Object, Object, Object, Object, Object, Object] @ https://crm.smarthiz.vn/main.7779000ecd52102b7ac0.js:0
[   57312ms] [WARNING] You don't have permission to use DEVTOOL!【type = 6】 @ https://crm.smarthiz.vn/main.7779000ecd52102b7ac0.js:0
[   57962ms] [LOG] JSHandle@node @ https://crm.smarthiz.vn/main.7779000ecd52102b7ac0.js:0
[   57962ms] [LOG] Fri Jul 17 2026 15:03:08 GMT+0700 (Indochina Time) @ https://crm.smarthiz.vn/main.7779000ecd52102b7ac0.js:0
[   57963ms] [LOG] function(){} @ https://crm.smarthiz.vn/main.7779000ecd52102b7ac0.js:0
[   57963ms] [TABLE] [Object, Object, Object, Object, Object, Object, Object, Object, Object, Object, Object, Object, Object, Object, Object, Object, Object, Object, Object, Object, Object, Object, Object, Object, Object, Object, Object, Object, Object, Object, Object, Object, Object, Object, Object, Object, Object, Object, Object, Object, Object, Object, Object, Object, Object, Object, Object, Object, Object, Object] @ https://crm.smarthiz.vn/main.7779000ecd52102b7ac0.js:0
[   57985ms] [LOG] [Object, Object, Object, Object, Object, Object, Object, Object, Object, Object, Object, Object, Object, Object, Object, Object, Object, Object, Object, Object, Object, Object, Object, Object, Object, Object, Object, Object, Object, Object, Object, Object, Object, Object, Object, Object, Object, Object, Object, Object, Object, Object, Object, Object, Object, Object, Object, Object, Object, Object] @ https://crm.smarthiz.vn/main.7779000ecd52102b7ac0.js:0
[   58469ms] [LOG] JSHandle@node @ https://crm.smarthiz.vn/main.7779000ecd52102b7ac0.js:0
[   58469ms] [LOG] Fri Jul 17 2026 15:03:08 GMT+0700 (Indochina Time) @ https://crm.smarthiz.vn/main.7779000ecd52102b7ac0.js:0
[   58469ms] [LOG] function(){} @ https://crm.smarthiz.vn/main.7779000ecd52102b7ac0.js:0
[   58470ms] [TABLE] [Object, Object, Object, Object, Object, Object, Object, Object, Object, Object, Object, Object, Object, Object, Object, Object, Object, Object, Object, Object, Object, Object, Object, Object, Object, Object, Object, Object, Object, Object, Object, Object, Object, Object, Object, Object, Object, Object, Object, Object, Object, Object, Object, Object, Object, Object, Object, Object, Object, Object] @ https://crm.smarthiz.vn/main.7779000ecd52102b7ac0.js:0
[   58494ms] [LOG] [Object, Object, Object, Object, Object, Object, Object, Object, Object, Object, Object, Object, Object, Object, Object, Object, Object, Object, Object, Object, Object, Object, Object, Object, Object, Object, Object, Object, Object, Object, Object, Object, Object, Object, Object, Object, Object, Object, Object, Object, Object, Object, Object, Object, Object, Object, Object, Object, Object, Object] @ https://crm.smarthiz.vn/main.7779000ecd52102b7ac0.js:0
[   58968ms] [LOG] JSHandle@node @ https://crm.smarthiz.vn/main.7779000ecd52102b7ac0.js:0
[   58968ms] [LOG] Fri Jul 17 2026 15:03:08 GMT+0700 (Indochina Time) @ https://crm.smarthiz.vn/main.7779000ecd52102b7ac0.js:0
[   58968ms] [LOG] function(){} @ https://crm.smarthiz.vn/main.7779000ecd52102b7ac0.js:0
[   58968ms] [TABLE] [Object, Object, Object, Object, Object, Object, Object, Object, Object, Object, Object, Object, Object, Object, Object, Object, Object, Object, Object, Object, Object, Object, Object, Object, Object, Object, Object, Object, Object, Object, Object, Object, Object, Object, Object, Object, Object, Object, Object, Object, Object, Object, Object, Object, Object, Object, Object, Object, Object, Object] @ https://crm.smarthiz.vn/main.7779000ecd52102b7ac0.js:0
[   58990ms] [LOG] [Object, Object, Object, Object, Object, Object, Object, Object, Object, Object, Object, Object, Object, Object, Object, Object, Object, Object, Object, Object, Object, Object, Object, Object, Object, Object, Object, Object, Object, Object, Object, Object, Object, Object, Object, Object, Object, Object, Object, Object, Object, Object, Object, Object, Object, Object, Object, Object, Object, Object] @ https://crm.smarthiz.vn/main.7779000ecd52102b7ac0.js:0
[   59465ms] [LOG] JSHandle@node @ https://crm.smarthiz.vn/main.7779000ecd52102b7ac0.js:0
[   59465ms] [LOG] Fri Jul 17 2026 15:03:08 GMT+0700 (Indochina Time) @ https://crm.smarthiz.vn/main.7779000ecd52102b7ac0.js:0
[   59465ms] [LOG] function(){} @ https://crm.smarthiz.vn/main.7779000ecd52102b7ac0.js:0
[   59465ms] [TABLE] [Object, Object, Object, Object, Object, Object, Object, Object, Object, Object, Object, Object, Object, Object, Object, Object, Object, Object, Object, Object, Object, Object, Object, Object, Object, Object, Object, Object, Object, Object, Object, Object, Object, Object, Object, Object, Object, Object, Object, Object, Object, Object, Object, Object, Object, Object, Object, Object, Object, Object] @ https://crm.smarthiz.vn/main.7779000ecd52102b7ac0.js:0
[   59494ms] [LOG] [Object, Object, Object, Object, Object, Object, Object, Object, Object, Object, Object, Object, Object, Object, Object, Object, Object, Object, Object, Object, Object, Object, Object, Object, Object, Object, Object, Object, Object, Object, Object, Object, Object, Object, Object, Object, Object, Object, Object, Object, Object, Object, Object, Object, Object, Object, Object, Object, Object, Object] @ https://crm.smarthiz.vn/main.7779000ecd52102b7ac0.js:0
[   59494ms] [WARNING] You don't have permission to use DEVTOOL!【type = 6】 @ https://crm.smarthiz.vn/main.7779000ecd52102b7ac0.js:0
[   60138ms] [LOG] JSHandle@node @ https://crm.smarthiz.vn/main.7779000ecd52102b7ac0.js:0
[   60138ms] [LOG] Fri Jul 17 2026 15:03:11 GMT+0700 (Indochina Time) @ https://crm.smarthiz.vn/main.7779000ecd52102b7ac0.js:0
[   60138ms] [LOG] function(){} @ https://crm.smarthiz.vn/main.7779000ecd52102b7ac0.js:0
[   60138ms] [TABLE] [Object, Object, Object, Object, Object, Object, Object, Object, Object, Object, Object, Object, Object, Object, Object, Object, Object, Object, Object, Object, Object, Object, Object, Object, Object, Object, Object, Object, Object, Object, Object, Object, Object, Object, Object, Object, Object, Object, Object, Object, Object, Object, Object, Object, Object, Object, Object, Object, Object, Object] @ https://crm.smarthiz.vn/main.7779000ecd52102b7ac0.js:0
[   60163ms] [LOG] [Object, Object, Object, Object, Object, Object, Object, Object, Object, Object, Object, Object, Object, Object, Object, Object, Object, Object, Object, Object, Object, Object, Object, Object, Object, Object, Object, Object, Object, Object, Object, Object, Object, Object, Object, Object, Object, Object, Object, Object, Object, Object, Object, Object, Object, Object, Object, Object, Object, Object] @ https://crm.smarthiz.vn/main.7779000ecd52102b7ac0.js:0
[   60163ms] [WARNING] You don't have permission to use DEVTOOL!【type = 6】 @ https://crm.smarthiz.vn/main.7779000ecd52102b7ac0.js:0
[   60893ms] [LOG] JSHandle@node @ https://crm.smarthiz.vn/main.7779000ecd52102b7ac0.js:0
[   60893ms] [LOG] Fri Jul 17 2026 15:03:11 GMT+0700 (Indochina Time) @ https://crm.smarthiz.vn/main.7779000ecd52102b7ac0.js:0
[   60894ms] [LOG] function(){} @ https://crm.smarthiz.vn/main.7779000ecd52102b7ac0.js:0
[   60894ms] [TABLE] [Object, Object, Object, Object, Object, Object, Object, Object, Object, Object, Object, Object, Object, Object, Object, Object, Object, Object, Object, Object, Object, Object, Object, Object, Object, Object, Object, Object, Object, Object, Object, Object, Object, Object, Object, Object, Object, Object, Object, Object, Object, Object, Object, Object, Object, Object, Object, Object, Object, Object] @ https://crm.smarthiz.vn/main.7779000ecd52102b7ac0.js:0
[   60917ms] [LOG] [Object, Object, Object, Object, Object, Object, Object, Object, Object, Object, Object, Object, Object, Object, Object, Object, Object, Object, Object, Object, Object, Object, Object, Object, Object, Object, Object, Object, Object, Object, Object, Object, Object, Object, Object, Object, Object, Object, Object, Object, Object, Object, Object, Object, Object, Object, Object, Object, Object, Object] @ https://crm.smarthiz.vn/main.7779000ecd52102b7ac0.js:0
[   61403ms] [LOG] JSHandle@node @ https://crm.smarthiz.vn/main.7779000ecd52102b7ac0.js:0
[   61403ms] [LOG] Fri Jul 17 2026 15:03:11 GMT+0700 (Indochina Time) @ https://crm.smarthiz.vn/main.7779000ecd52102b7ac0.js:0
[   61403ms] [LOG] function(){} @ https://crm.smarthiz.vn/main.7779000ecd52102b7ac0.js:0
[   61403ms] [TABLE] [Object, Object, Object, Object, Object, Object, Object, Object, Object, Object, Object, Object, Object, Object, Object, Object, Object, Object, Object, Object, Object, Object, Object, Object, Object, Object, Object, Object, Object, Object, Object, Object, Object, Object, Object, Object, Object, Object, Object, Object, Object, Object, Object, Object, Object, Object, Object, Object, Object, Object] @ https://crm.smarthiz.vn/main.7779000ecd52102b7ac0.js:0
[   61424ms] [LOG] [Object, Object, Object, Object, Object, Object, Object, Object, Object, Object, Object, Object, Object, Object, Object, Object, Object, Object, Object, Object, Object, Object, Object, Object, Object, Object, Object, Object, Object, Object, Object, Object, Object, Object, Object, Object, Object, Object, Object, Object, Object, Object, Object, Object, Object, Object, Object, Object, Object, Object] @ https://crm.smarthiz.vn/main.7779000ecd52102b7ac0.js:0
[   61902ms] [LOG] JSHandle@node @ https://crm.smarthiz.vn/main.7779000ecd52102b7ac0.js:0
[   61902ms] [LOG] Fri Jul 17 2026 15:03:11 GMT+0700 (Indochina Time) @ https://crm.smarthiz.vn/main.7779000ecd52102b7ac0.js:0
[   61902ms] [LOG] function(){} @ https://crm.smarthiz.vn/main.7779000ecd52102b7ac0.js:0
[   61902ms] [TABLE] [Object, Object, Object, Object, Object, Object, Object, Object, Object, Object, Object, Object, Object, Object, Object, Object, Object, Object, Object, Object, Object, Object, Object, Object, Object, Object, Object, Object, Object, Object, Object, Object, Object, Object, Object, Object, Object, Object, Object, Object, Object, Object, Object, Object, Object, Object, Object, Object, Object, Object] @ https://crm.smarthiz.vn/main.7779000ecd52102b7ac0.js:0
[   61923ms] [LOG] [Object, Object, Object, Object, Object, Object, Object, Object, Object, Object, Object, Object, Object, Object, Object, Object, Object, Object, Object, Object, Object, Object, Object, Object, Object, Object, Object, Object, Object, Object, Object, Object, Object, Object, Object, Object, Object, Object, Object, Object, Object, Object, Object, Object, Object, Object, Object, Object, Object, Object] @ https://crm.smarthiz.vn/main.7779000ecd52102b7ac0.js:0
[   61924ms] [WARNING] You don't have permission to use DEVTOOL!【type = 6】 @ https://crm.smarthiz.vn/main.7779000ecd52102b7ac0.js:0
[   62564ms] [LOG] JSHandle@node @ https://crm.smarthiz.vn/main.7779000ecd52102b7ac0.js:0
[   62564ms] [LOG] Fri Jul 17 2026 15:03:13 GMT+0700 (Indochina Time) @ https://crm.smarthiz.vn/main.7779000ecd52102b7ac0.js:0
[   62564ms] [LOG] function(){} @ https://crm.smarthiz.vn/main.7779000ecd52102b7ac0.js:0
[   62564ms] [TABLE] [Object, Object, Object, Object, Object, Object, Object, Object, Object, Object, Object, Object, Object, Object, Object, Object, Object, Object, Object, Object, Object, Object, Object, Object, Object, Object, Object, Object, Object, Object, Object, Object, Object, Object, Object, Object, Object, Object, Object, Object, Object, Object, Object, Object, Object, Object, Object, Object, Object, Object] @ https://crm.smarthiz.vn/main.7779000ecd52102b7ac0.js:0
[   62587ms] [LOG] [Object, Object, Object, Object, Object, Object, Object, Object, Object, Object, Object, Object, Object, Object, Object, Object, Object, Object, Object, Object, Object, Object, Object, Object, Object, Object, Object, Object, Object, Object, Object, Object, Object, Object, Object, Object, Object, Object, Object, Object, Object, Object, Object, Object, Object, Object, Object, Object, Object, Object] @ https://crm.smarthiz.vn/main.7779000ecd52102b7ac0.js:0
[   63070ms] [LOG] JSHandle@node @ https://crm.smarthiz.vn/main.7779000ecd52102b7ac0.js:0
[   63070ms] [LOG] Fri Jul 17 2026 15:03:13 GMT+0700 (Indochina Time) @ https://crm.smarthiz.vn/main.7779000ecd52102b7ac0.js:0
[   63070ms] [LOG] function(){} @ https://crm.smarthiz.vn/main.7779000ecd52102b7ac0.js:0
[   63070ms] [TABLE] [Object, Object, Object, Object, Object, Object, Object, Object, Object, Object, Object, Object, Object, Object, Object, Object, Object, Object, Object, Object, Object, Object, Object, Object, Object, Object, Object, Object, Object, Object, Object, Object, Object, Object, Object, Object, Object, Object, Object, Object, Object, Object, Object, Object, Object, Object, Object, Object, Object, Object] @ https://crm.smarthiz.vn/main.7779000ecd52102b7ac0.js:0
[   63094ms] [LOG] [Object, Object, Object, Object, Object, Object, Object, Object, Object, Object, Object, Object, Object, Object, Object, Object, Object, Object, Object, Object, Object, Object, Object, Object, Object, Object, Object, Object, Object, Object, Object, Object, Object, Object, Object, Object, Object, Object, Object, Object, Object, Object, Object, Object, Object, Object, Object, Object, Object, Object] @ https://crm.smarthiz.vn/main.7779000ecd52102b7ac0.js:0
[   63094ms] [WARNING] You don't have permission to use DEVTOOL!【type = 6】 @ https://crm.smarthiz.vn/main.7779000ecd52102b7ac0.js:0
[   63755ms] [LOG] JSHandle@node @ https://crm.smarthiz.vn/main.7779000ecd52102b7ac0.js:0
[   63755ms] [LOG] Fri Jul 17 2026 15:03:14 GMT+0700 (Indochina Time) @ https://crm.smarthiz.vn/main.7779000ecd52102b7ac0.js:0
[   63755ms] [LOG] function(){} @ https://crm.smarthiz.vn/main.7779000ecd52102b7ac0.js:0
[   63755ms] [TABLE] [Object, Object, Object, Object, Object, Object, Object, Object, Object, Object, Object, Object, Object, Object, Object, Object, Object, Object, Object, Object, Object, Object, Object, Object, Object, Object, Object, Object, Object, Object, Object, Object, Object, Object, Object, Object, Object, Object, Object, Object, Object, Object, Object, Object, Object, Object, Object, Object, Object, Object] @ https://crm.smarthiz.vn/main.7779000ecd52102b7ac0.js:0
[   63778ms] [LOG] [Object, Object, Object, Object, Object, Object, Object, Object, Object, Object, Object, Object, Object, Object, Object, Object, Object, Object, Object, Object, Object, Object, Object, Object, Object, Object, Object, Object, Object, Object, Object, Object, Object, Object, Object, Object, Object, Object, Object, Object, Object, Object, Object, Object, Object, Object, Object, Object, Object, Object] @ https://crm.smarthiz.vn/main.7779000ecd52102b7ac0.js:0
[   64257ms] [LOG] JSHandle@node @ https://crm.smarthiz.vn/main.7779000ecd52102b7ac0.js:0
[   64258ms] [LOG] Fri Jul 17 2026 15:03:14 GMT+0700 (Indochina Time) @ https://crm.smarthiz.vn/main.7779000ecd52102b7ac0.js:0
[   64258ms] [LOG] function(){} @ https://crm.smarthiz.vn/main.7779000ecd52102b7ac0.js:0
[   64258ms] [TABLE] [Object, Object, Object, Object, Object, Object, Object, Object, Object, Object, Object, Object, Object, Object, Object, Object, Object, Object, Object, Object, Object, Object, Object, Object, Object, Object, Object, Object, Object, Object, Object, Object, Object, Object, Object, Object, Object, Object, Object, Object, Object, Object, Object, Object, Object, Object, Object, Object, Object, Object] @ https://crm.smarthiz.vn/main.7779000ecd52102b7ac0.js:0
[   64281ms] [LOG] [Object, Object, Object, Object, Object, Object, Object, Object, Object, Object, Object, Object, Object, Object, Object, Object, Object, Object, Object, Object, Object, Object, Object, Object, Object, Object, Object, Object, Object, Object, Object, Object, Object, Object, Object, Object, Object, Object, Object, Object, Object, Object, Object, Object, Object, Object, Object, Object, Object, Object] @ https://crm.smarthiz.vn/main.7779000ecd52102b7ac0.js:0
[   64754ms] [LOG] JSHandle@node @ https://crm.smarthiz.vn/main.7779000ecd52102b7ac0.js:0
[   64755ms] [LOG] Fri Jul 17 2026 15:03:14 GMT+0700 (Indochina Time) @ https://crm.smarthiz.vn/main.7779000ecd52102b7ac0.js:0
[   64755ms] [LOG] function(){} @ https://crm.smarthiz.vn/main.7779000ecd52102b7ac0.js:0
[   64756ms] [TABLE] [Object, Object, Object, Object, Object, Object, Object, Object, Object, Object, Object, Object, Object, Object, Object, Object, Object, Object, Object, Object, Object, Object, Object, Object, Object, Object, Object, Object, Object, Object, Object, Object, Object, Object, Object, Object, Object, Object, Object, Object, Object, Object, Object, Object, Object, Object, Object, Object, Object, Object] @ https://crm.smarthiz.vn/main.7779000ecd52102b7ac0.js:0
[   64775ms] [LOG] [Object, Object, Object, Object, Object, Object, Object, Object, Object, Object, Object, Object, Object, Object, Object, Object, Object, Object, Object, Object, Object, Object, Object, Object, Object, Object, Object, Object, Object, Object, Object, Object, Object, Object, Object, Object, Object, Object, Object, Object, Object, Object, Object, Object, Object, Object, Object, Object, Object, Object] @ https://crm.smarthiz.vn/main.7779000ecd52102b7ac0.js:0
[   64776ms] [WARNING] You don't have permission to use DEVTOOL!【type = 6】 @ https://crm.smarthiz.vn/main.7779000ecd52102b7ac0.js:0
[   65506ms] [LOG] JSHandle@node @ https://crm.smarthiz.vn/main.7779000ecd52102b7ac0.js:0
[   65507ms] [LOG] Fri Jul 17 2026 15:03:16 GMT+0700 (Indochina Time) @ https://crm.smarthiz.vn/main.7779000ecd52102b7ac0.js:0
[   65507ms] [LOG] function(){} @ https://crm.smarthiz.vn/main.7779000ecd52102b7ac0.js:0
[   65507ms] [TABLE] [Object, Object, Object, Object, Object, Object, Object, Object, Object, Object, Object, Object, Object, Object, Object, Object, Object, Object, Object, Object, Object, Object, Object, Object, Object, Object, Object, Object, Object, Object, Object, Object, Object, Object, Object, Object, Object, Object, Object, Object, Object, Object, Object, Object, Object, Object, Object, Object, Object, Object] @ https://crm.smarthiz.vn/main.7779000ecd52102b7ac0.js:0
[   65531ms] [LOG] [Object, Object, Object, Object, Object, Object, Object, Object, Object, Object, Object, Object, Object, Object, Object, Object, Object, Object, Object, Object, Object, Object, Object, Object, Object, Object, Object, Object, Object, Object, Object, Object, Object, Object, Object, Object, Object, Object, Object, Object, Object, Object, Object, Object, Object, Object, Object, Object, Object, Object] @ https://crm.smarthiz.vn/main.7779000ecd52102b7ac0.js:0
[   66018ms] [LOG] JSHandle@node @ https://crm.smarthiz.vn/main.7779000ecd52102b7ac0.js:0
[   66019ms] [LOG] Fri Jul 17 2026 15:03:16 GMT+0700 (Indochina Time) @ https://crm.smarthiz.vn/main.7779000ecd52102b7ac0.js:0
[   66019ms] [LOG] function(){} @ https://crm.smarthiz.vn/main.7779000ecd52102b7ac0.js:0
[   66019ms] [TABLE] [Object, Object, Object, Object, Object, Object, Object, Object, Object, Object, Object, Object, Object, Object, Object, Object, Object, Object, Object, Object, Object, Object, Object, Object, Object, Object, Object, Object, Object, Object, Object, Object, Object, Object, Object, Object, Object, Object, Object, Object, Object, Object, Object, Object, Object, Object, Object, Object, Object, Object] @ https://crm.smarthiz.vn/main.7779000ecd52102b7ac0.js:0
[   66040ms] [LOG] [Object, Object, Object, Object, Object, Object, Object, Object, Object, Object, Object, Object, Object, Object, Object, Object, Object, Object, Object, Object, Object, Object, Object, Object, Object, Object, Object, Object, Object, Object, Object, Object, Object, Object, Object, Object, Object, Object, Object, Object, Object, Object, Object, Object, Object, Object, Object, Object, Object, Object] @ https://crm.smarthiz.vn/main.7779000ecd52102b7ac0.js:0
[   66040ms] [WARNING] You don't have permission to use DEVTOOL!【type = 6】 @ https://crm.smarthiz.vn/main.7779000ecd52102b7ac0.js:0
[   66687ms] [LOG] JSHandle@node @ https://crm.smarthiz.vn/main.7779000ecd52102b7ac0.js:0
[   66687ms] [LOG] Fri Jul 17 2026 15:03:17 GMT+0700 (Indochina Time) @ https://crm.smarthiz.vn/main.7779000ecd52102b7ac0.js:0
[   66687ms] [LOG] function(){} @ https://crm.smarthiz.vn/main.7779000ecd52102b7ac0.js:0
[   66687ms] [TABLE] [Object, Object, Object, Object, Object, Object, Object, Object, Object, Object, Object, Object, Object, Object, Object, Object, Object, Object, Object, Object, Object, Object, Object, Object, Object, Object, Object, Object, Object, Object, Object, Object, Object, Object, Object, Object, Object, Object, Object, Object, Object, Object, Object, Object, Object, Object, Object, Object, Object, Object] @ https://crm.smarthiz.vn/main.7779000ecd52102b7ac0.js:0
[   66709ms] [LOG] [Object, Object, Object, Object, Object, Object, Object, Object, Object, Object, Object, Object, Object, Object, Object, Object, Object, Object, Object, Object, Object, Object, Object, Object, Object, Object, Object, Object, Object, Object, Object, Object, Object, Object, Object, Object, Object, Object, Object, Object, Object, Object, Object, Object, Object, Object, Object, Object, Object, Object] @ https://crm.smarthiz.vn/main.7779000ecd52102b7ac0.js:0
[   67189ms] [LOG] JSHandle@node @ https://crm.smarthiz.vn/main.7779000ecd52102b7ac0.js:0
[   67189ms] [LOG] Fri Jul 17 2026 15:03:17 GMT+0700 (Indochina Time) @ https://crm.smarthiz.vn/main.7779000ecd52102b7ac0.js:0
[   67189ms] [LOG] function(){} @ https://crm.smarthiz.vn/main.7779000ecd52102b7ac0.js:0
[   67189ms] [TABLE] [Object, Object, Object, Object, Object, Object, Object, Object, Object, Object, Object, Object, Object, Object, Object, Object, Object, Object, Object, Object, Object, Object, Object, Object, Object, Object, Object, Object, Object, Object, Object, Object, Object, Object, Object, Object, Object, Object, Object, Object, Object, Object, Object, Object, Object, Object, Object, Object, Object, Object] @ https://crm.smarthiz.vn/main.7779000ecd52102b7ac0.js:0
[   67211ms] [LOG] [Object, Object, Object, Object, Object, Object, Object, Object, Object, Object, Object, Object, Object, Object, Object, Object, Object, Object, Object, Object, Object, Object, Object, Object, Object, Object, Object, Object, Object, Object, Object, Object, Object, Object, Object, Object, Object, Object, Object, Object, Object, Object, Object, Object, Object, Object, Object, Object, Object, Object] @ https://crm.smarthiz.vn/main.7779000ecd52102b7ac0.js:0
[   67687ms] [LOG] JSHandle@node @ https://crm.smarthiz.vn/main.7779000ecd52102b7ac0.js:0
[   67687ms] [LOG] Fri Jul 17 2026 15:03:17 GMT+0700 (Indochina Time) @ https://crm.smarthiz.vn/main.7779000ecd52102b7ac0.js:0
[   67687ms] [LOG] function(){} @ https://crm.smarthiz.vn/main.7779000ecd52102b7ac0.js:0
[   67687ms] [TABLE] [Object, Object, Object, Object, Object, Object, Object, Object, Object, Object, Object, Object, Object, Object, Object, Object, Object, Object, Object, Object, Object, Object, Object, Object, Object, Object, Object, Object, Object, Object, Object, Object, Object, Object, Object, Object, Object, Object, Object, Object, Object, Object, Object, Object, Object, Object, Object, Object, Object, Object] @ https://crm.smarthiz.vn/main.7779000ecd52102b7ac0.js:0
[   67708ms] [LOG] [Object, Object, Object, Object, Object, Object, Object, Object, Object, Object, Object, Object, Object, Object, Object, Object, Object, Object, Object, Object, Object, Object, Object, Object, Object, Object, Object, Object, Object, Object, Object, Object, Object, Object, Object, Object, Object, Object, Object, Object, Object, Object, Object, Object, Object, Object, Object, Object, Object, Object] @ https://crm.smarthiz.vn/main.7779000ecd52102b7ac0.js:0
[   68187ms] [LOG] JSHandle@node @ https://crm.smarthiz.vn/main.7779000ecd52102b7ac0.js:0
[   68187ms] [LOG] Fri Jul 17 2026 15:03:17 GMT+0700 (Indochina Time) @ https://crm.smarthiz.vn/main.7779000ecd52102b7ac0.js:0
[   68187ms] [LOG] function(){} @ https://crm.smarthiz.vn/main.7779000ecd52102b7ac0.js:0
[   68188ms] [TABLE] [Object, Object, Object, Object, Object, Object, Object, Object, Object, Object, Object, Object, Object, Object, Object, Object, Object, Object, Object, Object, Object, Object, Object, Object, Object, Object, Object, Object, Object, Object, Object, Object, Object, Object, Object, Object, Object, Object, Object, Object, Object, Object, Object, Object, Object, Object, Object, Object, Object, Object] @ https://crm.smarthiz.vn/main.7779000ecd52102b7ac0.js:0
[   68208ms] [LOG] [Object, Object, Object, Object, Object, Object, Object, Object, Object, Object, Object, Object, Object, Object, Object, Object, Object, Object, Object, Object, Object, Object, Object, Object, Object, Object, Object, Object, Object, Object, Object, Object, Object, Object, Object, Object, Object, Object, Object, Object, Object, Object, Object, Object, Object, Object, Object, Object, Object, Object] @ https://crm.smarthiz.vn/main.7779000ecd52102b7ac0.js:0
[   68699ms] [LOG] JSHandle@node @ https://crm.smarthiz.vn/main.7779000ecd52102b7ac0.js:0
[   68699ms] [LOG] Fri Jul 17 2026 15:03:17 GMT+0700 (Indochina Time) @ https://crm.smarthiz.vn/main.7779000ecd52102b7ac0.js:0
[   68699ms] [LOG] function(){} @ https://crm.smarthiz.vn/main.7779000ecd52102b7ac0.js:0
[   68699ms] [TABLE] [Object, Object, Object, Object, Object, Object, Object, Object, Object, Object, Object, Object, Object, Object, Object, Object, Object, Object, Object, Object, Object, Object, Object, Object, Object, Object, Object, Object, Object, Object, Object, Object, Object, Object, Object, Object, Object, Object, Object, Object, Object, Object, Object, Object, Object, Object, Object, Object, Object, Object] @ https://crm.smarthiz.vn/main.7779000ecd52102b7ac0.js:0
[   68719ms] [LOG] [Object, Object, Object, Object, Object, Object, Object, Object, Object, Object, Object, Object, Object, Object, Object, Object, Object, Object, Object, Object, Object, Object, Object, Object, Object, Object, Object, Object, Object, Object, Object, Object, Object, Object, Object, Object, Object, Object, Object, Object, Object, Object, Object, Object, Object, Object, Object, Object, Object, Object] @ https://crm.smarthiz.vn/main.7779000ecd52102b7ac0.js:0
[   69198ms] [LOG] JSHandle@node @ https://crm.smarthiz.vn/main.7779000ecd52102b7ac0.js:0
[   69198ms] [LOG] Fri Jul 17 2026 15:03:17 GMT+0700 (Indochina Time) @ https://crm.smarthiz.vn/main.7779000ecd52102b7ac0.js:0
[   69198ms] [LOG] function(){} @ https://crm.smarthiz.vn/main.7779000ecd52102b7ac0.js:0
[   69198ms] [TABLE] [Object, Object, Object, Object, Object, Object, Object, Object, Object, Object, Object, Object, Object, Object, Object, Object, Object, Object, Object, Object, Object, Object, Object, Object, Object, Object, Object, Object, Object, Object, Object, Object, Object, Object, Object, Object, Object, Object, Object, Object, Object, Object, Object, Object, Object, Object, Object, Object, Object, Object] @ https://crm.smarthiz.vn/main.7779000ecd52102b7ac0.js:0
[   69218ms] [LOG] [Object, Object, Object, Object, Object, Object, Object, Object, Object, Object, Object, Object, Object, Object, Object, Object, Object, Object, Object, Object, Object, Object, Object, Object, Object, Object, Object, Object, Object, Object, Object, Object, Object, Object, Object, Object, Object, Object, Object, Object, Object, Object, Object, Object, Object, Object, Object, Object, Object, Object] @ https://crm.smarthiz.vn/main.7779000ecd52102b7ac0.js:0
[   69697ms] [LOG] JSHandle@node @ https://crm.smarthiz.vn/main.7779000ecd52102b7ac0.js:0
[   69698ms] [LOG] Fri Jul 17 2026 15:03:17 GMT+0700 (Indochina Time) @ https://crm.smarthiz.vn/main.7779000ecd52102b7ac0.js:0
[   69699ms] [LOG] function(){} @ https://crm.smarthiz.vn/main.7779000ecd52102b7ac0.js:0
[   69699ms] [TABLE] [Object, Object, Object, Object, Object, Object, Object, Object, Object, Object, Object, Object, Object, Object, Object, Object, Object, Object, Object, Object, Object, Object, Object, Object, Object, Object, Object, Object, Object, Object, Object, Object, Object, Object, Object, Object, Object, Object, Object, Object, Object, Object, Object, Object, Object, Object, Object, Object, Object, Object] @ https://crm.smarthiz.vn/main.7779000ecd52102b7ac0.js:0
[   69719ms] [LOG] [Object, Object, Object, Object, Object, Object, Object, Object, Object, Object, Object, Object, Object, Object, Object, Object, Object, Object, Object, Object, Object, Object, Object, Object, Object, Object, Object, Object, Object, Object, Object, Object, Object, Object, Object, Object, Object, Object, Object, Object, Object, Object, Object, Object, Object, Object, Object, Object, Object, Object] @ https://crm.smarthiz.vn/main.7779000ecd52102b7ac0.js:0
[   69719ms] [WARNING] You don't have permission to use DEVTOOL!【type = 6】 @ https://crm.smarthiz.vn/main.7779000ecd52102b7ac0.js:0
[   70451ms] [LOG] JSHandle@node @ https://crm.smarthiz.vn/main.7779000ecd52102b7ac0.js:0
[   70451ms] [LOG] Fri Jul 17 2026 15:03:21 GMT+0700 (Indochina Time) @ https://crm.smarthiz.vn/main.7779000ecd52102b7ac0.js:0
[   70452ms] [LOG] function(){} @ https://crm.smarthiz.vn/main.7779000ecd52102b7ac0.js:0
[   70452ms] [TABLE] [Object, Object, Object, Object, Object, Object, Object, Object, Object, Object, Object, Object, Object, Object, Object, Object, Object, Object, Object, Object, Object, Object, Object, Object, Object, Object, Object, Object, Object, Object, Object, Object, Object, Object, Object, Object, Object, Object, Object, Object, Object, Object, Object, Object, Object, Object, Object, Object, Object, Object] @ https://crm.smarthiz.vn/main.7779000ecd52102b7ac0.js:0
[   70475ms] [LOG] [Object, Object, Object, Object, Object, Object, Object, Object, Object, Object, Object, Object, Object, Object, Object, Object, Object, Object, Object, Object, Object, Object, Object, Object, Object, Object, Object, Object, Object, Object, Object, Object, Object, Object, Object, Object, Object, Object, Object, Object, Object, Object, Object, Object, Object, Object, Object, Object, Object, Object] @ https://crm.smarthiz.vn/main.7779000ecd52102b7ac0.js:0
[   70966ms] [LOG] JSHandle@node @ https://crm.smarthiz.vn/main.7779000ecd52102b7ac0.js:0
[   70966ms] [LOG] Fri Jul 17 2026 15:03:21 GMT+0700 (Indochina Time) @ https://crm.smarthiz.vn/main.7779000ecd52102b7ac0.js:0
[   70966ms] [LOG] function(){} @ https://crm.smarthiz.vn/main.7779000ecd52102b7ac0.js:0
[   70966ms] [TABLE] [Object, Object, Object, Object, Object, Object, Object, Object, Object, Object, Object, Object, Object, Object, Object, Object, Object, Object, Object, Object, Object, Object, Object, Object, Object, Object, Object, Object, Object, Object, Object, Object, Object, Object, Object, Object, Object, Object, Object, Object, Object, Object, Object, Object, Object, Object, Object, Object, Object, Object] @ https://crm.smarthiz.vn/main.7779000ecd52102b7ac0.js:0
[   70987ms] [LOG] [Object, Object, Object, Object, Object, Object, Object, Object, Object, Object, Object, Object, Object, Object, Object, Object, Object, Object, Object, Object, Object, Object, Object, Object, Object, Object, Object, Object, Object, Object, Object, Object, Object, Object, Object, Object, Object, Object, Object, Object, Object, Object, Object, Object, Object, Object, Object, Object, Object, Object] @ https://crm.smarthiz.vn/main.7779000ecd52102b7ac0.js:0
[   71464ms] [LOG] JSHandle@node @ https://crm.smarthiz.vn/main.7779000ecd52102b7ac0.js:0
[   71464ms] [LOG] Fri Jul 17 2026 15:03:21 GMT+0700 (Indochina Time) @ https://crm.smarthiz.vn/main.7779000ecd52102b7ac0.js:0
[   71464ms] [LOG] function(){} @ https://crm.smarthiz.vn/main.7779000ecd52102b7ac0.js:0
[   71464ms] [TABLE] [Object, Object, Object, Object, Object, Object, Object, Object, Object, Object, Object, Object, Object, Object, Object, Object, Object, Object, Object, Object, Object, Object, Object, Object, Object, Object, Object, Object, Object, Object, Object, Object, Object, Object, Object, Object, Object, Object, Object, Object, Object, Object, Object, Object, Object, Object, Object, Object, Object, Object] @ https://crm.smarthiz.vn/main.7779000ecd52102b7ac0.js:0
[   71484ms] [LOG] [Object, Object, Object, Object, Object, Object, Object, Object, Object, Object, Object, Object, Object, Object, Object, Object, Object, Object, Object, Object, Object, Object, Object, Object, Object, Object, Object, Object, Object, Object, Object, Object, Object, Object, Object, Object, Object, Object, Object, Object, Object, Object, Object, Object, Object, Object, Object, Object, Object, Object] @ https://crm.smarthiz.vn/main.7779000ecd52102b7ac0.js:0
[   71963ms] [LOG] JSHandle@node @ https://crm.smarthiz.vn/main.7779000ecd52102b7ac0.js:0
[   71963ms] [LOG] Fri Jul 17 2026 15:03:21 GMT+0700 (Indochina Time) @ https://crm.smarthiz.vn/main.7779000ecd52102b7ac0.js:0
[   71963ms] [LOG] function(){} @ https://crm.smarthiz.vn/main.7779000ecd52102b7ac0.js:0
[   71964ms] [TABLE] [Object, Object, Object, Object, Object, Object, Object, Object, Object, Object, Object, Object, Object, Object, Object, Object, Object, Object, Object, Object, Object, Object, Object, Object, Object, Object, Object, Object, Object, Object, Object, Object, Object, Object, Object, Object, Object, Object, Object, Object, Object, Object, Object, Object, Object, Object, Object, Object, Object, Object] @ https://crm.smarthiz.vn/main.7779000ecd52102b7ac0.js:0
[   71984ms] [LOG] [Object, Object, Object, Object, Object, Object, Object, Object, Object, Object, Object, Object, Object, Object, Object, Object, Object, Object, Object, Object, Object, Object, Object, Object, Object, Object, Object, Object, Object, Object, Object, Object, Object, Object, Object, Object, Object, Object, Object, Object, Object, Object, Object, Object, Object, Object, Object, Object, Object, Object] @ https://crm.smarthiz.vn/main.7779000ecd52102b7ac0.js:0
[   71984ms] [WARNING] You don't have permission to use DEVTOOL!【type = 6】 @ https://crm.smarthiz.vn/main.7779000ecd52102b7ac0.js:0
[   72620ms] [LOG] JSHandle@node @ https://crm.smarthiz.vn/main.7779000ecd52102b7ac0.js:0
[   72620ms] [LOG] Fri Jul 17 2026 15:03:23 GMT+0700 (Indochina Time) @ https://crm.smarthiz.vn/main.7779000ecd52102b7ac0.js:0
[   72621ms] [LOG] function(){} @ https://crm.smarthiz.vn/main.7779000ecd52102b7ac0.js:0
[   72621ms] [TABLE] [Object, Object, Object, Object, Object, Object, Object, Object, Object, Object, Object, Object, Object, Object, Object, Object, Object, Object, Object, Object, Object, Object, Object, Object, Object, Object, Object, Object, Object, Object, Object, Object, Object, Object, Object, Object, Object, Object, Object, Object, Object, Object, Object, Object, Object, Object, Object, Object, Object, Object] @ https://crm.smarthiz.vn/main.7779000ecd52102b7ac0.js:0
[   72643ms] [LOG] [Object, Object, Object, Object, Object, Object, Object, Object, Object, Object, Object, Object, Object, Object, Object, Object, Object, Object, Object, Object, Object, Object, Object, Object, Object, Object, Object, Object, Object, Object, Object, Object, Object, Object, Object, Object, Object, Object, Object, Object, Object, Object, Object, Object, Object, Object, Object, Object, Object, Object] @ https://crm.smarthiz.vn/main.7779000ecd52102b7ac0.js:0
[   73119ms] [LOG] JSHandle@node @ https://crm.smarthiz.vn/main.7779000ecd52102b7ac0.js:0
[   73119ms] [LOG] Fri Jul 17 2026 15:03:23 GMT+0700 (Indochina Time) @ https://crm.smarthiz.vn/main.7779000ecd52102b7ac0.js:0
[   73119ms] [LOG] function(){} @ https://crm.smarthiz.vn/main.7779000ecd52102b7ac0.js:0
[   73119ms] [TABLE] [Object, Object, Object, Object, Object, Object, Object, Object, Object, Object, Object, Object, Object, Object, Object, Object, Object, Object, Object, Object, Object, Object, Object, Object, Object, Object, Object, Object, Object, Object, Object, Object, Object, Object, Object, Object, Object, Object, Object, Object, Object, Object, Object, Object, Object, Object, Object, Object, Object, Object] @ https://crm.smarthiz.vn/main.7779000ecd52102b7ac0.js:0
[   73142ms] [LOG] [Object, Object, Object, Object, Object, Object, Object, Object, Object, Object, Object, Object, Object, Object, Object, Object, Object, Object, Object, Object, Object, Object, Object, Object, Object, Object, Object, Object, Object, Object, Object, Object, Object, Object, Object, Object, Object, Object, Object, Object, Object, Object, Object, Object, Object, Object, Object, Object, Object, Object] @ https://crm.smarthiz.vn/main.7779000ecd52102b7ac0.js:0
[   73630ms] [LOG] JSHandle@node @ https://crm.smarthiz.vn/main.7779000ecd52102b7ac0.js:0
[   73630ms] [LOG] Fri Jul 17 2026 15:03:23 GMT+0700 (Indochina Time) @ https://crm.smarthiz.vn/main.7779000ecd52102b7ac0.js:0
[   73631ms] [LOG] function(){} @ https://crm.smarthiz.vn/main.7779000ecd52102b7ac0.js:0
[   73631ms] [TABLE] [Object, Object, Object, Object, Object, Object, Object, Object, Object, Object, Object, Object, Object, Object, Object, Object, Object, Object, Object, Object, Object, Object, Object, Object, Object, Object, Object, Object, Object, Object, Object, Object, Object, Object, Object, Object, Object, Object, Object, Object, Object, Object, Object, Object, Object, Object, Object, Object, Object, Object] @ https://crm.smarthiz.vn/main.7779000ecd52102b7ac0.js:0
[   73651ms] [LOG] [Object, Object, Object, Object, Object, Object, Object, Object, Object, Object, Object, Object, Object, Object, Object, Object, Object, Object, Object, Object, Object, Object, Object, Object, Object, Object, Object, Object, Object, Object, Object, Object, Object, Object, Object, Object, Object, Object, Object, Object, Object, Object, Object, Object, Object, Object, Object, Object, Object, Object] @ https://crm.smarthiz.vn/main.7779000ecd52102b7ac0.js:0
[   74129ms] [LOG] JSHandle@node @ https://crm.smarthiz.vn/main.7779000ecd52102b7ac0.js:0
[   74129ms] [LOG] Fri Jul 17 2026 15:03:23 GMT+0700 (Indochina Time) @ https://crm.smarthiz.vn/main.7779000ecd52102b7ac0.js:0
[   74129ms] [LOG] function(){} @ https://crm.smarthiz.vn/main.7779000ecd52102b7ac0.js:0
[   74129ms] [TABLE] [Object, Object, Object, Object, Object, Object, Object, Object, Object, Object, Object, Object, Object, Object, Object, Object, Object, Object, Object, Object, Object, Object, Object, Object, Object, Object, Object, Object, Object, Object, Object, Object, Object, Object, Object, Object, Object, Object, Object, Object, Object, Object, Object, Object, Object, Object, Object, Object, Object, Object] @ https://crm.smarthiz.vn/main.7779000ecd52102b7ac0.js:0
[   74150ms] [LOG] [Object, Object, Object, Object, Object, Object, Object, Object, Object, Object, Object, Object, Object, Object, Object, Object, Object, Object, Object, Object, Object, Object, Object, Object, Object, Object, Object, Object, Object, Object, Object, Object, Object, Object, Object, Object, Object, Object, Object, Object, Object, Object, Object, Object, Object, Object, Object, Object, Object, Object] @ https://crm.smarthiz.vn/main.7779000ecd52102b7ac0.js:0
[   74629ms] [LOG] JSHandle@node @ https://crm.smarthiz.vn/main.7779000ecd52102b7ac0.js:0
[   74630ms] [LOG] Fri Jul 17 2026 15:03:23 GMT+0700 (Indochina Time) @ https://crm.smarthiz.vn/main.7779000ecd52102b7ac0.js:0
[   74630ms] [LOG] function(){} @ https://crm.smarthiz.vn/main.7779000ecd52102b7ac0.js:0
[   74630ms] [TABLE] [Object, Object, Object, Object, Object, Object, Object, Object, Object, Object, Object, Object, Object, Object, Object, Object, Object, Object, Object, Object, Object, Object, Object, Object, Object, Object, Object, Object, Object, Object, Object, Object, Object, Object, Object, Object, Object, Object, Object, Object, Object, Object, Object, Object, Object, Object, Object, Object, Object, Object] @ https://crm.smarthiz.vn/main.7779000ecd52102b7ac0.js:0
[   74650ms] [LOG] [Object, Object, Object, Object, Object, Object, Object, Object, Object, Object, Object, Object, Object, Object, Object, Object, Object, Object, Object, Object, Object, Object, Object, Object, Object, Object, Object, Object, Object, Object, Object, Object, Object, Object, Object, Object, Object, Object, Object, Object, Object, Object, Object, Object, Object, Object, Object, Object, Object, Object] @ https://crm.smarthiz.vn/main.7779000ecd52102b7ac0.js:0
[   75131ms] [LOG] JSHandle@node @ https://crm.smarthiz.vn/main.7779000ecd52102b7ac0.js:0
[   75131ms] [LOG] Fri Jul 17 2026 15:03:23 GMT+0700 (Indochina Time) @ https://crm.smarthiz.vn/main.7779000ecd52102b7ac0.js:0
[   75131ms] [LOG] function(){} @ https://crm.smarthiz.vn/main.7779000ecd52102b7ac0.js:0
[   75131ms] [TABLE] [Object, Object, Object, Object, Object, Object, Object, Object, Object, Object, Object, Object, Object, Object, Object, Object, Object, Object, Object, Object, Object, Object, Object, Object, Object, Object, Object, Object, Object, Object, Object, Object, Object, Object, Object, Object, Object, Object, Object, Object, Object, Object, Object, Object, Object, Object, Object, Object, Object, Object] @ https://crm.smarthiz.vn/main.7779000ecd52102b7ac0.js:0
[   75153ms] [LOG] [Object, Object, Object, Object, Object, Object, Object, Object, Object, Object, Object, Object, Object, Object, Object, Object, Object, Object, Object, Object, Object, Object, Object, Object, Object, Object, Object, Object, Object, Object, Object, Object, Object, Object, Object, Object, Object, Object, Object, Object, Object, Object, Object, Object, Object, Object, Object, Object, Object, Object] @ https://crm.smarthiz.vn/main.7779000ecd52102b7ac0.js:0
[   75153ms] [WARNING] You don't have permission to use DEVTOOL!【type = 6】 @ https://crm.smarthiz.vn/main.7779000ecd52102b7ac0.js:0
[   75892ms] [LOG] JSHandle@node @ https://crm.smarthiz.vn/main.7779000ecd52102b7ac0.js:0
[   75893ms] [LOG] Fri Jul 17 2026 15:03:26 GMT+0700 (Indochina Time) @ https://crm.smarthiz.vn/main.7779000ecd52102b7ac0.js:0
[   75893ms] [LOG] function(){} @ https://crm.smarthiz.vn/main.7779000ecd52102b7ac0.js:0
[   75893ms] [TABLE] [Object, Object, Object, Object, Object, Object, Object, Object, Object, Object, Object, Object, Object, Object, Object, Object, Object, Object, Object, Object, Object, Object, Object, Object, Object, Object, Object, Object, Object, Object, Object, Object, Object, Object, Object, Object, Object, Object, Object, Object, Object, Object, Object, Object, Object, Object, Object, Object, Object, Object] @ https://crm.smarthiz.vn/main.7779000ecd52102b7ac0.js:0
[   75915ms] [LOG] [Object, Object, Object, Object, Object, Object, Object, Object, Object, Object, Object, Object, Object, Object, Object, Object, Object, Object, Object, Object, Object, Object, Object, Object, Object, Object, Object, Object, Object, Object, Object, Object, Object, Object, Object, Object, Object, Object, Object, Object, Object, Object, Object, Object, Object, Object, Object, Object, Object, Object] @ https://crm.smarthiz.vn/main.7779000ecd52102b7ac0.js:0
[   75915ms] [WARNING] You don't have permission to use DEVTOOL!【type = 6】 @ https://crm.smarthiz.vn/main.7779000ecd52102b7ac0.js:0
[   76553ms] [LOG] JSHandle@node @ https://crm.smarthiz.vn/main.7779000ecd52102b7ac0.js:0
[   76553ms] [LOG] Fri Jul 17 2026 15:03:27 GMT+0700 (Indochina Time) @ https://crm.smarthiz.vn/main.7779000ecd52102b7ac0.js:0
[   76553ms] [LOG] function(){} @ https://crm.smarthiz.vn/main.7779000ecd52102b7ac0.js:0
[   76553ms] [TABLE] [Object, Object, Object, Object, Object, Object, Object, Object, Object, Object, Object, Object, Object, Object, Object, Object, Object, Object, Object, Object, Object, Object, Object, Object, Object, Object, Object, Object, Object, Object, Object, Object, Object, Object, Object, Object, Object, Object, Object, Object, Object, Object, Object, Object, Object, Object, Object, Object, Object, Object] @ https://crm.smarthiz.vn/main.7779000ecd52102b7ac0.js:0
[   76575ms] [LOG] [Object, Object, Object, Object, Object, Object, Object, Object, Object, Object, Object, Object, Object, Object, Object, Object, Object, Object, Object, Object, Object, Object, Object, Object, Object, Object, Object, Object, Object, Object, Object, Object, Object, Object, Object, Object, Object, Object, Object, Object, Object, Object, Object, Object, Object, Object, Object, Object, Object, Object] @ https://crm.smarthiz.vn/main.7779000ecd52102b7ac0.js:0
[   77063ms] [LOG] JSHandle@node @ https://crm.smarthiz.vn/main.7779000ecd52102b7ac0.js:0
[   77063ms] [LOG] Fri Jul 17 2026 15:03:27 GMT+0700 (Indochina Time) @ https://crm.smarthiz.vn/main.7779000ecd52102b7ac0.js:0
[   77063ms] [LOG] function(){} @ https://crm.smarthiz.vn/main.7779000ecd52102b7ac0.js:0
[   77063ms] [TABLE] [Object, Object, Object, Object, Object, Object, Object, Object, Object, Object, Object, Object, Object, Object, Object, Object, Object, Object, Object, Object, Object, Object, Object, Object, Object, Object, Object, Object, Object, Object, Object, Object, Object, Object, Object, Object, Object, Object, Object, Object, Object, Object, Object, Object, Object, Object, Object, Object, Object, Object] @ https://crm.smarthiz.vn/main.7779000ecd52102b7ac0.js:0
[   77084ms] [LOG] [Object, Object, Object, Object, Object, Object, Object, Object, Object, Object, Object, Object, Object, Object, Object, Object, Object, Object, Object, Object, Object, Object, Object, Object, Object, Object, Object, Object, Object, Object, Object, Object, Object, Object, Object, Object, Object, Object, Object, Object, Object, Object, Object, Object, Object, Object, Object, Object, Object, Object] @ https://crm.smarthiz.vn/main.7779000ecd52102b7ac0.js:0
[   77560ms] [LOG] JSHandle@node @ https://crm.smarthiz.vn/main.7779000ecd52102b7ac0.js:0
[   77560ms] [LOG] Fri Jul 17 2026 15:03:27 GMT+0700 (Indochina Time) @ https://crm.smarthiz.vn/main.7779000ecd52102b7ac0.js:0
[   77560ms] [LOG] function(){} @ https://crm.smarthiz.vn/main.7779000ecd52102b7ac0.js:0
[   77560ms] [TABLE] [Object, Object, Object, Object, Object, Object, Object, Object, Object, Object, Object, Object, Object, Object, Object, Object, Object, Object, Object, Object, Object, Object, Object, Object, Object, Object, Object, Object, Object, Object, Object, Object, Object, Object, Object, Object, Object, Object, Object, Object, Object, Object, Object, Object, Object, Object, Object, Object, Object, Object] @ https://crm.smarthiz.vn/main.7779000ecd52102b7ac0.js:0
[   77580ms] [LOG] [Object, Object, Object, Object, Object, Object, Object, Object, Object, Object, Object, Object, Object, Object, Object, Object, Object, Object, Object, Object, Object, Object, Object, Object, Object, Object, Object, Object, Object, Object, Object, Object, Object, Object, Object, Object, Object, Object, Object, Object, Object, Object, Object, Object, Object, Object, Object, Object, Object, Object] @ https://crm.smarthiz.vn/main.7779000ecd52102b7ac0.js:0
[   78060ms] [LOG] JSHandle@node @ https://crm.smarthiz.vn/main.7779000ecd52102b7ac0.js:0
[   78061ms] [LOG] Fri Jul 17 2026 15:03:27 GMT+0700 (Indochina Time) @ https://crm.smarthiz.vn/main.7779000ecd52102b7ac0.js:0
[   78061ms] [LOG] function(){} @ https://crm.smarthiz.vn/main.7779000ecd52102b7ac0.js:0
[   78061ms] [TABLE] [Object, Object, Object, Object, Object, Object, Object, Object, Object, Object, Object, Object, Object, Object, Object, Object, Object, Object, Object, Object, Object, Object, Object, Object, Object, Object, Object, Object, Object, Object, Object, Object, Object, Object, Object, Object, Object, Object, Object, Object, Object, Object, Object, Object, Object, Object, Object, Object, Object, Object] @ https://crm.smarthiz.vn/main.7779000ecd52102b7ac0.js:0
[   78085ms] [LOG] [Object, Object, Object, Object, Object, Object, Object, Object, Object, Object, Object, Object, Object, Object, Object, Object, Object, Object, Object, Object, Object, Object, Object, Object, Object, Object, Object, Object, Object, Object, Object, Object, Object, Object, Object, Object, Object, Object, Object, Object, Object, Object, Object, Object, Object, Object, Object, Object, Object, Object] @ https://crm.smarthiz.vn/main.7779000ecd52102b7ac0.js:0
[   78561ms] [LOG] JSHandle@node @ https://crm.smarthiz.vn/main.7779000ecd52102b7ac0.js:0
[   78561ms] [LOG] Fri Jul 17 2026 15:03:27 GMT+0700 (Indochina Time) @ https://crm.smarthiz.vn/main.7779000ecd52102b7ac0.js:0
[   78561ms] [LOG] function(){} @ https://crm.smarthiz.vn/main.7779000ecd52102b7ac0.js:0
[   78561ms] [TABLE] [Object, Object, Object, Object, Object, Object, Object, Object, Object, Object, Object, Object, Object, Object, Object, Object, Object, Object, Object, Object, Object, Object, Object, Object, Object, Object, Object, Object, Object, Object, Object, Object, Object, Object, Object, Object, Object, Object, Object, Object, Object, Object, Object, Object, Object, Object, Object, Object, Object, Object] @ https://crm.smarthiz.vn/main.7779000ecd52102b7ac0.js:0
[   78583ms] [LOG] [Object, Object, Object, Object, Object, Object, Object, Object, Object, Object, Object, Object, Object, Object, Object, Object, Object, Object, Object, Object, Object, Object, Object, Object, Object, Object, Object, Object, Object, Object, Object, Object, Object, Object, Object, Object, Object, Object, Object, Object, Object, Object, Object, Object, Object, Object, Object, Object, Object, Object] @ https://crm.smarthiz.vn/main.7779000ecd52102b7ac0.js:0
[   79061ms] [LOG] JSHandle@node @ https://crm.smarthiz.vn/main.7779000ecd52102b7ac0.js:0
[   79061ms] [LOG] Fri Jul 17 2026 15:03:27 GMT+0700 (Indochina Time) @ https://crm.smarthiz.vn/main.7779000ecd52102b7ac0.js:0
[   79062ms] [LOG] function(){} @ https://crm.smarthiz.vn/main.7779000ecd52102b7ac0.js:0
[   79062ms] [TABLE] [Object, Object, Object, Object, Object, Object, Object, Object, Object, Object, Object, Object, Object, Object, Object, Object, Object, Object, Object, Object, Object, Object, Object, Object, Object, Object, Object, Object, Object, Object, Object, Object, Object, Object, Object, Object, Object, Object, Object, Object, Object, Object, Object, Object, Object, Object, Object, Object, Object, Object] @ https://crm.smarthiz.vn/main.7779000ecd52102b7ac0.js:0
[   79086ms] [LOG] [Object, Object, Object, Object, Object, Object, Object, Object, Object, Object, Object, Object, Object, Object, Object, Object, Object, Object, Object, Object, Object, Object, Object, Object, Object, Object, Object, Object, Object, Object, Object, Object, Object, Object, Object, Object, Object, Object, Object, Object, Object, Object, Object, Object, Object, Object, Object, Object, Object, Object] @ https://crm.smarthiz.vn/main.7779000ecd52102b7ac0.js:0
[   79557ms] [LOG] JSHandle@node @ https://crm.smarthiz.vn/main.7779000ecd52102b7ac0.js:0
[   79558ms] [LOG] Fri Jul 17 2026 15:03:27 GMT+0700 (Indochina Time) @ https://crm.smarthiz.vn/main.7779000ecd52102b7ac0.js:0
[   79558ms] [LOG] function(){} @ https://crm.smarthiz.vn/main.7779000ecd52102b7ac0.js:0
[   79558ms] [TABLE] [Object, Object, Object, Object, Object, Object, Object, Object, Object, Object, Object, Object, Object, Object, Object, Object, Object, Object, Object, Object, Object, Object, Object, Object, Object, Object, Object, Object, Object, Object, Object, Object, Object, Object, Object, Object, Object, Object, Object, Object, Object, Object, Object, Object, Object, Object, Object, Object, Object, Object] @ https://crm.smarthiz.vn/main.7779000ecd52102b7ac0.js:0
[   79579ms] [LOG] [Object, Object, Object, Object, Object, Object, Object, Object, Object, Object, Object, Object, Object, Object, Object, Object, Object, Object, Object, Object, Object, Object, Object, Object, Object, Object, Object, Object, Object, Object, Object, Object, Object, Object, Object, Object, Object, Object, Object, Object, Object, Object, Object, Object, Object, Object, Object, Object, Object, Object] @ https://crm.smarthiz.vn/main.7779000ecd52102b7ac0.js:0
[   80059ms] [LOG] JSHandle@node @ https://crm.smarthiz.vn/main.7779000ecd52102b7ac0.js:0
[   80059ms] [LOG] Fri Jul 17 2026 15:03:27 GMT+0700 (Indochina Time) @ https://crm.smarthiz.vn/main.7779000ecd52102b7ac0.js:0
[   80059ms] [LOG] function(){} @ https://crm.smarthiz.vn/main.7779000ecd52102b7ac0.js:0
[   80059ms] [TABLE] [Object, Object, Object, Object, Object, Object, Object, Object, Object, Object, Object, Object, Object, Object, Object, Object, Object, Object, Object, Object, Object, Object, Object, Object, Object, Object, Object, Object, Object, Object, Object, Object, Object, Object, Object, Object, Object, Object, Object, Object, Object, Object, Object, Object, Object, Object, Object, Object, Object, Object] @ https://crm.smarthiz.vn/main.7779000ecd52102b7ac0.js:0
[   80079ms] [LOG] [Object, Object, Object, Object, Object, Object, Object, Object, Object, Object, Object, Object, Object, Object, Object, Object, Object, Object, Object, Object, Object, Object, Object, Object, Object, Object, Object, Object, Object, Object, Object, Object, Object, Object, Object, Object, Object, Object, Object, Object, Object, Object, Object, Object, Object, Object, Object, Object, Object, Object] @ https://crm.smarthiz.vn/main.7779000ecd52102b7ac0.js:0
[   80079ms] [WARNING] You don't have permission to use DEVTOOL!【type = 6】 @ https://crm.smarthiz.vn/main.7779000ecd52102b7ac0.js:0
[   80824ms] [LOG] JSHandle@node @ https://crm.smarthiz.vn/main.7779000ecd52102b7ac0.js:0
[   80824ms] [LOG] Fri Jul 17 2026 15:03:31 GMT+0700 (Indochina Time) @ https://crm.smarthiz.vn/main.7779000ecd52102b7ac0.js:0
[   80824ms] [LOG] function(){} @ https://crm.smarthiz.vn/main.7779000ecd52102b7ac0.js:0
[   80824ms] [TABLE] [Object, Object, Object, Object, Object, Object, Object, Object, Object, Object, Object, Object, Object, Object, Object, Object, Object, Object, Object, Object, Object, Object, Object, Object, Object, Object, Object, Object, Object, Object, Object, Object, Object, Object, Object, Object, Object, Object, Object, Object, Object, Object, Object, Object, Object, Object, Object, Object, Object, Object] @ https://crm.smarthiz.vn/main.7779000ecd52102b7ac0.js:0
[   80847ms] [LOG] [Object, Object, Object, Object, Object, Object, Object, Object, Object, Object, Object, Object, Object, Object, Object, Object, Object, Object, Object, Object, Object, Object, Object, Object, Object, Object, Object, Object, Object, Object, Object, Object, Object, Object, Object, Object, Object, Object, Object, Object, Object, Object, Object, Object, Object, Object, Object, Object, Object, Object] @ https://crm.smarthiz.vn/main.7779000ecd52102b7ac0.js:0
[   81324ms] [LOG] JSHandle@node @ https://crm.smarthiz.vn/main.7779000ecd52102b7ac0.js:0
[   81324ms] [LOG] Fri Jul 17 2026 15:03:31 GMT+0700 (Indochina Time) @ https://crm.smarthiz.vn/main.7779000ecd52102b7ac0.js:0
[   81324ms] [LOG] function(){} @ https://crm.smarthiz.vn/main.7779000ecd52102b7ac0.js:0
[   81325ms] [TABLE] [Object, Object, Object, Object, Object, Object, Object, Object, Object, Object, Object, Object, Object, Object, Object, Object, Object, Object, Object, Object, Object, Object, Object, Object, Object, Object, Object, Object, Object, Object, Object, Object, Object, Object, Object, Object, Object, Object, Object, Object, Object, Object, Object, Object, Object, Object, Object, Object, Object, Object] @ https://crm.smarthiz.vn/main.7779000ecd52102b7ac0.js:0
[   81348ms] [LOG] [Object, Object, Object, Object, Object, Object, Object, Object, Object, Object, Object, Object, Object, Object, Object, Object, Object, Object, Object, Object, Object, Object, Object, Object, Object, Object, Object, Object, Object, Object, Object, Object, Object, Object, Object, Object, Object, Object, Object, Object, Object, Object, Object, Object, Object, Object, Object, Object, Object, Object] @ https://crm.smarthiz.vn/main.7779000ecd52102b7ac0.js:0
[   81824ms] [LOG] JSHandle@node @ https://crm.smarthiz.vn/main.7779000ecd52102b7ac0.js:0
[   81825ms] [LOG] Fri Jul 17 2026 15:03:31 GMT+0700 (Indochina Time) @ https://crm.smarthiz.vn/main.7779000ecd52102b7ac0.js:0
[   81825ms] [LOG] function(){} @ https://crm.smarthiz.vn/main.7779000ecd52102b7ac0.js:0
[   81825ms] [TABLE] [Object, Object, Object, Object, Object, Object, Object, Object, Object, Object, Object, Object, Object, Object, Object, Object, Object, Object, Object, Object, Object, Object, Object, Object, Object, Object, Object, Object, Object, Object, Object, Object, Object, Object, Object, Object, Object, Object, Object, Object, Object, Object, Object, Object, Object, Object, Object, Object, Object, Object] @ https://crm.smarthiz.vn/main.7779000ecd52102b7ac0.js:0
[   81846ms] [LOG] [Object, Object, Object, Object, Object, Object, Object, Object, Object, Object, Object, Object, Object, Object, Object, Object, Object, Object, Object, Object, Object, Object, Object, Object, Object, Object, Object, Object, Object, Object, Object, Object, Object, Object, Object, Object, Object, Object, Object, Object, Object, Object, Object, Object, Object, Object, Object, Object, Object, Object] @ https://crm.smarthiz.vn/main.7779000ecd52102b7ac0.js:0
[   82337ms] [LOG] JSHandle@node @ https://crm.smarthiz.vn/main.7779000ecd52102b7ac0.js:0
[   82338ms] [LOG] Fri Jul 17 2026 15:03:31 GMT+0700 (Indochina Time) @ https://crm.smarthiz.vn/main.7779000ecd52102b7ac0.js:0
[   82338ms] [LOG] function(){} @ https://crm.smarthiz.vn/main.7779000ecd52102b7ac0.js:0
[   82338ms] [TABLE] [Object, Object, Object, Object, Object, Object, Object, Object, Object, Object, Object, Object, Object, Object, Object, Object, Object, Object, Object, Object, Object, Object, Object, Object, Object, Object, Object, Object, Object, Object, Object, Object, Object, Object, Object, Object, Object, Object, Object, Object, Object, Object, Object, Object, Object, Object, Object, Object, Object, Object] @ https://crm.smarthiz.vn/main.7779000ecd52102b7ac0.js:0
[   82358ms] [LOG] [Object, Object, Object, Object, Object, Object, Object, Object, Object, Object, Object, Object, Object, Object, Object, Object, Object, Object, Object, Object, Object, Object, Object, Object, Object, Object, Object, Object, Object, Object, Object, Object, Object, Object, Object, Object, Object, Object, Object, Object, Object, Object, Object, Object, Object, Object, Object, Object, Object, Object] @ https://crm.smarthiz.vn/main.7779000ecd52102b7ac0.js:0
[   82824ms] [LOG] JSHandle@node @ https://crm.smarthiz.vn/main.7779000ecd52102b7ac0.js:0
[   82825ms] [LOG] Fri Jul 17 2026 15:03:31 GMT+0700 (Indochina Time) @ https://crm.smarthiz.vn/main.7779000ecd52102b7ac0.js:0
[   82825ms] [LOG] function(){} @ https://crm.smarthiz.vn/main.7779000ecd52102b7ac0.js:0
[   82825ms] [TABLE] [Object, Object, Object, Object, Object, Object, Object, Object, Object, Object, Object, Object, Object, Object, Object, Object, Object, Object, Object, Object, Object, Object, Object, Object, Object, Object, Object, Object, Object, Object, Object, Object, Object, Object, Object, Object, Object, Object, Object, Object, Object, Object, Object, Object, Object, Object, Object, Object, Object, Object] @ https://crm.smarthiz.vn/main.7779000ecd52102b7ac0.js:0
[   82853ms] [LOG] [Object, Object, Object, Object, Object, Object, Object, Object, Object, Object, Object, Object, Object, Object, Object, Object, Object, Object, Object, Object, Object, Object, Object, Object, Object, Object, Object, Object, Object, Object, Object, Object, Object, Object, Object, Object, Object, Object, Object, Object, Object, Object, Object, Object, Object, Object, Object, Object, Object, Object] @ https://crm.smarthiz.vn/main.7779000ecd52102b7ac0.js:0
[   82853ms] [WARNING] You don't have permission to use DEVTOOL!【type = 6】 @ https://crm.smarthiz.vn/main.7779000ecd52102b7ac0.js:0
[   83554ms] [LOG] JSHandle@node @ https://crm.smarthiz.vn/main.7779000ecd52102b7ac0.js:0
[   83555ms] [LOG] Fri Jul 17 2026 15:03:34 GMT+0700 (Indochina Time) @ https://crm.smarthiz.vn/main.7779000ecd52102b7ac0.js:0
[   83555ms] [LOG] function(){} @ https://crm.smarthiz.vn/main.7779000ecd52102b7ac0.js:0
[   83555ms] [TABLE] [Object, Object, Object, Object, Object, Object, Object, Object, Object, Object, Object, Object, Object, Object, Object, Object, Object, Object, Object, Object, Object, Object, Object, Object, Object, Object, Object, Object, Object, Object, Object, Object, Object, Object, Object, Object, Object, Object, Object, Object, Object, Object, Object, Object, Object, Object, Object, Object, Object, Object] @ https://crm.smarthiz.vn/main.7779000ecd52102b7ac0.js:0
[   83590ms] [LOG] [Object, Object, Object, Object, Object, Object, Object, Object, Object, Object, Object, Object, Object, Object, Object, Object, Object, Object, Object, Object, Object, Object, Object, Object, Object, Object, Object, Object, Object, Object, Object, Object, Object, Object, Object, Object, Object, Object, Object, Object, Object, Object, Object, Object, Object, Object, Object, Object, Object, Object] @ https://crm.smarthiz.vn/main.7779000ecd52102b7ac0.js:0
[   84051ms] [LOG] JSHandle@node @ https://crm.smarthiz.vn/main.7779000ecd52102b7ac0.js:0
[   84051ms] [LOG] Fri Jul 17 2026 15:03:34 GMT+0700 (Indochina Time) @ https://crm.smarthiz.vn/main.7779000ecd52102b7ac0.js:0
[   84051ms] [LOG] function(){} @ https://crm.smarthiz.vn/main.7779000ecd52102b7ac0.js:0
[   84051ms] [TABLE] [Object, Object, Object, Object, Object, Object, Object, Object, Object, Object, Object, Object, Object, Object, Object, Object, Object, Object, Object, Object, Object, Object, Object, Object, Object, Object, Object, Object, Object, Object, Object, Object, Object, Object, Object, Object, Object, Object, Object, Object, Object, Object, Object, Object, Object, Object, Object, Object, Object, Object] @ https://crm.smarthiz.vn/main.7779000ecd52102b7ac0.js:0
[   84073ms] [LOG] [Object, Object, Object, Object, Object, Object, Object, Object, Object, Object, Object, Object, Object, Object, Object, Object, Object, Object, Object, Object, Object, Object, Object, Object, Object, Object, Object, Object, Object, Object, Object, Object, Object, Object, Object, Object, Object, Object, Object, Object, Object, Object, Object, Object, Object, Object, Object, Object, Object, Object] @ https://crm.smarthiz.vn/main.7779000ecd52102b7ac0.js:0
[   84557ms] [LOG] JSHandle@node @ https://crm.smarthiz.vn/main.7779000ecd52102b7ac0.js:0
[   84558ms] [LOG] Fri Jul 17 2026 15:03:34 GMT+0700 (Indochina Time) @ https://crm.smarthiz.vn/main.7779000ecd52102b7ac0.js:0
[   84558ms] [LOG] function(){} @ https://crm.smarthiz.vn/main.7779000ecd52102b7ac0.js:0
[   84558ms] [TABLE] [Object, Object, Object, Object, Object, Object, Object, Object, Object, Object, Object, Object, Object, Object, Object, Object, Object, Object, Object, Object, Object, Object, Object, Object, Object, Object, Object, Object, Object, Object, Object, Object, Object, Object, Object, Object, Object, Object, Object, Object, Object, Object, Object, Object, Object, Object, Object, Object, Object, Object] @ https://crm.smarthiz.vn/main.7779000ecd52102b7ac0.js:0
[   84587ms] [LOG] [Object, Object, Object, Object, Object, Object, Object, Object, Object, Object, Object, Object, Object, Object, Object, Object, Object, Object, Object, Object, Object, Object, Object, Object, Object, Object, Object, Object, Object, Object, Object, Object, Object, Object, Object, Object, Object, Object, Object, Object, Object, Object, Object, Object, Object, Object, Object, Object, Object, Object] @ https://crm.smarthiz.vn/main.7779000ecd52102b7ac0.js:0
[   84587ms] [WARNING] You don't have permission to use DEVTOOL!【type = 6】 @ https://crm.smarthiz.vn/main.7779000ecd52102b7ac0.js:0
[   85375ms] [LOG] JSHandle@node @ https://crm.smarthiz.vn/main.7779000ecd52102b7ac0.js:0
[   85375ms] [LOG] Fri Jul 17 2026 15:03:36 GMT+0700 (Indochina Time) @ https://crm.smarthiz.vn/main.7779000ecd52102b7ac0.js:0
[   85375ms] [LOG] function(){} @ https://crm.smarthiz.vn/main.7779000ecd52102b7ac0.js:0
[   85375ms] [TABLE] [Object, Object, Object, Object, Object, Object, Object, Object, Object, Object, Object, Object, Object, Object, Object, Object, Object, Object, Object, Object, Object, Object, Object, Object, Object, Object, Object, Object, Object, Object, Object, Object, Object, Object, Object, Object, Object, Object, Object, Object, Object, Object, Object, Object, Object, Object, Object, Object, Object, Object] @ https://crm.smarthiz.vn/main.7779000ecd52102b7ac0.js:0
[   85398ms] [LOG] [Object, Object, Object, Object, Object, Object, Object, Object, Object, Object, Object, Object, Object, Object, Object, Object, Object, Object, Object, Object, Object, Object, Object, Object, Object, Object, Object, Object, Object, Object, Object, Object, Object, Object, Object, Object, Object, Object, Object, Object, Object, Object, Object, Object, Object, Object, Object, Object, Object, Object] @ https://crm.smarthiz.vn/main.7779000ecd52102b7ac0.js:0
[   85398ms] [WARNING] You don't have permission to use DEVTOOL!【type = 6】 @ https://crm.smarthiz.vn/main.7779000ecd52102b7ac0.js:0
[   86149ms] [LOG] JSHandle@node @ https://crm.smarthiz.vn/main.7779000ecd52102b7ac0.js:0
[   86149ms] [LOG] Fri Jul 17 2026 15:03:37 GMT+0700 (Indochina Time) @ https://crm.smarthiz.vn/main.7779000ecd52102b7ac0.js:0
[   86150ms] [LOG] function(){} @ https://crm.smarthiz.vn/main.7779000ecd52102b7ac0.js:0
[   86150ms] [TABLE] [Object, Object, Object, Object, Object, Object, Object, Object, Object, Object, Object, Object, Object, Object, Object, Object, Object, Object, Object, Object, Object, Object, Object, Object, Object, Object, Object, Object, Object, Object, Object, Object, Object, Object, Object, Object, Object, Object, Object, Object, Object, Object, Object, Object, Object, Object, Object, Object, Object, Object] @ https://crm.smarthiz.vn/main.7779000ecd52102b7ac0.js:0
[   86182ms] [LOG] [Object, Object, Object, Object, Object, Object, Object, Object, Object, Object, Object, Object, Object, Object, Object, Object, Object, Object, Object, Object, Object, Object, Object, Object, Object, Object, Object, Object, Object, Object, Object, Object, Object, Object, Object, Object, Object, Object, Object, Object, Object, Object, Object, Object, Object, Object, Object, Object, Object, Object] @ https://crm.smarthiz.vn/main.7779000ecd52102b7ac0.js:0
[   86182ms] [WARNING] You don't have permission to use DEVTOOL!【type = 6】 @ https://crm.smarthiz.vn/main.7779000ecd52102b7ac0.js:0
[   86835ms] [LOG] JSHandle@node @ https://crm.smarthiz.vn/main.7779000ecd52102b7ac0.js:0
[   86835ms] [LOG] Fri Jul 17 2026 15:03:37 GMT+0700 (Indochina Time) @ https://crm.smarthiz.vn/main.7779000ecd52102b7ac0.js:0
[   86835ms] [LOG] function(){} @ https://crm.smarthiz.vn/main.7779000ecd52102b7ac0.js:0
[   86835ms] [TABLE] [Object, Object, Object, Object, Object, Object, Object, Object, Object, Object, Object, Object, Object, Object, Object, Object, Object, Object, Object, Object, Object, Object, Object, Object, Object, Object, Object, Object, Object, Object, Object, Object, Object, Object, Object, Object, Object, Object, Object, Object, Object, Object, Object, Object, Object, Object, Object, Object, Object, Object] @ https://crm.smarthiz.vn/main.7779000ecd52102b7ac0.js:0
[   86857ms] [LOG] [Object, Object, Object, Object, Object, Object, Object, Object, Object, Object, Object, Object, Object, Object, Object, Object, Object, Object, Object, Object, Object, Object, Object, Object, Object, Object, Object, Object, Object, Object, Object, Object, Object, Object, Object, Object, Object, Object, Object, Object, Object, Object, Object, Object, Object, Object, Object, Object, Object, Object] @ https://crm.smarthiz.vn/main.7779000ecd52102b7ac0.js:0
[   87334ms] [LOG] JSHandle@node @ https://crm.smarthiz.vn/main.7779000ecd52102b7ac0.js:0
[   87334ms] [LOG] Fri Jul 17 2026 15:03:37 GMT+0700 (Indochina Time) @ https://crm.smarthiz.vn/main.7779000ecd52102b7ac0.js:0
[   87334ms] [LOG] function(){} @ https://crm.smarthiz.vn/main.7779000ecd52102b7ac0.js:0
[   87334ms] [TABLE] [Object, Object, Object, Object, Object, Object, Object, Object, Object, Object, Object, Object, Object, Object, Object, Object, Object, Object, Object, Object, Object, Object, Object, Object, Object, Object, Object, Object, Object, Object, Object, Object, Object, Object, Object, Object, Object, Object, Object, Object, Object, Object, Object, Object, Object, Object, Object, Object, Object, Object] @ https://crm.smarthiz.vn/main.7779000ecd52102b7ac0.js:0
[   87360ms] [LOG] [Object, Object, Object, Object, Object, Object, Object, Object, Object, Object, Object, Object, Object, Object, Object, Object, Object, Object, Object, Object, Object, Object, Object, Object, Object, Object, Object, Object, Object, Object, Object, Object, Object, Object, Object, Object, Object, Object, Object, Object, Object, Object, Object, Object, Object, Object, Object, Object, Object, Object] @ https://crm.smarthiz.vn/main.7779000ecd52102b7ac0.js:0
[   87837ms] [LOG] JSHandle@node @ https://crm.smarthiz.vn/main.7779000ecd52102b7ac0.js:0
[   87837ms] [LOG] Fri Jul 17 2026 15:03:37 GMT+0700 (Indochina Time) @ https://crm.smarthiz.vn/main.7779000ecd52102b7ac0.js:0
[   87837ms] [LOG] function(){} @ https://crm.smarthiz.vn/main.7779000ecd52102b7ac0.js:0
[   87837ms] [TABLE] [Object, Object, Object, Object, Object, Object, Object, Object, Object, Object, Object, Object, Object, Object, Object, Object, Object, Object, Object, Object, Object, Object, Object, Object, Object, Object, Object, Object, Object, Object, Object, Object, Object, Object, Object, Object, Object, Object, Object, Object, Object, Object, Object, Object, Object, Object, Object, Object, Object, Object] @ https://crm.smarthiz.vn/main.7779000ecd52102b7ac0.js:0
[   87859ms] [LOG] [Object, Object, Object, Object, Object, Object, Object, Object, Object, Object, Object, Object, Object, Object, Object, Object, Object, Object, Object, Object, Object, Object, Object, Object, Object, Object, Object, Object, Object, Object, Object, Object, Object, Object, Object, Object, Object, Object, Object, Object, Object, Object, Object, Object, Object, Object, Object, Object, Object, Object] @ https://crm.smarthiz.vn/main.7779000ecd52102b7ac0.js:0
[   87859ms] [WARNING] You don't have permission to use DEVTOOL!【type = 6】 @ https://crm.smarthiz.vn/main.7779000ecd52102b7ac0.js:0
[   88581ms] [LOG] JSHandle@node @ https://crm.smarthiz.vn/main.7779000ecd52102b7ac0.js:0
[   88581ms] [LOG] Fri Jul 17 2026 15:03:39 GMT+0700 (Indochina Time) @ https://crm.smarthiz.vn/main.7779000ecd52102b7ac0.js:0
[   88581ms] [LOG] function(){} @ https://crm.smarthiz.vn/main.7779000ecd52102b7ac0.js:0
[   88581ms] [TABLE] [Object, Object, Object, Object, Object, Object, Object, Object, Object, Object, Object, Object, Object, Object, Object, Object, Object, Object, Object, Object, Object, Object, Object, Object, Object, Object, Object, Object, Object, Object, Object, Object, Object, Object, Object, Object, Object, Object, Object, Object, Object, Object, Object, Object, Object, Object, Object, Object, Object, Object] @ https://crm.smarthiz.vn/main.7779000ecd52102b7ac0.js:0
[   88605ms] [LOG] [Object, Object, Object, Object, Object, Object, Object, Object, Object, Object, Object, Object, Object, Object, Object, Object, Object, Object, Object, Object, Object, Object, Object, Object, Object, Object, Object, Object, Object, Object, Object, Object, Object, Object, Object, Object, Object, Object, Object, Object, Object, Object, Object, Object, Object, Object, Object, Object, Object, Object] @ https://crm.smarthiz.vn/main.7779000ecd52102b7ac0.js:0
[   89082ms] [LOG] JSHandle@node @ https://crm.smarthiz.vn/main.7779000ecd52102b7ac0.js:0
[   89083ms] [LOG] Fri Jul 17 2026 15:03:39 GMT+0700 (Indochina Time) @ https://crm.smarthiz.vn/main.7779000ecd52102b7ac0.js:0
[   89083ms] [LOG] function(){} @ https://crm.smarthiz.vn/main.7779000ecd52102b7ac0.js:0
[   89083ms] [TABLE] [Object, Object, Object, Object, Object, Object, Object, Object, Object, Object, Object, Object, Object, Object, Object, Object, Object, Object, Object, Object, Object, Object, Object, Object, Object, Object, Object, Object, Object, Object, Object, Object, Object, Object, Object, Object, Object, Object, Object, Object, Object, Object, Object, Object, Object, Object, Object, Object, Object, Object] @ https://crm.smarthiz.vn/main.7779000ecd52102b7ac0.js:0
[   89117ms] [LOG] [Object, Object, Object, Object, Object, Object, Object, Object, Object, Object, Object, Object, Object, Object, Object, Object, Object, Object, Object, Object, Object, Object, Object, Object, Object, Object, Object, Object, Object, Object, Object, Object, Object, Object, Object, Object, Object, Object, Object, Object, Object, Object, Object, Object, Object, Object, Object, Object, Object, Object] @ https://crm.smarthiz.vn/main.7779000ecd52102b7ac0.js:0
[   89118ms] [WARNING] You don't have permission to use DEVTOOL!【type = 6】 @ https://crm.smarthiz.vn/main.7779000ecd52102b7ac0.js:0
[   89891ms] [LOG] JSHandle@node @ https://crm.smarthiz.vn/main.7779000ecd52102b7ac0.js:0
[   89892ms] [LOG] Fri Jul 17 2026 15:03:40 GMT+0700 (Indochina Time) @ https://crm.smarthiz.vn/main.7779000ecd52102b7ac0.js:0
[   89892ms] [LOG] function(){} @ https://crm.smarthiz.vn/main.7779000ecd52102b7ac0.js:0
[   89892ms] [TABLE] [Object, Object, Object, Object, Object, Object, Object, Object, Object, Object, Object, Object, Object, Object, Object, Object, Object, Object, Object, Object, Object, Object, Object, Object, Object, Object, Object, Object, Object, Object, Object, Object, Object, Object, Object, Object, Object, Object, Object, Object, Object, Object, Object, Object, Object, Object, Object, Object, Object, Object] @ https://crm.smarthiz.vn/main.7779000ecd52102b7ac0.js:0
[   89915ms] [LOG] [Object, Object, Object, Object, Object, Object, Object, Object, Object, Object, Object, Object, Object, Object, Object, Object, Object, Object, Object, Object, Object, Object, Object, Object, Object, Object, Object, Object, Object, Object, Object, Object, Object, Object, Object, Object, Object, Object, Object, Object, Object, Object, Object, Object, Object, Object, Object, Object, Object, Object] @ https://crm.smarthiz.vn/main.7779000ecd52102b7ac0.js:0
[   90396ms] [LOG] JSHandle@node @ https://crm.smarthiz.vn/main.7779000ecd52102b7ac0.js:0
[   90397ms] [LOG] Fri Jul 17 2026 15:03:40 GMT+0700 (Indochina Time) @ https://crm.smarthiz.vn/main.7779000ecd52102b7ac0.js:0
[   90397ms] [LOG] function(){} @ https://crm.smarthiz.vn/main.7779000ecd52102b7ac0.js:0
[   90397ms] [TABLE] [Object, Object, Object, Object, Object, Object, Object, Object, Object, Object, Object, Object, Object, Object, Object, Object, Object, Object, Object, Object, Object, Object, Object, Object, Object, Object, Object, Object, Object, Object, Object, Object, Object, Object, Object, Object, Object, Object, Object, Object, Object, Object, Object, Object, Object, Object, Object, Object, Object, Object] @ https://crm.smarthiz.vn/main.7779000ecd52102b7ac0.js:0
[   90438ms] [LOG] [Object, Object, Object, Object, Object, Object, Object, Object, Object, Object, Object, Object, Object, Object, Object, Object, Object, Object, Object, Object, Object, Object, Object, Object, Object, Object, Object, Object, Object, Object, Object, Object, Object, Object, Object, Object, Object, Object, Object, Object, Object, Object, Object, Object, Object, Object, Object, Object, Object, Object] @ https://crm.smarthiz.vn/main.7779000ecd52102b7ac0.js:0
[   90892ms] [LOG] JSHandle@node @ https://crm.smarthiz.vn/main.7779000ecd52102b7ac0.js:0
[   90892ms] [LOG] Fri Jul 17 2026 15:03:40 GMT+0700 (Indochina Time) @ https://crm.smarthiz.vn/main.7779000ecd52102b7ac0.js:0
[   90892ms] [LOG] function(){} @ https://crm.smarthiz.vn/main.7779000ecd52102b7ac0.js:0
[   90893ms] [TABLE] [Object, Object, Object, Object, Object, Object, Object, Object, Object, Object, Object, Object, Object, Object, Object, Object, Object, Object, Object, Object, Object, Object, Object, Object, Object, Object, Object, Object, Object, Object, Object, Object, Object, Object, Object, Object, Object, Object, Object, Object, Object, Object, Object, Object, Object, Object, Object, Object, Object, Object] @ https://crm.smarthiz.vn/main.7779000ecd52102b7ac0.js:0
[   90914ms] [LOG] [Object, Object, Object, Object, Object, Object, Object, Object, Object, Object, Object, Object, Object, Object, Object, Object, Object, Object, Object, Object, Object, Object, Object, Object, Object, Object, Object, Object, Object, Object, Object, Object, Object, Object, Object, Object, Object, Object, Object, Object, Object, Object, Object, Object, Object, Object, Object, Object, Object, Object] @ https://crm.smarthiz.vn/main.7779000ecd52102b7ac0.js:0
[   91392ms] [LOG] JSHandle@node @ https://crm.smarthiz.vn/main.7779000ecd52102b7ac0.js:0
[   91392ms] [LOG] Fri Jul 17 2026 15:03:40 GMT+0700 (Indochina Time) @ https://crm.smarthiz.vn/main.7779000ecd52102b7ac0.js:0
[   91393ms] [LOG] function(){} @ https://crm.smarthiz.vn/main.7779000ecd52102b7ac0.js:0
[   91393ms] [TABLE] [Object, Object, Object, Object, Object, Object, Object, Object, Object, Object, Object, Object, Object, Object, Object, Object, Object, Object, Object, Object, Object, Object, Object, Object, Object, Object, Object, Object, Object, Object, Object, Object, Object, Object, Object, Object, Object, Object, Object, Object, Object, Object, Object, Object, Object, Object, Object, Object, Object, Object] @ https://crm.smarthiz.vn/main.7779000ecd52102b7ac0.js:0
[   91414ms] [LOG] [Object, Object, Object, Object, Object, Object, Object, Object, Object, Object, Object, Object, Object, Object, Object, Object, Object, Object, Object, Object, Object, Object, Object, Object, Object, Object, Object, Object, Object, Object, Object, Object, Object, Object, Object, Object, Object, Object, Object, Object, Object, Object, Object, Object, Object, Object, Object, Object, Object, Object] @ https://crm.smarthiz.vn/main.7779000ecd52102b7ac0.js:0
[   91901ms] [LOG] JSHandle@node @ https://crm.smarthiz.vn/main.7779000ecd52102b7ac0.js:0
[   91902ms] [LOG] Fri Jul 17 2026 15:03:40 GMT+0700 (Indochina Time) @ https://crm.smarthiz.vn/main.7779000ecd52102b7ac0.js:0
[   91902ms] [LOG] function(){} @ https://crm.smarthiz.vn/main.7779000ecd52102b7ac0.js:0
[   91902ms] [TABLE] [Object, Object, Object, Object, Object, Object, Object, Object, Object, Object, Object, Object, Object, Object, Object, Object, Object, Object, Object, Object, Object, Object, Object, Object, Object, Object, Object, Object, Object, Object, Object, Object, Object, Object, Object, Object, Object, Object, Object, Object, Object, Object, Object, Object, Object, Object, Object, Object, Object, Object] @ https://crm.smarthiz.vn/main.7779000ecd52102b7ac0.js:0
[   91923ms] [LOG] [Object, Object, Object, Object, Object, Object, Object, Object, Object, Object, Object, Object, Object, Object, Object, Object, Object, Object, Object, Object, Object, Object, Object, Object, Object, Object, Object, Object, Object, Object, Object, Object, Object, Object, Object, Object, Object, Object, Object, Object, Object, Object, Object, Object, Object, Object, Object, Object, Object, Object] @ https://crm.smarthiz.vn/main.7779000ecd52102b7ac0.js:0
[   92392ms] [LOG] JSHandle@node @ https://crm.smarthiz.vn/main.7779000ecd52102b7ac0.js:0
[   92393ms] [LOG] Fri Jul 17 2026 15:03:40 GMT+0700 (Indochina Time) @ https://crm.smarthiz.vn/main.7779000ecd52102b7ac0.js:0
[   92393ms] [LOG] function(){} @ https://crm.smarthiz.vn/main.7779000ecd52102b7ac0.js:0
[   92393ms] [TABLE] [Object, Object, Object, Object, Object, Object, Object, Object, Object, Object, Object, Object, Object, Object, Object, Object, Object, Object, Object, Object, Object, Object, Object, Object, Object, Object, Object, Object, Object, Object, Object, Object, Object, Object, Object, Object, Object, Object, Object, Object, Object, Object, Object, Object, Object, Object, Object, Object, Object, Object] @ https://crm.smarthiz.vn/main.7779000ecd52102b7ac0.js:0
[   92413ms] [LOG] [Object, Object, Object, Object, Object, Object, Object, Object, Object, Object, Object, Object, Object, Object, Object, Object, Object, Object, Object, Object, Object, Object, Object, Object, Object, Object, Object, Object, Object, Object, Object, Object, Object, Object, Object, Object, Object, Object, Object, Object, Object, Object, Object, Object, Object, Object, Object, Object, Object, Object] @ https://crm.smarthiz.vn/main.7779000ecd52102b7ac0.js:0
[   92892ms] [LOG] JSHandle@node @ https://crm.smarthiz.vn/main.7779000ecd52102b7ac0.js:0
[   92892ms] [LOG] Fri Jul 17 2026 15:03:40 GMT+0700 (Indochina Time) @ https://crm.smarthiz.vn/main.7779000ecd52102b7ac0.js:0
[   92892ms] [LOG] function(){} @ https://crm.smarthiz.vn/main.7779000ecd52102b7ac0.js:0
[   92893ms] [TABLE] [Object, Object, Object, Object, Object, Object, Object, Object, Object, Object, Object, Object, Object, Object, Object, Object, Object, Object, Object, Object, Object, Object, Object, Object, Object, Object, Object, Object, Object, Object, Object, Object, Object, Object, Object, Object, Object, Object, Object, Object, Object, Object, Object, Object, Object, Object, Object, Object, Object, Object] @ https://crm.smarthiz.vn/main.7779000ecd52102b7ac0.js:0
[   92914ms] [LOG] [Object, Object, Object, Object, Object, Object, Object, Object, Object, Object, Object, Object, Object, Object, Object, Object, Object, Object, Object, Object, Object, Object, Object, Object, Object, Object, Object, Object, Object, Object, Object, Object, Object, Object, Object, Object, Object, Object, Object, Object, Object, Object, Object, Object, Object, Object, Object, Object, Object, Object] @ https://crm.smarthiz.vn/main.7779000ecd52102b7ac0.js:0
[   93389ms] [LOG] JSHandle@node @ https://crm.smarthiz.vn/main.7779000ecd52102b7ac0.js:0
[   93389ms] [LOG] Fri Jul 17 2026 15:03:40 GMT+0700 (Indochina Time) @ https://crm.smarthiz.vn/main.7779000ecd52102b7ac0.js:0
[   93390ms] [LOG] function(){} @ https://crm.smarthiz.vn/main.7779000ecd52102b7ac0.js:0
[   93390ms] [TABLE] [Object, Object, Object, Object, Object, Object, Object, Object, Object, Object, Object, Object, Object, Object, Object, Object, Object, Object, Object, Object, Object, Object, Object, Object, Object, Object, Object, Object, Object, Object, Object, Object, Object, Object, Object, Object, Object, Object, Object, Object, Object, Object, Object, Object, Object, Object, Object, Object, Object, Object] @ https://crm.smarthiz.vn/main.7779000ecd52102b7ac0.js:0
[   93410ms] [LOG] [Object, Object, Object, Object, Object, Object, Object, Object, Object, Object, Object, Object, Object, Object, Object, Object, Object, Object, Object, Object, Object, Object, Object, Object, Object, Object, Object, Object, Object, Object, Object, Object, Object, Object, Object, Object, Object, Object, Object, Object, Object, Object, Object, Object, Object, Object, Object, Object, Object, Object] @ https://crm.smarthiz.vn/main.7779000ecd52102b7ac0.js:0
[   93893ms] [LOG] JSHandle@node @ https://crm.smarthiz.vn/main.7779000ecd52102b7ac0.js:0
[   93894ms] [LOG] Fri Jul 17 2026 15:03:40 GMT+0700 (Indochina Time) @ https://crm.smarthiz.vn/main.7779000ecd52102b7ac0.js:0
[   93894ms] [LOG] function(){} @ https://crm.smarthiz.vn/main.7779000ecd52102b7ac0.js:0
[   93894ms] [TABLE] [Object, Object, Object, Object, Object, Object, Object, Object, Object, Object, Object, Object, Object, Object, Object, Object, Object, Object, Object, Object, Object, Object, Object, Object, Object, Object, Object, Object, Object, Object, Object, Object, Object, Object, Object, Object, Object, Object, Object, Object, Object, Object, Object, Object, Object, Object, Object, Object, Object, Object] @ https://crm.smarthiz.vn/main.7779000ecd52102b7ac0.js:0
[   93915ms] [LOG] [Object, Object, Object, Object, Object, Object, Object, Object, Object, Object, Object, Object, Object, Object, Object, Object, Object, Object, Object, Object, Object, Object, Object, Object, Object, Object, Object, Object, Object, Object, Object, Object, Object, Object, Object, Object, Object, Object, Object, Object, Object, Object, Object, Object, Object, Object, Object, Object, Object, Object] @ https://crm.smarthiz.vn/main.7779000ecd52102b7ac0.js:0
[   93915ms] [WARNING] You don't have permission to use DEVTOOL!【type = 6】 @ https://crm.smarthiz.vn/main.7779000ecd52102b7ac0.js:0
[   94654ms] [LOG] JSHandle@node @ https://crm.smarthiz.vn/main.7779000ecd52102b7ac0.js:0
[   94654ms] [LOG] Fri Jul 17 2026 15:03:45 GMT+0700 (Indochina Time) @ https://crm.smarthiz.vn/main.7779000ecd52102b7ac0.js:0
[   94654ms] [LOG] function(){} @ https://crm.smarthiz.vn/main.7779000ecd52102b7ac0.js:0
[   94654ms] [TABLE] [Object, Object, Object, Object, Object, Object, Object, Object, Object, Object, Object, Object, Object, Object, Object, Object, Object, Object, Object, Object, Object, Object, Object, Object, Object, Object, Object, Object, Object, Object, Object, Object, Object, Object, Object, Object, Object, Object, Object, Object, Object, Object, Object, Object, Object, Object, Object, Object, Object, Object] @ https://crm.smarthiz.vn/main.7779000ecd52102b7ac0.js:0
[   94677ms] [LOG] [Object, Object, Object, Object, Object, Object, Object, Object, Object, Object, Object, Object, Object, Object, Object, Object, Object, Object, Object, Object, Object, Object, Object, Object, Object, Object, Object, Object, Object, Object, Object, Object, Object, Object, Object, Object, Object, Object, Object, Object, Object, Object, Object, Object, Object, Object, Object, Object, Object, Object] @ https://crm.smarthiz.vn/main.7779000ecd52102b7ac0.js:0
[   94677ms] [WARNING] You don't have permission to use DEVTOOL!【type = 6】 @ https://crm.smarthiz.vn/main.7779000ecd52102b7ac0.js:0
[   95365ms] [LOG] JSHandle@node @ https://crm.smarthiz.vn/main.7779000ecd52102b7ac0.js:0
[   95365ms] [LOG] Fri Jul 17 2026 15:03:46 GMT+0700 (Indochina Time) @ https://crm.smarthiz.vn/main.7779000ecd52102b7ac0.js:0
[   95365ms] [LOG] function(){} @ https://crm.smarthiz.vn/main.7779000ecd52102b7ac0.js:0
[   95365ms] [TABLE] [Object, Object, Object, Object, Object, Object, Object, Object, Object, Object, Object, Object, Object, Object, Object, Object, Object, Object, Object, Object, Object, Object, Object, Object, Object, Object, Object, Object, Object, Object, Object, Object, Object, Object, Object, Object, Object, Object, Object, Object, Object, Object, Object, Object, Object, Object, Object, Object, Object, Object] @ https://crm.smarthiz.vn/main.7779000ecd52102b7ac0.js:0
[   95387ms] [LOG] [Object, Object, Object, Object, Object, Object, Object, Object, Object, Object, Object, Object, Object, Object, Object, Object, Object, Object, Object, Object, Object, Object, Object, Object, Object, Object, Object, Object, Object, Object, Object, Object, Object, Object, Object, Object, Object, Object, Object, Object, Object, Object, Object, Object, Object, Object, Object, Object, Object, Object] @ https://crm.smarthiz.vn/main.7779000ecd52102b7ac0.js:0
[   95865ms] [LOG] JSHandle@node @ https://crm.smarthiz.vn/main.7779000ecd52102b7ac0.js:0
[   95865ms] [LOG] Fri Jul 17 2026 15:03:46 GMT+0700 (Indochina Time) @ https://crm.smarthiz.vn/main.7779000ecd52102b7ac0.js:0
[   95865ms] [LOG] function(){} @ https://crm.smarthiz.vn/main.7779000ecd52102b7ac0.js:0
[   95865ms] [TABLE] [Object, Object, Object, Object, Object, Object, Object, Object, Object, Object, Object, Object, Object, Object, Object, Object, Object, Object, Object, Object, Object, Object, Object, Object, Object, Object, Object, Object, Object, Object, Object, Object, Object, Object, Object, Object, Object, Object, Object, Object, Object, Object, Object, Object, Object, Object, Object, Object, Object, Object] @ https://crm.smarthiz.vn/main.7779000ecd52102b7ac0.js:0
[   95886ms] [LOG] [Object, Object, Object, Object, Object, Object, Object, Object, Object, Object, Object, Object, Object, Object, Object, Object, Object, Object, Object, Object, Object, Object, Object, Object, Object, Object, Object, Object, Object, Object, Object, Object, Object, Object, Object, Object, Object, Object, Object, Object, Object, Object, Object, Object, Object, Object, Object, Object, Object, Object] @ https://crm.smarthiz.vn/main.7779000ecd52102b7ac0.js:0
[   96365ms] [LOG] JSHandle@node @ https://crm.smarthiz.vn/main.7779000ecd52102b7ac0.js:0
[   96365ms] [LOG] Fri Jul 17 2026 15:03:46 GMT+0700 (Indochina Time) @ https://crm.smarthiz.vn/main.7779000ecd52102b7ac0.js:0
[   96365ms] [LOG] function(){} @ https://crm.smarthiz.vn/main.7779000ecd52102b7ac0.js:0
[   96365ms] [TABLE] [Object, Object, Object, Object, Object, Object, Object, Object, Object, Object, Object, Object, Object, Object, Object, Object, Object, Object, Object, Object, Object, Object, Object, Object, Object, Object, Object, Object, Object, Object, Object, Object, Object, Object, Object, Object, Object, Object, Object, Object, Object, Object, Object, Object, Object, Object, Object, Object, Object, Object] @ https://crm.smarthiz.vn/main.7779000ecd52102b7ac0.js:0
[   96388ms] [LOG] [Object, Object, Object, Object, Object, Object, Object, Object, Object, Object, Object, Object, Object, Object, Object, Object, Object, Object, Object, Object, Object, Object, Object, Object, Object, Object, Object, Object, Object, Object, Object, Object, Object, Object, Object, Object, Object, Object, Object, Object, Object, Object, Object, Object, Object, Object, Object, Object, Object, Object] @ https://crm.smarthiz.vn/main.7779000ecd52102b7ac0.js:0
[   96388ms] [WARNING] You don't have permission to use DEVTOOL!【type = 6】 @ https://crm.smarthiz.vn/main.7779000ecd52102b7ac0.js:0
[   97125ms] [LOG] JSHandle@node @ https://crm.smarthiz.vn/main.7779000ecd52102b7ac0.js:0
[   97126ms] [LOG] Fri Jul 17 2026 15:03:48 GMT+0700 (Indochina Time) @ https://crm.smarthiz.vn/main.7779000ecd52102b7ac0.js:0
[   97126ms] [LOG] function(){} @ https://crm.smarthiz.vn/main.7779000ecd52102b7ac0.js:0
[   97126ms] [TABLE] [Object, Object, Object, Object, Object, Object, Object, Object, Object, Object, Object, Object, Object, Object, Object, Object, Object, Object, Object, Object, Object, Object, Object, Object, Object, Object, Object, Object, Object, Object, Object, Object, Object, Object, Object, Object, Object, Object, Object, Object, Object, Object, Object, Object, Object, Object, Object, Object, Object, Object] @ https://crm.smarthiz.vn/main.7779000ecd52102b7ac0.js:0
[   97149ms] [LOG] [Object, Object, Object, Object, Object, Object, Object, Object, Object, Object, Object, Object, Object, Object, Object, Object, Object, Object, Object, Object, Object, Object, Object, Object, Object, Object, Object, Object, Object, Object, Object, Object, Object, Object, Object, Object, Object, Object, Object, Object, Object, Object, Object, Object, Object, Object, Object, Object, Object, Object] @ https://crm.smarthiz.vn/main.7779000ecd52102b7ac0.js:0
[   97625ms] [LOG] JSHandle@node @ https://crm.smarthiz.vn/main.7779000ecd52102b7ac0.js:0
[   97626ms] [LOG] Fri Jul 17 2026 15:03:48 GMT+0700 (Indochina Time) @ https://crm.smarthiz.vn/main.7779000ecd52102b7ac0.js:0
[   97626ms] [LOG] function(){} @ https://crm.smarthiz.vn/main.7779000ecd52102b7ac0.js:0
[   97626ms] [TABLE] [Object, Object, Object, Object, Object, Object, Object, Object, Object, Object, Object, Object, Object, Object, Object, Object, Object, Object, Object, Object, Object, Object, Object, Object, Object, Object, Object, Object, Object, Object, Object, Object, Object, Object, Object, Object, Object, Object, Object, Object, Object, Object, Object, Object, Object, Object, Object, Object, Object, Object] @ https://crm.smarthiz.vn/main.7779000ecd52102b7ac0.js:0
[   97648ms] [LOG] [Object, Object, Object, Object, Object, Object, Object, Object, Object, Object, Object, Object, Object, Object, Object, Object, Object, Object, Object, Object, Object, Object, Object, Object, Object, Object, Object, Object, Object, Object, Object, Object, Object, Object, Object, Object, Object, Object, Object, Object, Object, Object, Object, Object, Object, Object, Object, Object, Object, Object] @ https://crm.smarthiz.vn/main.7779000ecd52102b7ac0.js:0
[   98121ms] [LOG] JSHandle@node @ https://crm.smarthiz.vn/main.7779000ecd52102b7ac0.js:0
[   98121ms] [LOG] Fri Jul 17 2026 15:03:48 GMT+0700 (Indochina Time) @ https://crm.smarthiz.vn/main.7779000ecd52102b7ac0.js:0
[   98121ms] [LOG] function(){} @ https://crm.smarthiz.vn/main.7779000ecd52102b7ac0.js:0
[   98121ms] [TABLE] [Object, Object, Object, Object, Object, Object, Object, Object, Object, Object, Object, Object, Object, Object, Object, Object, Object, Object, Object, Object, Object, Object, Object, Object, Object, Object, Object, Object, Object, Object, Object, Object, Object, Object, Object, Object, Object, Object, Object, Object, Object, Object, Object, Object, Object, Object, Object, Object, Object, Object] @ https://crm.smarthiz.vn/main.7779000ecd52102b7ac0.js:0
[   98148ms] [LOG] [Object, Object, Object, Object, Object, Object, Object, Object, Object, Object, Object, Object, Object, Object, Object, Object, Object, Object, Object, Object, Object, Object, Object, Object, Object, Object, Object, Object, Object, Object, Object, Object, Object, Object, Object, Object, Object, Object, Object, Object, Object, Object, Object, Object, Object, Object, Object, Object, Object, Object] @ https://crm.smarthiz.vn/main.7779000ecd52102b7ac0.js:0
[   98626ms] [LOG] JSHandle@node @ https://crm.smarthiz.vn/main.7779000ecd52102b7ac0.js:0
[   98626ms] [LOG] Fri Jul 17 2026 15:03:48 GMT+0700 (Indochina Time) @ https://crm.smarthiz.vn/main.7779000ecd52102b7ac0.js:0
[   98627ms] [LOG] function(){} @ https://crm.smarthiz.vn/main.7779000ecd52102b7ac0.js:0
[   98627ms] [TABLE] [Object, Object, Object, Object, Object, Object, Object, Object, Object, Object, Object, Object, Object, Object, Object, Object, Object, Object, Object, Object, Object, Object, Object, Object, Object, Object, Object, Object, Object, Object, Object, Object, Object, Object, Object, Object, Object, Object, Object, Object, Object, Object, Object, Object, Object, Object, Object, Object, Object, Object] @ https://crm.smarthiz.vn/main.7779000ecd52102b7ac0.js:0
[   98647ms] [LOG] [Object, Object, Object, Object, Object, Object, Object, Object, Object, Object, Object, Object, Object, Object, Object, Object, Object, Object, Object, Object, Object, Object, Object, Object, Object, Object, Object, Object, Object, Object, Object, Object, Object, Object, Object, Object, Object, Object, Object, Object, Object, Object, Object, Object, Object, Object, Object, Object, Object, Object] @ https://crm.smarthiz.vn/main.7779000ecd52102b7ac0.js:0
[   99127ms] [LOG] JSHandle@node @ https://crm.smarthiz.vn/main.7779000ecd52102b7ac0.js:0
[   99127ms] [LOG] Fri Jul 17 2026 15:03:48 GMT+0700 (Indochina Time) @ https://crm.smarthiz.vn/main.7779000ecd52102b7ac0.js:0
[   99127ms] [LOG] function(){} @ https://crm.smarthiz.vn/main.7779000ecd52102b7ac0.js:0
[   99127ms] [TABLE] [Object, Object, Object, Object, Object, Object, Object, Object, Object, Object, Object, Object, Object, Object, Object, Object, Object, Object, Object, Object, Object, Object, Object, Object, Object, Object, Object, Object, Object, Object, Object, Object, Object, Object, Object, Object, Object, Object, Object, Object, Object, Object, Object, Object, Object, Object, Object, Object, Object, Object] @ https://crm.smarthiz.vn/main.7779000ecd52102b7ac0.js:0
[   99149ms] [LOG] [Object, Object, Object, Object, Object, Object, Object, Object, Object, Object, Object, Object, Object, Object, Object, Object, Object, Object, Object, Object, Object, Object, Object, Object, Object, Object, Object, Object, Object, Object, Object, Object, Object, Object, Object, Object, Object, Object, Object, Object, Object, Object, Object, Object, Object, Object, Object, Object, Object, Object] @ https://crm.smarthiz.vn/main.7779000ecd52102b7ac0.js:0
[   99636ms] [LOG] JSHandle@node @ https://crm.smarthiz.vn/main.7779000ecd52102b7ac0.js:0
[   99636ms] [LOG] Fri Jul 17 2026 15:03:48 GMT+0700 (Indochina Time) @ https://crm.smarthiz.vn/main.7779000ecd52102b7ac0.js:0
[   99636ms] [LOG] function(){} @ https://crm.smarthiz.vn/main.7779000ecd52102b7ac0.js:0
[   99637ms] [TABLE] [Object, Object, Object, Object, Object, Object, Object, Object, Object, Object, Object, Object, Object, Object, Object, Object, Object, Object, Object, Object, Object, Object, Object, Object, Object, Object, Object, Object, Object, Object, Object, Object, Object, Object, Object, Object, Object, Object, Object, Object, Object, Object, Object, Object, Object, Object, Object, Object, Object, Object] @ https://crm.smarthiz.vn/main.7779000ecd52102b7ac0.js:0
[   99657ms] [LOG] [Object, Object, Object, Object, Object, Object, Object, Object, Object, Object, Object, Object, Object, Object, Object, Object, Object, Object, Object, Object, Object, Object, Object, Object, Object, Object, Object, Object, Object, Object, Object, Object, Object, Object, Object, Object, Object, Object, Object, Object, Object, Object, Object, Object, Object, Object, Object, Object, Object, Object] @ https://crm.smarthiz.vn/main.7779000ecd52102b7ac0.js:0
[  100127ms] [LOG] JSHandle@node @ https://crm.smarthiz.vn/main.7779000ecd52102b7ac0.js:0
[  100127ms] [LOG] Fri Jul 17 2026 15:03:48 GMT+0700 (Indochina Time) @ https://crm.smarthiz.vn/main.7779000ecd52102b7ac0.js:0
[  100127ms] [LOG] function(){} @ https://crm.smarthiz.vn/main.7779000ecd52102b7ac0.js:0
[  100127ms] [TABLE] [Object, Object, Object, Object, Object, Object, Object, Object, Object, Object, Object, Object, Object, Object, Object, Object, Object, Object, Object, Object, Object, Object, Object, Object, Object, Object, Object, Object, Object, Object, Object, Object, Object, Object, Object, Object, Object, Object, Object, Object, Object, Object, Object, Object, Object, Object, Object, Object, Object, Object] @ https://crm.smarthiz.vn/main.7779000ecd52102b7ac0.js:0
[  100148ms] [LOG] [Object, Object, Object, Object, Object, Object, Object, Object, Object, Object, Object, Object, Object, Object, Object, Object, Object, Object, Object, Object, Object, Object, Object, Object, Object, Object, Object, Object, Object, Object, Object, Object, Object, Object, Object, Object, Object, Object, Object, Object, Object, Object, Object, Object, Object, Object, Object, Object, Object, Object] @ https://crm.smarthiz.vn/main.7779000ecd52102b7ac0.js:0
[  100637ms] [LOG] JSHandle@node @ https://crm.smarthiz.vn/main.7779000ecd52102b7ac0.js:0
[  100637ms] [LOG] Fri Jul 17 2026 15:03:48 GMT+0700 (Indochina Time) @ https://crm.smarthiz.vn/main.7779000ecd52102b7ac0.js:0
[  100637ms] [LOG] function(){} @ https://crm.smarthiz.vn/main.7779000ecd52102b7ac0.js:0
[  100638ms] [TABLE] [Object, Object, Object, Object, Object, Object, Object, Object, Object, Object, Object, Object, Object, Object, Object, Object, Object, Object, Object, Object, Object, Object, Object, Object, Object, Object, Object, Object, Object, Object, Object, Object, Object, Object, Object, Object, Object, Object, Object, Object, Object, Object, Object, Object, Object, Object, Object, Object, Object, Object] @ https://crm.smarthiz.vn/main.7779000ecd52102b7ac0.js:0
[  100657ms] [LOG] [Object, Object, Object, Object, Object, Object, Object, Object, Object, Object, Object, Object, Object, Object, Object, Object, Object, Object, Object, Object, Object, Object, Object, Object, Object, Object, Object, Object, Object, Object, Object, Object, Object, Object, Object, Object, Object, Object, Object, Object, Object, Object, Object, Object, Object, Object, Object, Object, Object, Object] @ https://crm.smarthiz.vn/main.7779000ecd52102b7ac0.js:0
[  101128ms] [LOG] JSHandle@node @ https://crm.smarthiz.vn/main.7779000ecd52102b7ac0.js:0
[  101128ms] [LOG] Fri Jul 17 2026 15:03:48 GMT+0700 (Indochina Time) @ https://crm.smarthiz.vn/main.7779000ecd52102b7ac0.js:0
[  101128ms] [LOG] function(){} @ https://crm.smarthiz.vn/main.7779000ecd52102b7ac0.js:0
[  101128ms] [TABLE] [Object, Object, Object, Object, Object, Object, Object, Object, Object, Object, Object, Object, Object, Object, Object, Object, Object, Object, Object, Object, Object, Object, Object, Object, Object, Object, Object, Object, Object, Object, Object, Object, Object, Object, Object, Object, Object, Object, Object, Object, Object, Object, Object, Object, Object, Object, Object, Object, Object, Object] @ https://crm.smarthiz.vn/main.7779000ecd52102b7ac0.js:0
[  101154ms] [LOG] [Object, Object, Object, Object, Object, Object, Object, Object, Object, Object, Object, Object, Object, Object, Object, Object, Object, Object, Object, Object, Object, Object, Object, Object, Object, Object, Object, Object, Object, Object, Object, Object, Object, Object, Object, Object, Object, Object, Object, Object, Object, Object, Object, Object, Object, Object, Object, Object, Object, Object] @ https://crm.smarthiz.vn/main.7779000ecd52102b7ac0.js:0
[  101628ms] [LOG] JSHandle@node @ https://crm.smarthiz.vn/main.7779000ecd52102b7ac0.js:0
[  101628ms] [LOG] Fri Jul 17 2026 15:03:48 GMT+0700 (Indochina Time) @ https://crm.smarthiz.vn/main.7779000ecd52102b7ac0.js:0
[  101629ms] [LOG] function(){} @ https://crm.smarthiz.vn/main.7779000ecd52102b7ac0.js:0
[  101629ms] [TABLE] [Object, Object, Object, Object, Object, Object, Object, Object, Object, Object, Object, Object, Object, Object, Object, Object, Object, Object, Object, Object, Object, Object, Object, Object, Object, Object, Object, Object, Object, Object, Object, Object, Object, Object, Object, Object, Object, Object, Object, Object, Object, Object, Object, Object, Object, Object, Object, Object, Object, Object] @ https://crm.smarthiz.vn/main.7779000ecd52102b7ac0.js:0
[  101651ms] [LOG] [Object, Object, Object, Object, Object, Object, Object, Object, Object, Object, Object, Object, Object, Object, Object, Object, Object, Object, Object, Object, Object, Object, Object, Object, Object, Object, Object, Object, Object, Object, Object, Object, Object, Object, Object, Object, Object, Object, Object, Object, Object, Object, Object, Object, Object, Object, Object, Object, Object, Object] @ https://crm.smarthiz.vn/main.7779000ecd52102b7ac0.js:0
[  102128ms] [LOG] JSHandle@node @ https://crm.smarthiz.vn/main.7779000ecd52102b7ac0.js:0
[  102129ms] [LOG] Fri Jul 17 2026 15:03:48 GMT+0700 (Indochina Time) @ https://crm.smarthiz.vn/main.7779000ecd52102b7ac0.js:0
[  102129ms] [LOG] function(){} @ https://crm.smarthiz.vn/main.7779000ecd52102b7ac0.js:0
[  102129ms] [TABLE] [Object, Object, Object, Object, Object, Object, Object, Object, Object, Object, Object, Object, Object, Object, Object, Object, Object, Object, Object, Object, Object, Object, Object, Object, Object, Object, Object, Object, Object, Object, Object, Object, Object, Object, Object, Object, Object, Object, Object, Object, Object, Object, Object, Object, Object, Object, Object, Object, Object, Object] @ https://crm.smarthiz.vn/main.7779000ecd52102b7ac0.js:0
[  102153ms] [LOG] [Object, Object, Object, Object, Object, Object, Object, Object, Object, Object, Object, Object, Object, Object, Object, Object, Object, Object, Object, Object, Object, Object, Object, Object, Object, Object, Object, Object, Object, Object, Object, Object, Object, Object, Object, Object, Object, Object, Object, Object, Object, Object, Object, Object, Object, Object, Object, Object, Object, Object] @ https://crm.smarthiz.vn/main.7779000ecd52102b7ac0.js:0
[  102623ms] [LOG] JSHandle@node @ https://crm.smarthiz.vn/main.7779000ecd52102b7ac0.js:0
[  102623ms] [LOG] Fri Jul 17 2026 15:03:48 GMT+0700 (Indochina Time) @ https://crm.smarthiz.vn/main.7779000ecd52102b7ac0.js:0
[  102624ms] [LOG] function(){} @ https://crm.smarthiz.vn/main.7779000ecd52102b7ac0.js:0
[  102624ms] [TABLE] [Object, Object, Object, Object, Object, Object, Object, Object, Object, Object, Object, Object, Object, Object, Object, Object, Object, Object, Object, Object, Object, Object, Object, Object, Object, Object, Object, Object, Object, Object, Object, Object, Object, Object, Object, Object, Object, Object, Object, Object, Object, Object, Object, Object, Object, Object, Object, Object, Object, Object] @ https://crm.smarthiz.vn/main.7779000ecd52102b7ac0.js:0
[  102652ms] [LOG] [Object, Object, Object, Object, Object, Object, Object, Object, Object, Object, Object, Object, Object, Object, Object, Object, Object, Object, Object, Object, Object, Object, Object, Object, Object, Object, Object, Object, Object, Object, Object, Object, Object, Object, Object, Object, Object, Object, Object, Object, Object, Object, Object, Object, Object, Object, Object, Object, Object, Object] @ https://crm.smarthiz.vn/main.7779000ecd52102b7ac0.js:0
[  103129ms] [LOG] JSHandle@node @ https://crm.smarthiz.vn/main.7779000ecd52102b7ac0.js:0
[  103129ms] [LOG] Fri Jul 17 2026 15:03:48 GMT+0700 (Indochina Time) @ https://crm.smarthiz.vn/main.7779000ecd52102b7ac0.js:0
[  103129ms] [LOG] function(){} @ https://crm.smarthiz.vn/main.7779000ecd52102b7ac0.js:0
[  103129ms] [TABLE] [Object, Object, Object, Object, Object, Object, Object, Object, Object, Object, Object, Object, Object, Object, Object, Object, Object, Object, Object, Object, Object, Object, Object, Object, Object, Object, Object, Object, Object, Object, Object, Object, Object, Object, Object, Object, Object, Object, Object, Object, Object, Object, Object, Object, Object, Object, Object, Object, Object, Object] @ https://crm.smarthiz.vn/main.7779000ecd52102b7ac0.js:0
[  103155ms] [LOG] [Object, Object, Object, Object, Object, Object, Object, Object, Object, Object, Object, Object, Object, Object, Object, Object, Object, Object, Object, Object, Object, Object, Object, Object, Object, Object, Object, Object, Object, Object, Object, Object, Object, Object, Object, Object, Object, Object, Object, Object, Object, Object, Object, Object, Object, Object, Object, Object, Object, Object] @ https://crm.smarthiz.vn/main.7779000ecd52102b7ac0.js:0
[  103639ms] [LOG] JSHandle@node @ https://crm.smarthiz.vn/main.7779000ecd52102b7ac0.js:0
[  103639ms] [LOG] Fri Jul 17 2026 15:03:48 GMT+0700 (Indochina Time) @ https://crm.smarthiz.vn/main.7779000ecd52102b7ac0.js:0
[  103639ms] [LOG] function(){} @ https://crm.smarthiz.vn/main.7779000ecd52102b7ac0.js:0
[  103639ms] [TABLE] [Object, Object, Object, Object, Object, Object, Object, Object, Object, Object, Object, Object, Object, Object, Object, Object, Object, Object, Object, Object, Object, Object, Object, Object, Object, Object, Object, Object, Object, Object, Object, Object, Object, Object, Object, Object, Object, Object, Object, Object, Object, Object, Object, Object, Object, Object, Object, Object, Object, Object] @ https://crm.smarthiz.vn/main.7779000ecd52102b7ac0.js:0
[  103659ms] [LOG] [Object, Object, Object, Object, Object, Object, Object, Object, Object, Object, Object, Object, Object, Object, Object, Object, Object, Object, Object, Object, Object, Object, Object, Object, Object, Object, Object, Object, Object, Object, Object, Object, Object, Object, Object, Object, Object, Object, Object, Object, Object, Object, Object, Object, Object, Object, Object, Object, Object, Object] @ https://crm.smarthiz.vn/main.7779000ecd52102b7ac0.js:0
[  104130ms] [LOG] JSHandle@node @ https://crm.smarthiz.vn/main.7779000ecd52102b7ac0.js:0
[  104130ms] [LOG] Fri Jul 17 2026 15:03:48 GMT+0700 (Indochina Time) @ https://crm.smarthiz.vn/main.7779000ecd52102b7ac0.js:0
[  104130ms] [LOG] function(){} @ https://crm.smarthiz.vn/main.7779000ecd52102b7ac0.js:0
[  104130ms] [TABLE] [Object, Object, Object, Object, Object, Object, Object, Object, Object, Object, Object, Object, Object, Object, Object, Object, Object, Object, Object, Object, Object, Object, Object, Object, Object, Object, Object, Object, Object, Object, Object, Object, Object, Object, Object, Object, Object, Object, Object, Object, Object, Object, Object, Object, Object, Object, Object, Object, Object, Object] @ https://crm.smarthiz.vn/main.7779000ecd52102b7ac0.js:0
[  104152ms] [LOG] [Object, Object, Object, Object, Object, Object, Object, Object, Object, Object, Object, Object, Object, Object, Object, Object, Object, Object, Object, Object, Object, Object, Object, Object, Object, Object, Object, Object, Object, Object, Object, Object, Object, Object, Object, Object, Object, Object, Object, Object, Object, Object, Object, Object, Object, Object, Object, Object, Object, Object] @ https://crm.smarthiz.vn/main.7779000ecd52102b7ac0.js:0
[  104630ms] [LOG] JSHandle@node @ https://crm.smarthiz.vn/main.7779000ecd52102b7ac0.js:0
[  104630ms] [LOG] Fri Jul 17 2026 15:03:48 GMT+0700 (Indochina Time) @ https://crm.smarthiz.vn/main.7779000ecd52102b7ac0.js:0
[  104630ms] [LOG] function(){} @ https://crm.smarthiz.vn/main.7779000ecd52102b7ac0.js:0
[  104630ms] [TABLE] [Object, Object, Object, Object, Object, Object, Object, Object, Object, Object, Object, Object, Object, Object, Object, Object, Object, Object, Object, Object, Object, Object, Object, Object, Object, Object, Object, Object, Object, Object, Object, Object, Object, Object, Object, Object, Object, Object, Object, Object, Object, Object, Object, Object, Object, Object, Object, Object, Object, Object] @ https://crm.smarthiz.vn/main.7779000ecd52102b7ac0.js:0
[  104651ms] [LOG] [Object, Object, Object, Object, Object, Object, Object, Object, Object, Object, Object, Object, Object, Object, Object, Object, Object, Object, Object, Object, Object, Object, Object, Object, Object, Object, Object, Object, Object, Object, Object, Object, Object, Object, Object, Object, Object, Object, Object, Object, Object, Object, Object, Object, Object, Object, Object, Object, Object, Object] @ https://crm.smarthiz.vn/main.7779000ecd52102b7ac0.js:0
[  104651ms] [WARNING] You don't have permission to use DEVTOOL!【type = 6】 @ https://crm.smarthiz.vn/main.7779000ecd52102b7ac0.js:0
[  105400ms] [LOG] JSHandle@node @ https://crm.smarthiz.vn/main.7779000ecd52102b7ac0.js:0
[  105401ms] [LOG] Fri Jul 17 2026 15:03:56 GMT+0700 (Indochina Time) @ https://crm.smarthiz.vn/main.7779000ecd52102b7ac0.js:0
[  105401ms] [LOG] function(){} @ https://crm.smarthiz.vn/main.7779000ecd52102b7ac0.js:0
[  105401ms] [TABLE] [Object, Object, Object, Object, Object, Object, Object, Object, Object, Object, Object, Object, Object, Object, Object, Object, Object, Object, Object, Object, Object, Object, Object, Object, Object, Object, Object, Object, Object, Object, Object, Object, Object, Object, Object, Object, Object, Object, Object, Object, Object, Object, Object, Object, Object, Object, Object, Object, Object, Object] @ https://crm.smarthiz.vn/main.7779000ecd52102b7ac0.js:0
[  105425ms] [LOG] [Object, Object, Object, Object, Object, Object, Object, Object, Object, Object, Object, Object, Object, Object, Object, Object, Object, Object, Object, Object, Object, Object, Object, Object, Object, Object, Object, Object, Object, Object, Object, Object, Object, Object, Object, Object, Object, Object, Object, Object, Object, Object, Object, Object, Object, Object, Object, Object, Object, Object] @ https://crm.smarthiz.vn/main.7779000ecd52102b7ac0.js:0
[  105901ms] [LOG] JSHandle@node @ https://crm.smarthiz.vn/main.7779000ecd52102b7ac0.js:0
[  105901ms] [LOG] Fri Jul 17 2026 15:03:56 GMT+0700 (Indochina Time) @ https://crm.smarthiz.vn/main.7779000ecd52102b7ac0.js:0
[  105901ms] [LOG] function(){} @ https://crm.smarthiz.vn/main.7779000ecd52102b7ac0.js:0
[  105901ms] [TABLE] [Object, Object, Object, Object, Object, Object, Object, Object, Object, Object, Object, Object, Object, Object, Object, Object, Object, Object, Object, Object, Object, Object, Object, Object, Object, Object, Object, Object, Object, Object, Object, Object, Object, Object, Object, Object, Object, Object, Object, Object, Object, Object, Object, Object, Object, Object, Object, Object, Object, Object] @ https://crm.smarthiz.vn/main.7779000ecd52102b7ac0.js:0
[  105922ms] [LOG] [Object, Object, Object, Object, Object, Object, Object, Object, Object, Object, Object, Object, Object, Object, Object, Object, Object, Object, Object, Object, Object, Object, Object, Object, Object, Object, Object, Object, Object, Object, Object, Object, Object, Object, Object, Object, Object, Object, Object, Object, Object, Object, Object, Object, Object, Object, Object, Object, Object, Object] @ https://crm.smarthiz.vn/main.7779000ecd52102b7ac0.js:0
[  106401ms] [LOG] JSHandle@node @ https://crm.smarthiz.vn/main.7779000ecd52102b7ac0.js:0
[  106401ms] [LOG] Fri Jul 17 2026 15:03:56 GMT+0700 (Indochina Time) @ https://crm.smarthiz.vn/main.7779000ecd52102b7ac0.js:0
[  106402ms] [LOG] function(){} @ https://crm.smarthiz.vn/main.7779000ecd52102b7ac0.js:0
[  106402ms] [TABLE] [Object, Object, Object, Object, Object, Object, Object, Object, Object, Object, Object, Object, Object, Object, Object, Object, Object, Object, Object, Object, Object, Object, Object, Object, Object, Object, Object, Object, Object, Object, Object, Object, Object, Object, Object, Object, Object, Object, Object, Object, Object, Object, Object, Object, Object, Object, Object, Object, Object, Object] @ https://crm.smarthiz.vn/main.7779000ecd52102b7ac0.js:0
[  106424ms] [LOG] [Object, Object, Object, Object, Object, Object, Object, Object, Object, Object, Object, Object, Object, Object, Object, Object, Object, Object, Object, Object, Object, Object, Object, Object, Object, Object, Object, Object, Object, Object, Object, Object, Object, Object, Object, Object, Object, Object, Object, Object, Object, Object, Object, Object, Object, Object, Object, Object, Object, Object] @ https://crm.smarthiz.vn/main.7779000ecd52102b7ac0.js:0
[  106424ms] [WARNING] You don't have permission to use DEVTOOL!【type = 6】 @ https://crm.smarthiz.vn/main.7779000ecd52102b7ac0.js:0
[  107172ms] [LOG] JSHandle@node @ https://crm.smarthiz.vn/main.7779000ecd52102b7ac0.js:0
[  107172ms] [LOG] Fri Jul 17 2026 15:03:58 GMT+0700 (Indochina Time) @ https://crm.smarthiz.vn/main.7779000ecd52102b7ac0.js:0
[  107172ms] [LOG] function(){} @ https://crm.smarthiz.vn/main.7779000ecd52102b7ac0.js:0
[  107172ms] [TABLE] [Object, Object, Object, Object, Object, Object, Object, Object, Object, Object, Object, Object, Object, Object, Object, Object, Object, Object, Object, Object, Object, Object, Object, Object, Object, Object, Object, Object, Object, Object, Object, Object, Object, Object, Object, Object, Object, Object, Object, Object, Object, Object, Object, Object, Object, Object, Object, Object, Object, Object] @ https://crm.smarthiz.vn/main.7779000ecd52102b7ac0.js:0
[  107197ms] [LOG] [Object, Object, Object, Object, Object, Object, Object, Object, Object, Object, Object, Object, Object, Object, Object, Object, Object, Object, Object, Object, Object, Object, Object, Object, Object, Object, Object, Object, Object, Object, Object, Object, Object, Object, Object, Object, Object, Object, Object, Object, Object, Object, Object, Object, Object, Object, Object, Object, Object, Object] @ https://crm.smarthiz.vn/main.7779000ecd52102b7ac0.js:0
[  107671ms] [LOG] JSHandle@node @ https://crm.smarthiz.vn/main.7779000ecd52102b7ac0.js:0
[  107671ms] [LOG] Fri Jul 17 2026 15:03:58 GMT+0700 (Indochina Time) @ https://crm.smarthiz.vn/main.7779000ecd52102b7ac0.js:0
[  107672ms] [LOG] function(){} @ https://crm.smarthiz.vn/main.7779000ecd52102b7ac0.js:0
[  107672ms] [TABLE] [Object, Object, Object, Object, Object, Object, Object, Object, Object, Object, Object, Object, Object, Object, Object, Object, Object, Object, Object, Object, Object, Object, Object, Object, Object, Object, Object, Object, Object, Object, Object, Object, Object, Object, Object, Object, Object, Object, Object, Object, Object, Object, Object, Object, Object, Object, Object, Object, Object, Object] @ https://crm.smarthiz.vn/main.7779000ecd52102b7ac0.js:0
[  107695ms] [LOG] [Object, Object, Object, Object, Object, Object, Object, Object, Object, Object, Object, Object, Object, Object, Object, Object, Object, Object, Object, Object, Object, Object, Object, Object, Object, Object, Object, Object, Object, Object, Object, Object, Object, Object, Object, Object, Object, Object, Object, Object, Object, Object, Object, Object, Object, Object, Object, Object, Object, Object] @ https://crm.smarthiz.vn/main.7779000ecd52102b7ac0.js:0
[  108174ms] [LOG] JSHandle@node @ https://crm.smarthiz.vn/main.7779000ecd52102b7ac0.js:0
[  108175ms] [LOG] Fri Jul 17 2026 15:03:58 GMT+0700 (Indochina Time) @ https://crm.smarthiz.vn/main.7779000ecd52102b7ac0.js:0
[  108175ms] [LOG] function(){} @ https://crm.smarthiz.vn/main.7779000ecd52102b7ac0.js:0
[  108175ms] [TABLE] [Object, Object, Object, Object, Object, Object, Object, Object, Object, Object, Object, Object, Object, Object, Object, Object, Object, Object, Object, Object, Object, Object, Object, Object, Object, Object, Object, Object, Object, Object, Object, Object, Object, Object, Object, Object, Object, Object, Object, Object, Object, Object, Object, Object, Object, Object, Object, Object, Object, Object] @ https://crm.smarthiz.vn/main.7779000ecd52102b7ac0.js:0
[  108211ms] [LOG] [Object, Object, Object, Object, Object, Object, Object, Object, Object, Object, Object, Object, Object, Object, Object, Object, Object, Object, Object, Object, Object, Object, Object, Object, Object, Object, Object, Object, Object, Object, Object, Object, Object, Object, Object, Object, Object, Object, Object, Object, Object, Object, Object, Object, Object, Object, Object, Object, Object, Object] @ https://crm.smarthiz.vn/main.7779000ecd52102b7ac0.js:0
[  108212ms] [WARNING] You don't have permission to use DEVTOOL!【type = 6】 @ https://crm.smarthiz.vn/main.7779000ecd52102b7ac0.js:0
[  108893ms] [LOG] JSHandle@node @ https://crm.smarthiz.vn/main.7779000ecd52102b7ac0.js:0
[  108893ms] [LOG] Fri Jul 17 2026 15:03:59 GMT+0700 (Indochina Time) @ https://crm.smarthiz.vn/main.7779000ecd52102b7ac0.js:0
[  108893ms] [LOG] function(){} @ https://crm.smarthiz.vn/main.7779000ecd52102b7ac0.js:0
[  108893ms] [TABLE] [Object, Object, Object, Object, Object, Object, Object, Object, Object, Object, Object, Object, Object, Object, Object, Object, Object, Object, Object, Object, Object, Object, Object, Object, Object, Object, Object, Object, Object, Object, Object, Object, Object, Object, Object, Object, Object, Object, Object, Object, Object, Object, Object, Object, Object, Object, Object, Object, Object, Object] @ https://crm.smarthiz.vn/main.7779000ecd52102b7ac0.js:0
[  108926ms] [LOG] [Object, Object, Object, Object, Object, Object, Object, Object, Object, Object, Object, Object, Object, Object, Object, Object, Object, Object, Object, Object, Object, Object, Object, Object, Object, Object, Object, Object, Object, Object, Object, Object, Object, Object, Object, Object, Object, Object, Object, Object, Object, Object, Object, Object, Object, Object, Object, Object, Object, Object] @ https://crm.smarthiz.vn/main.7779000ecd52102b7ac0.js:0
[  108926ms] [WARNING] You don't have permission to use DEVTOOL!【type = 6】 @ https://crm.smarthiz.vn/main.7779000ecd52102b7ac0.js:0
[  109673ms] [LOG] JSHandle@node @ https://crm.smarthiz.vn/main.7779000ecd52102b7ac0.js:0
[  109674ms] [LOG] Fri Jul 17 2026 15:04:00 GMT+0700 (Indochina Time) @ https://crm.smarthiz.vn/main.7779000ecd52102b7ac0.js:0
[  109674ms] [LOG] function(){} @ https://crm.smarthiz.vn/main.7779000ecd52102b7ac0.js:0
[  109674ms] [TABLE] [Object, Object, Object, Object, Object, Object, Object, Object, Object, Object, Object, Object, Object, Object, Object, Object, Object, Object, Object, Object, Object, Object, Object, Object, Object, Object, Object, Object, Object, Object, Object, Object, Object, Object, Object, Object, Object, Object, Object, Object, Object, Object, Object, Object, Object, Object, Object, Object, Object, Object] @ https://crm.smarthiz.vn/main.7779000ecd52102b7ac0.js:0
[  109698ms] [LOG] [Object, Object, Object, Object, Object, Object, Object, Object, Object, Object, Object, Object, Object, Object, Object, Object, Object, Object, Object, Object, Object, Object, Object, Object, Object, Object, Object, Object, Object, Object, Object, Object, Object, Object, Object, Object, Object, Object, Object, Object, Object, Object, Object, Object, Object, Object, Object, Object, Object, Object] @ https://crm.smarthiz.vn/main.7779000ecd52102b7ac0.js:0
[  110173ms] [LOG] JSHandle@node @ https://crm.smarthiz.vn/main.7779000ecd52102b7ac0.js:0
[  110173ms] [LOG] Fri Jul 17 2026 15:04:00 GMT+0700 (Indochina Time) @ https://crm.smarthiz.vn/main.7779000ecd52102b7ac0.js:0
[  110173ms] [LOG] function(){} @ https://crm.smarthiz.vn/main.7779000ecd52102b7ac0.js:0
[  110173ms] [TABLE] [Object, Object, Object, Object, Object, Object, Object, Object, Object, Object, Object, Object, Object, Object, Object, Object, Object, Object, Object, Object, Object, Object, Object, Object, Object, Object, Object, Object, Object, Object, Object, Object, Object, Object, Object, Object, Object, Object, Object, Object, Object, Object, Object, Object, Object, Object, Object, Object, Object, Object] @ https://crm.smarthiz.vn/main.7779000ecd52102b7ac0.js:0
[  110196ms] [LOG] [Object, Object, Object, Object, Object, Object, Object, Object, Object, Object, Object, Object, Object, Object, Object, Object, Object, Object, Object, Object, Object, Object, Object, Object, Object, Object, Object, Object, Object, Object, Object, Object, Object, Object, Object, Object, Object, Object, Object, Object, Object, Object, Object, Object, Object, Object, Object, Object, Object, Object] @ https://crm.smarthiz.vn/main.7779000ecd52102b7ac0.js:0
[  110673ms] [LOG] JSHandle@node @ https://crm.smarthiz.vn/main.7779000ecd52102b7ac0.js:0
[  110673ms] [LOG] Fri Jul 17 2026 15:04:00 GMT+0700 (Indochina Time) @ https://crm.smarthiz.vn/main.7779000ecd52102b7ac0.js:0
[  110674ms] [LOG] function(){} @ https://crm.smarthiz.vn/main.7779000ecd52102b7ac0.js:0
[  110674ms] [TABLE] [Object, Object, Object, Object, Object, Object, Object, Object, Object, Object, Object, Object, Object, Object, Object, Object, Object, Object, Object, Object, Object, Object, Object, Object, Object, Object, Object, Object, Object, Object, Object, Object, Object, Object, Object, Object, Object, Object, Object, Object, Object, Object, Object, Object, Object, Object, Object, Object, Object, Object] @ https://crm.smarthiz.vn/main.7779000ecd52102b7ac0.js:0
[  110696ms] [LOG] [Object, Object, Object, Object, Object, Object, Object, Object, Object, Object, Object, Object, Object, Object, Object, Object, Object, Object, Object, Object, Object, Object, Object, Object, Object, Object, Object, Object, Object, Object, Object, Object, Object, Object, Object, Object, Object, Object, Object, Object, Object, Object, Object, Object, Object, Object, Object, Object, Object, Object] @ https://crm.smarthiz.vn/main.7779000ecd52102b7ac0.js:0
[  110696ms] [WARNING] You don't have permission to use DEVTOOL!【type = 6】 @ https://crm.smarthiz.vn/main.7779000ecd52102b7ac0.js:0
[  111454ms] [LOG] JSHandle@node @ https://crm.smarthiz.vn/main.7779000ecd52102b7ac0.js:0
[  111454ms] [LOG] Fri Jul 17 2026 15:04:02 GMT+0700 (Indochina Time) @ https://crm.smarthiz.vn/main.7779000ecd52102b7ac0.js:0
[  111454ms] [LOG] function(){} @ https://crm.smarthiz.vn/main.7779000ecd52102b7ac0.js:0
[  111454ms] [TABLE] [Object, Object, Object, Object, Object, Object, Object, Object, Object, Object, Object, Object, Object, Object, Object, Object, Object, Object, Object, Object, Object, Object, Object, Object, Object, Object, Object, Object, Object, Object, Object, Object, Object, Object, Object, Object, Object, Object, Object, Object, Object, Object, Object, Object, Object, Object, Object, Object, Object, Object] @ https://crm.smarthiz.vn/main.7779000ecd52102b7ac0.js:0
[  111476ms] [LOG] [Object, Object, Object, Object, Object, Object, Object, Object, Object, Object, Object, Object, Object, Object, Object, Object, Object, Object, Object, Object, Object, Object, Object, Object, Object, Object, Object, Object, Object, Object, Object, Object, Object, Object, Object, Object, Object, Object, Object, Object, Object, Object, Object, Object, Object, Object, Object, Object, Object, Object] @ https://crm.smarthiz.vn/main.7779000ecd52102b7ac0.js:0
[  111954ms] [LOG] JSHandle@node @ https://crm.smarthiz.vn/main.7779000ecd52102b7ac0.js:0
[  111954ms] [LOG] Fri Jul 17 2026 15:04:02 GMT+0700 (Indochina Time) @ https://crm.smarthiz.vn/main.7779000ecd52102b7ac0.js:0
[  111955ms] [LOG] function(){} @ https://crm.smarthiz.vn/main.7779000ecd52102b7ac0.js:0
[  111955ms] [TABLE] [Object, Object, Object, Object, Object, Object, Object, Object, Object, Object, Object, Object, Object, Object, Object, Object, Object, Object, Object, Object, Object, Object, Object, Object, Object, Object, Object, Object, Object, Object, Object, Object, Object, Object, Object, Object, Object, Object, Object, Object, Object, Object, Object, Object, Object, Object, Object, Object, Object, Object] @ https://crm.smarthiz.vn/main.7779000ecd52102b7ac0.js:0
[  111979ms] [LOG] [Object, Object, Object, Object, Object, Object, Object, Object, Object, Object, Object, Object, Object, Object, Object, Object, Object, Object, Object, Object, Object, Object, Object, Object, Object, Object, Object, Object, Object, Object, Object, Object, Object, Object, Object, Object, Object, Object, Object, Object, Object, Object, Object, Object, Object, Object, Object, Object, Object, Object] @ https://crm.smarthiz.vn/main.7779000ecd52102b7ac0.js:0
[  111979ms] [WARNING] You don't have permission to use DEVTOOL!【type = 6】 @ https://crm.smarthiz.vn/main.7779000ecd52102b7ac0.js:0
[  112645ms] [LOG] JSHandle@node @ https://crm.smarthiz.vn/main.7779000ecd52102b7ac0.js:0
[  112645ms] [LOG] Fri Jul 17 2026 15:04:03 GMT+0700 (Indochina Time) @ https://crm.smarthiz.vn/main.7779000ecd52102b7ac0.js:0
[  112645ms] [LOG] function(){} @ https://crm.smarthiz.vn/main.7779000ecd52102b7ac0.js:0
[  112645ms] [TABLE] [Object, Object, Object, Object, Object, Object, Object, Object, Object, Object, Object, Object, Object, Object, Object, Object, Object, Object, Object, Object, Object, Object, Object, Object, Object, Object, Object, Object, Object, Object, Object, Object, Object, Object, Object, Object, Object, Object, Object, Object, Object, Object, Object, Object, Object, Object, Object, Object, Object, Object] @ https://crm.smarthiz.vn/main.7779000ecd52102b7ac0.js:0
[  112668ms] [LOG] [Object, Object, Object, Object, Object, Object, Object, Object, Object, Object, Object, Object, Object, Object, Object, Object, Object, Object, Object, Object, Object, Object, Object, Object, Object, Object, Object, Object, Object, Object, Object, Object, Object, Object, Object, Object, Object, Object, Object, Object, Object, Object, Object, Object, Object, Object, Object, Object, Object, Object] @ https://crm.smarthiz.vn/main.7779000ecd52102b7ac0.js:0
[  112668ms] [WARNING] You don't have permission to use DEVTOOL!【type = 6】 @ https://crm.smarthiz.vn/main.7779000ecd52102b7ac0.js:0
[  113416ms] [LOG] JSHandle@node @ https://crm.smarthiz.vn/main.7779000ecd52102b7ac0.js:0
[  113416ms] [LOG] Fri Jul 17 2026 15:04:04 GMT+0700 (Indochina Time) @ https://crm.smarthiz.vn/main.7779000ecd52102b7ac0.js:0
[  113416ms] [LOG] function(){} @ https://crm.smarthiz.vn/main.7779000ecd52102b7ac0.js:0
[  113416ms] [TABLE] [Object, Object, Object, Object, Object, Object, Object, Object, Object, Object, Object, Object, Object, Object, Object, Object, Object, Object, Object, Object, Object, Object, Object, Object, Object, Object, Object, Object, Object, Object, Object, Object, Object, Object, Object, Object, Object, Object, Object, Object, Object, Object, Object, Object, Object, Object, Object, Object, Object, Object] @ https://crm.smarthiz.vn/main.7779000ecd52102b7ac0.js:0
[  113443ms] [LOG] [Object, Object, Object, Object, Object, Object, Object, Object, Object, Object, Object, Object, Object, Object, Object, Object, Object, Object, Object, Object, Object, Object, Object, Object, Object, Object, Object, Object, Object, Object, Object, Object, Object, Object, Object, Object, Object, Object, Object, Object, Object, Object, Object, Object, Object, Object, Object, Object, Object, Object] @ https://crm.smarthiz.vn/main.7779000ecd52102b7ac0.js:0
[  113443ms] [WARNING] You don't have permission to use DEVTOOL!【type = 6】 @ https://crm.smarthiz.vn/main.7779000ecd52102b7ac0.js:0
[  114126ms] [LOG] JSHandle@node @ https://crm.smarthiz.vn/main.7779000ecd52102b7ac0.js:0
[  114127ms] [LOG] Fri Jul 17 2026 15:04:05 GMT+0700 (Indochina Time) @ https://crm.smarthiz.vn/main.7779000ecd52102b7ac0.js:0
[  114127ms] [LOG] function(){} @ https://crm.smarthiz.vn/main.7779000ecd52102b7ac0.js:0
[  114127ms] [TABLE] [Object, Object, Object, Object, Object, Object, Object, Object, Object, Object, Object, Object, Object, Object, Object, Object, Object, Object, Object, Object, Object, Object, Object, Object, Object, Object, Object, Object, Object, Object, Object, Object, Object, Object, Object, Object, Object, Object, Object, Object, Object, Object, Object, Object, Object, Object, Object, Object, Object, Object] @ https://crm.smarthiz.vn/main.7779000ecd52102b7ac0.js:0
[  114153ms] [LOG] [Object, Object, Object, Object, Object, Object, Object, Object, Object, Object, Object, Object, Object, Object, Object, Object, Object, Object, Object, Object, Object, Object, Object, Object, Object, Object, Object, Object, Object, Object, Object, Object, Object, Object, Object, Object, Object, Object, Object, Object, Object, Object, Object, Object, Object, Object, Object, Object, Object, Object] @ https://crm.smarthiz.vn/main.7779000ecd52102b7ac0.js:0
[  114626ms] [LOG] JSHandle@node @ https://crm.smarthiz.vn/main.7779000ecd52102b7ac0.js:0
[  114626ms] [LOG] Fri Jul 17 2026 15:04:05 GMT+0700 (Indochina Time) @ https://crm.smarthiz.vn/main.7779000ecd52102b7ac0.js:0
[  114626ms] [LOG] function(){} @ https://crm.smarthiz.vn/main.7779000ecd52102b7ac0.js:0
[  114627ms] [TABLE] [Object, Object, Object, Object, Object, Object, Object, Object, Object, Object, Object, Object, Object, Object, Object, Object, Object, Object, Object, Object, Object, Object, Object, Object, Object, Object, Object, Object, Object, Object, Object, Object, Object, Object, Object, Object, Object, Object, Object, Object, Object, Object, Object, Object, Object, Object, Object, Object, Object, Object] @ https://crm.smarthiz.vn/main.7779000ecd52102b7ac0.js:0
[  114649ms] [LOG] [Object, Object, Object, Object, Object, Object, Object, Object, Object, Object, Object, Object, Object, Object, Object, Object, Object, Object, Object, Object, Object, Object, Object, Object, Object, Object, Object, Object, Object, Object, Object, Object, Object, Object, Object, Object, Object, Object, Object, Object, Object, Object, Object, Object, Object, Object, Object, Object, Object, Object] @ https://crm.smarthiz.vn/main.7779000ecd52102b7ac0.js:0
[  114649ms] [WARNING] You don't have permission to use DEVTOOL!【type = 6】 @ https://crm.smarthiz.vn/main.7779000ecd52102b7ac0.js:0
[  115397ms] [LOG] JSHandle@node @ https://crm.smarthiz.vn/main.7779000ecd52102b7ac0.js:0
[  115397ms] [LOG] Fri Jul 17 2026 15:04:06 GMT+0700 (Indochina Time) @ https://crm.smarthiz.vn/main.7779000ecd52102b7ac0.js:0
[  115397ms] [LOG] function(){} @ https://crm.smarthiz.vn/main.7779000ecd52102b7ac0.js:0
[  115397ms] [TABLE] [Object, Object, Object, Object, Object, Object, Object, Object, Object, Object, Object, Object, Object, Object, Object, Object, Object, Object, Object, Object, Object, Object, Object, Object, Object, Object, Object, Object, Object, Object, Object, Object, Object, Object, Object, Object, Object, Object, Object, Object, Object, Object, Object, Object, Object, Object, Object, Object, Object, Object] @ https://crm.smarthiz.vn/main.7779000ecd52102b7ac0.js:0
[  115419ms] [LOG] [Object, Object, Object, Object, Object, Object, Object, Object, Object, Object, Object, Object, Object, Object, Object, Object, Object, Object, Object, Object, Object, Object, Object, Object, Object, Object, Object, Object, Object, Object, Object, Object, Object, Object, Object, Object, Object, Object, Object, Object, Object, Object, Object, Object, Object, Object, Object, Object, Object, Object] @ https://crm.smarthiz.vn/main.7779000ecd52102b7ac0.js:0
[  115897ms] [LOG] JSHandle@node @ https://crm.smarthiz.vn/main.7779000ecd52102b7ac0.js:0
[  115897ms] [LOG] Fri Jul 17 2026 15:04:06 GMT+0700 (Indochina Time) @ https://crm.smarthiz.vn/main.7779000ecd52102b7ac0.js:0
[  115897ms] [LOG] function(){} @ https://crm.smarthiz.vn/main.7779000ecd52102b7ac0.js:0
[  115898ms] [TABLE] [Object, Object, Object, Object, Object, Object, Object, Object, Object, Object, Object, Object, Object, Object, Object, Object, Object, Object, Object, Object, Object, Object, Object, Object, Object, Object, Object, Object, Object, Object, Object, Object, Object, Object, Object, Object, Object, Object, Object, Object, Object, Object, Object, Object, Object, Object, Object, Object, Object, Object] @ https://crm.smarthiz.vn/main.7779000ecd52102b7ac0.js:0
[  115919ms] [LOG] [Object, Object, Object, Object, Object, Object, Object, Object, Object, Object, Object, Object, Object, Object, Object, Object, Object, Object, Object, Object, Object, Object, Object, Object, Object, Object, Object, Object, Object, Object, Object, Object, Object, Object, Object, Object, Object, Object, Object, Object, Object, Object, Object, Object, Object, Object, Object, Object, Object, Object] @ https://crm.smarthiz.vn/main.7779000ecd52102b7ac0.js:0
[  116397ms] [LOG] JSHandle@node @ https://crm.smarthiz.vn/main.7779000ecd52102b7ac0.js:0
[  116397ms] [LOG] Fri Jul 17 2026 15:04:06 GMT+0700 (Indochina Time) @ https://crm.smarthiz.vn/main.7779000ecd52102b7ac0.js:0
[  116398ms] [LOG] function(){} @ https://crm.smarthiz.vn/main.7779000ecd52102b7ac0.js:0
[  116398ms] [TABLE] [Object, Object, Object, Object, Object, Object, Object, Object, Object, Object, Object, Object, Object, Object, Object, Object, Object, Object, Object, Object, Object, Object, Object, Object, Object, Object, Object, Object, Object, Object, Object, Object, Object, Object, Object, Object, Object, Object, Object, Object, Object, Object, Object, Object, Object, Object, Object, Object, Object, Object] @ https://crm.smarthiz.vn/main.7779000ecd52102b7ac0.js:0
[  116425ms] [LOG] [Object, Object, Object, Object, Object, Object, Object, Object, Object, Object, Object, Object, Object, Object, Object, Object, Object, Object, Object, Object, Object, Object, Object, Object, Object, Object, Object, Object, Object, Object, Object, Object, Object, Object, Object, Object, Object, Object, Object, Object, Object, Object, Object, Object, Object, Object, Object, Object, Object, Object] @ https://crm.smarthiz.vn/main.7779000ecd52102b7ac0.js:0
[  116425ms] [WARNING] You don't have permission to use DEVTOOL!【type = 6】 @ https://crm.smarthiz.vn/main.7779000ecd52102b7ac0.js:0
[  117088ms] [LOG] JSHandle@node @ https://crm.smarthiz.vn/main.7779000ecd52102b7ac0.js:0
[  117088ms] [LOG] Fri Jul 17 2026 15:04:07 GMT+0700 (Indochina Time) @ https://crm.smarthiz.vn/main.7779000ecd52102b7ac0.js:0
[  117088ms] [LOG] function(){} @ https://crm.smarthiz.vn/main.7779000ecd52102b7ac0.js:0
[  117088ms] [TABLE] [Object, Object, Object, Object, Object, Object, Object, Object, Object, Object, Object, Object, Object, Object, Object, Object, Object, Object, Object, Object, Object, Object, Object, Object, Object, Object, Object, Object, Object, Object, Object, Object, Object, Object, Object, Object, Object, Object, Object, Object, Object, Object, Object, Object, Object, Object, Object, Object, Object, Object] @ https://crm.smarthiz.vn/main.7779000ecd52102b7ac0.js:0
[  117112ms] [LOG] [Object, Object, Object, Object, Object, Object, Object, Object, Object, Object, Object, Object, Object, Object, Object, Object, Object, Object, Object, Object, Object, Object, Object, Object, Object, Object, Object, Object, Object, Object, Object, Object, Object, Object, Object, Object, Object, Object, Object, Object, Object, Object, Object, Object, Object, Object, Object, Object, Object, Object] @ https://crm.smarthiz.vn/main.7779000ecd52102b7ac0.js:0
[  117588ms] [LOG] JSHandle@node @ https://crm.smarthiz.vn/main.7779000ecd52102b7ac0.js:0
[  117588ms] [LOG] Fri Jul 17 2026 15:04:07 GMT+0700 (Indochina Time) @ https://crm.smarthiz.vn/main.7779000ecd52102b7ac0.js:0
[  117588ms] [LOG] function(){} @ https://crm.smarthiz.vn/main.7779000ecd52102b7ac0.js:0
[  117588ms] [TABLE] [Object, Object, Object, Object, Object, Object, Object, Object, Object, Object, Object, Object, Object, Object, Object, Object, Object, Object, Object, Object, Object, Object, Object, Object, Object, Object, Object, Object, Object, Object, Object, Object, Object, Object, Object, Object, Object, Object, Object, Object, Object, Object, Object, Object, Object, Object, Object, Object, Object, Object] @ https://crm.smarthiz.vn/main.7779000ecd52102b7ac0.js:0
[  117609ms] [LOG] [Object, Object, Object, Object, Object, Object, Object, Object, Object, Object, Object, Object, Object, Object, Object, Object, Object, Object, Object, Object, Object, Object, Object, Object, Object, Object, Object, Object, Object, Object, Object, Object, Object, Object, Object, Object, Object, Object, Object, Object, Object, Object, Object, Object, Object, Object, Object, Object, Object, Object] @ https://crm.smarthiz.vn/main.7779000ecd52102b7ac0.js:0
[  117609ms] [WARNING] You don't have permission to use DEVTOOL!【type = 6】 @ https://crm.smarthiz.vn/main.7779000ecd52102b7ac0.js:0
[  118268ms] [LOG] JSHandle@node @ https://crm.smarthiz.vn/main.7779000ecd52102b7ac0.js:0
[  118268ms] [LOG] Fri Jul 17 2026 15:04:09 GMT+0700 (Indochina Time) @ https://crm.smarthiz.vn/main.7779000ecd52102b7ac0.js:0
[  118269ms] [LOG] function(){} @ https://crm.smarthiz.vn/main.7779000ecd52102b7ac0.js:0
[  118269ms] [TABLE] [Object, Object, Object, Object, Object, Object, Object, Object, Object, Object, Object, Object, Object, Object, Object, Object, Object, Object, Object, Object, Object, Object, Object, Object, Object, Object, Object, Object, Object, Object, Object, Object, Object, Object, Object, Object, Object, Object, Object, Object, Object, Object, Object, Object, Object, Object, Object, Object, Object, Object] @ https://crm.smarthiz.vn/main.7779000ecd52102b7ac0.js:0
[  118291ms] [LOG] [Object, Object, Object, Object, Object, Object, Object, Object, Object, Object, Object, Object, Object, Object, Object, Object, Object, Object, Object, Object, Object, Object, Object, Object, Object, Object, Object, Object, Object, Object, Object, Object, Object, Object, Object, Object, Object, Object, Object, Object, Object, Object, Object, Object, Object, Object, Object, Object, Object, Object] @ https://crm.smarthiz.vn/main.7779000ecd52102b7ac0.js:0
[  118769ms] [LOG] JSHandle@node @ https://crm.smarthiz.vn/main.7779000ecd52102b7ac0.js:0
[  118769ms] [LOG] Fri Jul 17 2026 15:04:09 GMT+0700 (Indochina Time) @ https://crm.smarthiz.vn/main.7779000ecd52102b7ac0.js:0
[  118769ms] [LOG] function(){} @ https://crm.smarthiz.vn/main.7779000ecd52102b7ac0.js:0
[  118769ms] [TABLE] [Object, Object, Object, Object, Object, Object, Object, Object, Object, Object, Object, Object, Object, Object, Object, Object, Object, Object, Object, Object, Object, Object, Object, Object, Object, Object, Object, Object, Object, Object, Object, Object, Object, Object, Object, Object, Object, Object, Object, Object, Object, Object, Object, Object, Object, Object, Object, Object, Object, Object] @ https://crm.smarthiz.vn/main.7779000ecd52102b7ac0.js:0
[  118791ms] [LOG] [Object, Object, Object, Object, Object, Object, Object, Object, Object, Object, Object, Object, Object, Object, Object, Object, Object, Object, Object, Object, Object, Object, Object, Object, Object, Object, Object, Object, Object, Object, Object, Object, Object, Object, Object, Object, Object, Object, Object, Object, Object, Object, Object, Object, Object, Object, Object, Object, Object, Object] @ https://crm.smarthiz.vn/main.7779000ecd52102b7ac0.js:0
[  119268ms] [LOG] JSHandle@node @ https://crm.smarthiz.vn/main.7779000ecd52102b7ac0.js:0
[  119269ms] [LOG] Fri Jul 17 2026 15:04:09 GMT+0700 (Indochina Time) @ https://crm.smarthiz.vn/main.7779000ecd52102b7ac0.js:0
[  119269ms] [LOG] function(){} @ https://crm.smarthiz.vn/main.7779000ecd52102b7ac0.js:0
[  119269ms] [TABLE] [Object, Object, Object, Object, Object, Object, Object, Object, Object, Object, Object, Object, Object, Object, Object, Object, Object, Object, Object, Object, Object, Object, Object, Object, Object, Object, Object, Object, Object, Object, Object, Object, Object, Object, Object, Object, Object, Object, Object, Object, Object, Object, Object, Object, Object, Object, Object, Object, Object, Object] @ https://crm.smarthiz.vn/main.7779000ecd52102b7ac0.js:0
[  119291ms] [LOG] [Object, Object, Object, Object, Object, Object, Object, Object, Object, Object, Object, Object, Object, Object, Object, Object, Object, Object, Object, Object, Object, Object, Object, Object, Object, Object, Object, Object, Object, Object, Object, Object, Object, Object, Object, Object, Object, Object, Object, Object, Object, Object, Object, Object, Object, Object, Object, Object, Object, Object] @ https://crm.smarthiz.vn/main.7779000ecd52102b7ac0.js:0
[  119779ms] [LOG] JSHandle@node @ https://crm.smarthiz.vn/main.7779000ecd52102b7ac0.js:0
[  119779ms] [LOG] Fri Jul 17 2026 15:04:09 GMT+0700 (Indochina Time) @ https://crm.smarthiz.vn/main.7779000ecd52102b7ac0.js:0
[  119779ms] [LOG] function(){} @ https://crm.smarthiz.vn/main.7779000ecd52102b7ac0.js:0
[  119779ms] [TABLE] [Object, Object, Object, Object, Object, Object, Object, Object, Object, Object, Object, Object, Object, Object, Object, Object, Object, Object, Object, Object, Object, Object, Object, Object, Object, Object, Object, Object, Object, Object, Object, Object, Object, Object, Object, Object, Object, Object, Object, Object, Object, Object, Object, Object, Object, Object, Object, Object, Object, Object] @ https://crm.smarthiz.vn/main.7779000ecd52102b7ac0.js:0
[  119799ms] [LOG] [Object, Object, Object, Object, Object, Object, Object, Object, Object, Object, Object, Object, Object, Object, Object, Object, Object, Object, Object, Object, Object, Object, Object, Object, Object, Object, Object, Object, Object, Object, Object, Object, Object, Object, Object, Object, Object, Object, Object, Object, Object, Object, Object, Object, Object, Object, Object, Object, Object, Object] @ https://crm.smarthiz.vn/main.7779000ecd52102b7ac0.js:0
[  120279ms] [LOG] JSHandle@node @ https://crm.smarthiz.vn/main.7779000ecd52102b7ac0.js:0
[  120279ms] [LOG] Fri Jul 17 2026 15:04:09 GMT+0700 (Indochina Time) @ https://crm.smarthiz.vn/main.7779000ecd52102b7ac0.js:0
[  120279ms] [LOG] function(){} @ https://crm.smarthiz.vn/main.7779000ecd52102b7ac0.js:0
[  120279ms] [TABLE] [Object, Object, Object, Object, Object, Object, Object, Object, Object, Object, Object, Object, Object, Object, Object, Object, Object, Object, Object, Object, Object, Object, Object, Object, Object, Object, Object, Object, Object, Object, Object, Object, Object, Object, Object, Object, Object, Object, Object, Object, Object, Object, Object, Object, Object, Object, Object, Object, Object, Object] @ https://crm.smarthiz.vn/main.7779000ecd52102b7ac0.js:0
[  120301ms] [LOG] [Object, Object, Object, Object, Object, Object, Object, Object, Object, Object, Object, Object, Object, Object, Object, Object, Object, Object, Object, Object, Object, Object, Object, Object, Object, Object, Object, Object, Object, Object, Object, Object, Object, Object, Object, Object, Object, Object, Object, Object, Object, Object, Object, Object, Object, Object, Object, Object, Object, Object] @ https://crm.smarthiz.vn/main.7779000ecd52102b7ac0.js:0
[  120770ms] [LOG] JSHandle@node @ https://crm.smarthiz.vn/main.7779000ecd52102b7ac0.js:0
[  120770ms] [LOG] Fri Jul 17 2026 15:04:09 GMT+0700 (Indochina Time) @ https://crm.smarthiz.vn/main.7779000ecd52102b7ac0.js:0
[  120770ms] [LOG] function(){} @ https://crm.smarthiz.vn/main.7779000ecd52102b7ac0.js:0
[  120770ms] [TABLE] [Object, Object, Object, Object, Object, Object, Object, Object, Object, Object, Object, Object, Object, Object, Object, Object, Object, Object, Object, Object, Object, Object, Object, Object, Object, Object, Object, Object, Object, Object, Object, Object, Object, Object, Object, Object, Object, Object, Object, Object, Object, Object, Object, Object, Object, Object, Object, Object, Object, Object] @ https://crm.smarthiz.vn/main.7779000ecd52102b7ac0.js:0
[  120790ms] [LOG] [Object, Object, Object, Object, Object, Object, Object, Object, Object, Object, Object, Object, Object, Object, Object, Object, Object, Object, Object, Object, Object, Object, Object, Object, Object, Object, Object, Object, Object, Object, Object, Object, Object, Object, Object, Object, Object, Object, Object, Object, Object, Object, Object, Object, Object, Object, Object, Object, Object, Object] @ https://crm.smarthiz.vn/main.7779000ecd52102b7ac0.js:0
[  121270ms] [LOG] JSHandle@node @ https://crm.smarthiz.vn/main.7779000ecd52102b7ac0.js:0
[  121270ms] [LOG] Fri Jul 17 2026 15:04:09 GMT+0700 (Indochina Time) @ https://crm.smarthiz.vn/main.7779000ecd52102b7ac0.js:0
[  121270ms] [LOG] function(){} @ https://crm.smarthiz.vn/main.7779000ecd52102b7ac0.js:0
[  121270ms] [TABLE] [Object, Object, Object, Object, Object, Object, Object, Object, Object, Object, Object, Object, Object, Object, Object, Object, Object, Object, Object, Object, Object, Object, Object, Object, Object, Object, Object, Object, Object, Object, Object, Object, Object, Object, Object, Object, Object, Object, Object, Object, Object, Object, Object, Object, Object, Object, Object, Object, Object, Object] @ https://crm.smarthiz.vn/main.7779000ecd52102b7ac0.js:0
[  121292ms] [LOG] [Object, Object, Object, Object, Object, Object, Object, Object, Object, Object, Object, Object, Object, Object, Object, Object, Object, Object, Object, Object, Object, Object, Object, Object, Object, Object, Object, Object, Object, Object, Object, Object, Object, Object, Object, Object, Object, Object, Object, Object, Object, Object, Object, Object, Object, Object, Object, Object, Object, Object] @ https://crm.smarthiz.vn/main.7779000ecd52102b7ac0.js:0
[  121292ms] [WARNING] You don't have permission to use DEVTOOL!【type = 6】 @ https://crm.smarthiz.vn/main.7779000ecd52102b7ac0.js:0
[  122141ms] [LOG] JSHandle@node @ https://crm.smarthiz.vn/main.7779000ecd52102b7ac0.js:0
[  122141ms] [LOG] Fri Jul 17 2026 15:04:13 GMT+0700 (Indochina Time) @ https://crm.smarthiz.vn/main.7779000ecd52102b7ac0.js:0
[  122141ms] [LOG] function(){} @ https://crm.smarthiz.vn/main.7779000ecd52102b7ac0.js:0
[  122142ms] [TABLE] [Object, Object, Object, Object, Object, Object, Object, Object, Object, Object, Object, Object, Object, Object, Object, Object, Object, Object, Object, Object, Object, Object, Object, Object, Object, Object, Object, Object, Object, Object, Object, Object, Object, Object, Object, Object, Object, Object, Object, Object, Object, Object, Object, Object, Object, Object, Object, Object, Object, Object] @ https://crm.smarthiz.vn/main.7779000ecd52102b7ac0.js:0
[  122166ms] [LOG] [Object, Object, Object, Object, Object, Object, Object, Object, Object, Object, Object, Object, Object, Object, Object, Object, Object, Object, Object, Object, Object, Object, Object, Object, Object, Object, Object, Object, Object, Object, Object, Object, Object, Object, Object, Object, Object, Object, Object, Object, Object, Object, Object, Object, Object, Object, Object, Object, Object, Object] @ https://crm.smarthiz.vn/main.7779000ecd52102b7ac0.js:0
[  122166ms] [WARNING] You don't have permission to use DEVTOOL!【type = 6】 @ https://crm.smarthiz.vn/main.7779000ecd52102b7ac0.js:0
[  122981ms] [LOG] JSHandle@node @ https://crm.smarthiz.vn/main.7779000ecd52102b7ac0.js:0
[  122981ms] [LOG] Fri Jul 17 2026 15:04:13 GMT+0700 (Indochina Time) @ https://crm.smarthiz.vn/main.7779000ecd52102b7ac0.js:0
[  122982ms] [LOG] function(){} @ https://crm.smarthiz.vn/main.7779000ecd52102b7ac0.js:0
[  122982ms] [TABLE] [Object, Object, Object, Object, Object, Object, Object, Object, Object, Object, Object, Object, Object, Object, Object, Object, Object, Object, Object, Object, Object, Object, Object, Object, Object, Object, Object, Object, Object, Object, Object, Object, Object, Object, Object, Object, Object, Object, Object, Object, Object, Object, Object, Object, Object, Object, Object, Object, Object, Object] @ https://crm.smarthiz.vn/main.7779000ecd52102b7ac0.js:0
[  123005ms] [LOG] [Object, Object, Object, Object, Object, Object, Object, Object, Object, Object, Object, Object, Object, Object, Object, Object, Object, Object, Object, Object, Object, Object, Object, Object, Object, Object, Object, Object, Object, Object, Object, Object, Object, Object, Object, Object, Object, Object, Object, Object, Object, Object, Object, Object, Object, Object, Object, Object, Object, Object] @ https://crm.smarthiz.vn/main.7779000ecd52102b7ac0.js:0
[  123481ms] [LOG] JSHandle@node @ https://crm.smarthiz.vn/main.7779000ecd52102b7ac0.js:0
[  123482ms] [LOG] Fri Jul 17 2026 15:04:13 GMT+0700 (Indochina Time) @ https://crm.smarthiz.vn/main.7779000ecd52102b7ac0.js:0
[  123482ms] [LOG] function(){} @ https://crm.smarthiz.vn/main.7779000ecd52102b7ac0.js:0
[  123482ms] [TABLE] [Object, Object, Object, Object, Object, Object, Object, Object, Object, Object, Object, Object, Object, Object, Object, Object, Object, Object, Object, Object, Object, Object, Object, Object, Object, Object, Object, Object, Object, Object, Object, Object, Object, Object, Object, Object, Object, Object, Object, Object, Object, Object, Object, Object, Object, Object, Object, Object, Object, Object] @ https://crm.smarthiz.vn/main.7779000ecd52102b7ac0.js:0
[  123509ms] [LOG] [Object, Object, Object, Object, Object, Object, Object, Object, Object, Object, Object, Object, Object, Object, Object, Object, Object, Object, Object, Object, Object, Object, Object, Object, Object, Object, Object, Object, Object, Object, Object, Object, Object, Object, Object, Object, Object, Object, Object, Object, Object, Object, Object, Object, Object, Object, Object, Object, Object, Object] @ https://crm.smarthiz.vn/main.7779000ecd52102b7ac0.js:0
[  123981ms] [LOG] JSHandle@node @ https://crm.smarthiz.vn/main.7779000ecd52102b7ac0.js:0
[  123982ms] [LOG] Fri Jul 17 2026 15:04:13 GMT+0700 (Indochina Time) @ https://crm.smarthiz.vn/main.7779000ecd52102b7ac0.js:0
[  123982ms] [LOG] function(){} @ https://crm.smarthiz.vn/main.7779000ecd52102b7ac0.js:0
[  123982ms] [TABLE] [Object, Object, Object, Object, Object, Object, Object, Object, Object, Object, Object, Object, Object, Object, Object, Object, Object, Object, Object, Object, Object, Object, Object, Object, Object, Object, Object, Object, Object, Object, Object, Object, Object, Object, Object, Object, Object, Object, Object, Object, Object, Object, Object, Object, Object, Object, Object, Object, Object, Object] @ https://crm.smarthiz.vn/main.7779000ecd52102b7ac0.js:0
[  124005ms] [LOG] [Object, Object, Object, Object, Object, Object, Object, Object, Object, Object, Object, Object, Object, Object, Object, Object, Object, Object, Object, Object, Object, Object, Object, Object, Object, Object, Object, Object, Object, Object, Object, Object, Object, Object, Object, Object, Object, Object, Object, Object, Object, Object, Object, Object, Object, Object, Object, Object, Object, Object] @ https://crm.smarthiz.vn/main.7779000ecd52102b7ac0.js:0
[  124005ms] [WARNING] You don't have permission to use DEVTOOL!【type = 6】 @ https://crm.smarthiz.vn/main.7779000ecd52102b7ac0.js:0
[  124672ms] [LOG] JSHandle@node @ https://crm.smarthiz.vn/main.7779000ecd52102b7ac0.js:0
[  124672ms] [LOG] Fri Jul 17 2026 15:04:15 GMT+0700 (Indochina Time) @ https://crm.smarthiz.vn/main.7779000ecd52102b7ac0.js:0
[  124673ms] [LOG] function(){} @ https://crm.smarthiz.vn/main.7779000ecd52102b7ac0.js:0
[  124673ms] [TABLE] [Object, Object, Object, Object, Object, Object, Object, Object, Object, Object, Object, Object, Object, Object, Object, Object, Object, Object, Object, Object, Object, Object, Object, Object, Object, Object, Object, Object, Object, Object, Object, Object, Object, Object, Object, Object, Object, Object, Object, Object, Object, Object, Object, Object, Object, Object, Object, Object, Object, Object] @ https://crm.smarthiz.vn/main.7779000ecd52102b7ac0.js:0
[  124695ms] [LOG] [Object, Object, Object, Object, Object, Object, Object, Object, Object, Object, Object, Object, Object, Object, Object, Object, Object, Object, Object, Object, Object, Object, Object, Object, Object, Object, Object, Object, Object, Object, Object, Object, Object, Object, Object, Object, Object, Object, Object, Object, Object, Object, Object, Object, Object, Object, Object, Object, Object, Object] @ https://crm.smarthiz.vn/main.7779000ecd52102b7ac0.js:0
[  125172ms] [LOG] JSHandle@node @ https://crm.smarthiz.vn/main.7779000ecd52102b7ac0.js:0
[  125172ms] [LOG] Fri Jul 17 2026 15:04:15 GMT+0700 (Indochina Time) @ https://crm.smarthiz.vn/main.7779000ecd52102b7ac0.js:0
[  125173ms] [LOG] function(){} @ https://crm.smarthiz.vn/main.7779000ecd52102b7ac0.js:0
[  125173ms] [TABLE] [Object, Object, Object, Object, Object, Object, Object, Object, Object, Object, Object, Object, Object, Object, Object, Object, Object, Object, Object, Object, Object, Object, Object, Object, Object, Object, Object, Object, Object, Object, Object, Object, Object, Object, Object, Object, Object, Object, Object, Object, Object, Object, Object, Object, Object, Object, Object, Object, Object, Object] @ https://crm.smarthiz.vn/main.7779000ecd52102b7ac0.js:0
[  125194ms] [LOG] [Object, Object, Object, Object, Object, Object, Object, Object, Object, Object, Object, Object, Object, Object, Object, Object, Object, Object, Object, Object, Object, Object, Object, Object, Object, Object, Object, Object, Object, Object, Object, Object, Object, Object, Object, Object, Object, Object, Object, Object, Object, Object, Object, Object, Object, Object, Object, Object, Object, Object] @ https://crm.smarthiz.vn/main.7779000ecd52102b7ac0.js:0
[  125672ms] [LOG] JSHandle@node @ https://crm.smarthiz.vn/main.7779000ecd52102b7ac0.js:0
[  125672ms] [LOG] Fri Jul 17 2026 15:04:15 GMT+0700 (Indochina Time) @ https://crm.smarthiz.vn/main.7779000ecd52102b7ac0.js:0
[  125673ms] [LOG] function(){} @ https://crm.smarthiz.vn/main.7779000ecd52102b7ac0.js:0
[  125673ms] [TABLE] [Object, Object, Object, Object, Object, Object, Object, Object, Object, Object, Object, Object, Object, Object, Object, Object, Object, Object, Object, Object, Object, Object, Object, Object, Object, Object, Object, Object, Object, Object, Object, Object, Object, Object, Object, Object, Object, Object, Object, Object, Object, Object, Object, Object, Object, Object, Object, Object, Object, Object] @ https://crm.smarthiz.vn/main.7779000ecd52102b7ac0.js:0
[  125693ms] [LOG] [Object, Object, Object, Object, Object, Object, Object, Object, Object, Object, Object, Object, Object, Object, Object, Object, Object, Object, Object, Object, Object, Object, Object, Object, Object, Object, Object, Object, Object, Object, Object, Object, Object, Object, Object, Object, Object, Object, Object, Object, Object, Object, Object, Object, Object, Object, Object, Object, Object, Object] @ https://crm.smarthiz.vn/main.7779000ecd52102b7ac0.js:0
[  125693ms] [WARNING] You don't have permission to use DEVTOOL!【type = 6】 @ https://crm.smarthiz.vn/main.7779000ecd52102b7ac0.js:0
[  126474ms] [LOG] JSHandle@node @ https://crm.smarthiz.vn/main.7779000ecd52102b7ac0.js:0
[  126474ms] [LOG] Fri Jul 17 2026 15:04:17 GMT+0700 (Indochina Time) @ https://crm.smarthiz.vn/main.7779000ecd52102b7ac0.js:0
[  126474ms] [LOG] function(){} @ https://crm.smarthiz.vn/main.7779000ecd52102b7ac0.js:0
[  126474ms] [TABLE] [Object, Object, Object, Object, Object, Object, Object, Object, Object, Object, Object, Object, Object, Object, Object, Object, Object, Object, Object, Object, Object, Object, Object, Object, Object, Object, Object, Object, Object, Object, Object, Object, Object, Object, Object, Object, Object, Object, Object, Object, Object, Object, Object, Object, Object, Object, Object, Object, Object, Object] @ https://crm.smarthiz.vn/main.7779000ecd52102b7ac0.js:0
[  126498ms] [LOG] [Object, Object, Object, Object, Object, Object, Object, Object, Object, Object, Object, Object, Object, Object, Object, Object, Object, Object, Object, Object, Object, Object, Object, Object, Object, Object, Object, Object, Object, Object, Object, Object, Object, Object, Object, Object, Object, Object, Object, Object, Object, Object, Object, Object, Object, Object, Object, Object, Object, Object] @ https://crm.smarthiz.vn/main.7779000ecd52102b7ac0.js:0
[  126974ms] [LOG] JSHandle@node @ https://crm.smarthiz.vn/main.7779000ecd52102b7ac0.js:0
[  126974ms] [LOG] Fri Jul 17 2026 15:04:17 GMT+0700 (Indochina Time) @ https://crm.smarthiz.vn/main.7779000ecd52102b7ac0.js:0
[  126974ms] [LOG] function(){} @ https://crm.smarthiz.vn/main.7779000ecd52102b7ac0.js:0
[  126974ms] [TABLE] [Object, Object, Object, Object, Object, Object, Object, Object, Object, Object, Object, Object, Object, Object, Object, Object, Object, Object, Object, Object, Object, Object, Object, Object, Object, Object, Object, Object, Object, Object, Object, Object, Object, Object, Object, Object, Object, Object, Object, Object, Object, Object, Object, Object, Object, Object, Object, Object, Object, Object] @ https://crm.smarthiz.vn/main.7779000ecd52102b7ac0.js:0
[  126995ms] [LOG] [Object, Object, Object, Object, Object, Object, Object, Object, Object, Object, Object, Object, Object, Object, Object, Object, Object, Object, Object, Object, Object, Object, Object, Object, Object, Object, Object, Object, Object, Object, Object, Object, Object, Object, Object, Object, Object, Object, Object, Object, Object, Object, Object, Object, Object, Object, Object, Object, Object, Object] @ https://crm.smarthiz.vn/main.7779000ecd52102b7ac0.js:0
[  127473ms] [LOG] JSHandle@node @ https://crm.smarthiz.vn/main.7779000ecd52102b7ac0.js:0
[  127474ms] [LOG] Fri Jul 17 2026 15:04:17 GMT+0700 (Indochina Time) @ https://crm.smarthiz.vn/main.7779000ecd52102b7ac0.js:0
[  127474ms] [LOG] function(){} @ https://crm.smarthiz.vn/main.7779000ecd52102b7ac0.js:0
[  127474ms] [TABLE] [Object, Object, Object, Object, Object, Object, Object, Object, Object, Object, Object, Object, Object, Object, Object, Object, Object, Object, Object, Object, Object, Object, Object, Object, Object, Object, Object, Object, Object, Object, Object, Object, Object, Object, Object, Object, Object, Object, Object, Object, Object, Object, Object, Object, Object, Object, Object, Object, Object, Object] @ https://crm.smarthiz.vn/main.7779000ecd52102b7ac0.js:0
[  127499ms] [LOG] [Object, Object, Object, Object, Object, Object, Object, Object, Object, Object, Object, Object, Object, Object, Object, Object, Object, Object, Object, Object, Object, Object, Object, Object, Object, Object, Object, Object, Object, Object, Object, Object, Object, Object, Object, Object, Object, Object, Object, Object, Object, Object, Object, Object, Object, Object, Object, Object, Object, Object] @ https://crm.smarthiz.vn/main.7779000ecd52102b7ac0.js:0
[  127974ms] [LOG] JSHandle@node @ https://crm.smarthiz.vn/main.7779000ecd52102b7ac0.js:0
[  127974ms] [LOG] Fri Jul 17 2026 15:04:17 GMT+0700 (Indochina Time) @ https://crm.smarthiz.vn/main.7779000ecd52102b7ac0.js:0
[  127974ms] [LOG] function(){} @ https://crm.smarthiz.vn/main.7779000ecd52102b7ac0.js:0
[  127974ms] [TABLE] [Object, Object, Object, Object, Object, Object, Object, Object, Object, Object, Object, Object, Object, Object, Object, Object, Object, Object, Object, Object, Object, Object, Object, Object, Object, Object, Object, Object, Object, Object, Object, Object, Object, Object, Object, Object, Object, Object, Object, Object, Object, Object, Object, Object, Object, Object, Object, Object, Object, Object] @ https://crm.smarthiz.vn/main.7779000ecd52102b7ac0.js:0
[  127997ms] [LOG] [Object, Object, Object, Object, Object, Object, Object, Object, Object, Object, Object, Object, Object, Object, Object, Object, Object, Object, Object, Object, Object, Object, Object, Object, Object, Object, Object, Object, Object, Object, Object, Object, Object, Object, Object, Object, Object, Object, Object, Object, Object, Object, Object, Object, Object, Object, Object, Object, Object, Object] @ https://crm.smarthiz.vn/main.7779000ecd52102b7ac0.js:0
[  128474ms] [LOG] JSHandle@node @ https://crm.smarthiz.vn/main.7779000ecd52102b7ac0.js:0
[  128474ms] [LOG] Fri Jul 17 2026 15:04:17 GMT+0700 (Indochina Time) @ https://crm.smarthiz.vn/main.7779000ecd52102b7ac0.js:0
[  128474ms] [LOG] function(){} @ https://crm.smarthiz.vn/main.7779000ecd52102b7ac0.js:0
[  128474ms] [TABLE] [Object, Object, Object, Object, Object, Object, Object, Object, Object, Object, Object, Object, Object, Object, Object, Object, Object, Object, Object, Object, Object, Object, Object, Object, Object, Object, Object, Object, Object, Object, Object, Object, Object, Object, Object, Object, Object, Object, Object, Object, Object, Object, Object, Object, Object, Object, Object, Object, Object, Object] @ https://crm.smarthiz.vn/main.7779000ecd52102b7ac0.js:0
[  128498ms] [LOG] [Object, Object, Object, Object, Object, Object, Object, Object, Object, Object, Object, Object, Object, Object, Object, Object, Object, Object, Object, Object, Object, Object, Object, Object, Object, Object, Object, Object, Object, Object, Object, Object, Object, Object, Object, Object, Object, Object, Object, Object, Object, Object, Object, Object, Object, Object, Object, Object, Object, Object] @ https://crm.smarthiz.vn/main.7779000ecd52102b7ac0.js:0
[  128975ms] [LOG] JSHandle@node @ https://crm.smarthiz.vn/main.7779000ecd52102b7ac0.js:0
[  128975ms] [LOG] Fri Jul 17 2026 15:04:17 GMT+0700 (Indochina Time) @ https://crm.smarthiz.vn/main.7779000ecd52102b7ac0.js:0
[  128976ms] [LOG] function(){} @ https://crm.smarthiz.vn/main.7779000ecd52102b7ac0.js:0
[  128976ms] [TABLE] [Object, Object, Object, Object, Object, Object, Object, Object, Object, Object, Object, Object, Object, Object, Object, Object, Object, Object, Object, Object, Object, Object, Object, Object, Object, Object, Object, Object, Object, Object, Object, Object, Object, Object, Object, Object, Object, Object, Object, Object, Object, Object, Object, Object, Object, Object, Object, Object, Object, Object] @ https://crm.smarthiz.vn/main.7779000ecd52102b7ac0.js:0
[  129010ms] [LOG] [Object, Object, Object, Object, Object, Object, Object, Object, Object, Object, Object, Object, Object, Object, Object, Object, Object, Object, Object, Object, Object, Object, Object, Object, Object, Object, Object, Object, Object, Object, Object, Object, Object, Object, Object, Object, Object, Object, Object, Object, Object, Object, Object, Object, Object, Object, Object, Object, Object, Object] @ https://crm.smarthiz.vn/main.7779000ecd52102b7ac0.js:0
[  129010ms] [WARNING] You don't have permission to use DEVTOOL!【type = 6】 @ https://crm.smarthiz.vn/main.7779000ecd52102b7ac0.js:0
[  129785ms] [LOG] JSHandle@node @ https://crm.smarthiz.vn/main.7779000ecd52102b7ac0.js:0
[  129785ms] [LOG] Fri Jul 17 2026 15:04:20 GMT+0700 (Indochina Time) @ https://crm.smarthiz.vn/main.7779000ecd52102b7ac0.js:0
[  129786ms] [LOG] function(){} @ https://crm.smarthiz.vn/main.7779000ecd52102b7ac0.js:0
[  129786ms] [TABLE] [Object, Object, Object, Object, Object, Object, Object, Object, Object, Object, Object, Object, Object, Object, Object, Object, Object, Object, Object, Object, Object, Object, Object, Object, Object, Object, Object, Object, Object, Object, Object, Object, Object, Object, Object, Object, Object, Object, Object, Object, Object, Object, Object, Object, Object, Object, Object, Object, Object, Object] @ https://crm.smarthiz.vn/main.7779000ecd52102b7ac0.js:0
[  129811ms] [LOG] [Object, Object, Object, Object, Object, Object, Object, Object, Object, Object, Object, Object, Object, Object, Object, Object, Object, Object, Object, Object, Object, Object, Object, Object, Object, Object, Object, Object, Object, Object, Object, Object, Object, Object, Object, Object, Object, Object, Object, Object, Object, Object, Object, Object, Object, Object, Object, Object, Object, Object] @ https://crm.smarthiz.vn/main.7779000ecd52102b7ac0.js:0
[  130285ms] [LOG] JSHandle@node @ https://crm.smarthiz.vn/main.7779000ecd52102b7ac0.js:0
[  130286ms] [LOG] Fri Jul 17 2026 15:04:20 GMT+0700 (Indochina Time) @ https://crm.smarthiz.vn/main.7779000ecd52102b7ac0.js:0
[  130286ms] [LOG] function(){} @ https://crm.smarthiz.vn/main.7779000ecd52102b7ac0.js:0
[  130286ms] [TABLE] [Object, Object, Object, Object, Object, Object, Object, Object, Object, Object, Object, Object, Object, Object, Object, Object, Object, Object, Object, Object, Object, Object, Object, Object, Object, Object, Object, Object, Object, Object, Object, Object, Object, Object, Object, Object, Object, Object, Object, Object, Object, Object, Object, Object, Object, Object, Object, Object, Object, Object] @ https://crm.smarthiz.vn/main.7779000ecd52102b7ac0.js:0
[  130308ms] [LOG] [Object, Object, Object, Object, Object, Object, Object, Object, Object, Object, Object, Object, Object, Object, Object, Object, Object, Object, Object, Object, Object, Object, Object, Object, Object, Object, Object, Object, Object, Object, Object, Object, Object, Object, Object, Object, Object, Object, Object, Object, Object, Object, Object, Object, Object, Object, Object, Object, Object, Object] @ https://crm.smarthiz.vn/main.7779000ecd52102b7ac0.js:0
[  130308ms] [WARNING] You don't have permission to use DEVTOOL!【type = 6】 @ https://crm.smarthiz.vn/main.7779000ecd52102b7ac0.js:0
[  131071ms] [LOG] JSHandle@node @ https://crm.smarthiz.vn/main.7779000ecd52102b7ac0.js:0
[  131071ms] [LOG] Fri Jul 17 2026 15:04:21 GMT+0700 (Indochina Time) @ https://crm.smarthiz.vn/main.7779000ecd52102b7ac0.js:0
[  131072ms] [LOG] function(){} @ https://crm.smarthiz.vn/main.7779000ecd52102b7ac0.js:0
[  131072ms] [TABLE] [Object, Object, Object, Object, Object, Object, Object, Object, Object, Object, Object, Object, Object, Object, Object, Object, Object, Object, Object, Object, Object, Object, Object, Object, Object, Object, Object, Object, Object, Object, Object, Object, Object, Object, Object, Object, Object, Object, Object, Object, Object, Object, Object, Object, Object, Object, Object, Object, Object, Object] @ https://crm.smarthiz.vn/main.7779000ecd52102b7ac0.js:0
[  131094ms] [LOG] [Object, Object, Object, Object, Object, Object, Object, Object, Object, Object, Object, Object, Object, Object, Object, Object, Object, Object, Object, Object, Object, Object, Object, Object, Object, Object, Object, Object, Object, Object, Object, Object, Object, Object, Object, Object, Object, Object, Object, Object, Object, Object, Object, Object, Object, Object, Object, Object, Object, Object] @ https://crm.smarthiz.vn/main.7779000ecd52102b7ac0.js:0
[  131572ms] [LOG] JSHandle@node @ https://crm.smarthiz.vn/main.7779000ecd52102b7ac0.js:0
[  131573ms] [LOG] Fri Jul 17 2026 15:04:21 GMT+0700 (Indochina Time) @ https://crm.smarthiz.vn/main.7779000ecd52102b7ac0.js:0
[  131573ms] [LOG] function(){} @ https://crm.smarthiz.vn/main.7779000ecd52102b7ac0.js:0
[  131573ms] [TABLE] [Object, Object, Object, Object, Object, Object, Object, Object, Object, Object, Object, Object, Object, Object, Object, Object, Object, Object, Object, Object, Object, Object, Object, Object, Object, Object, Object, Object, Object, Object, Object, Object, Object, Object, Object, Object, Object, Object, Object, Object, Object, Object, Object, Object, Object, Object, Object, Object, Object, Object] @ https://crm.smarthiz.vn/main.7779000ecd52102b7ac0.js:0
[  131597ms] [LOG] [Object, Object, Object, Object, Object, Object, Object, Object, Object, Object, Object, Object, Object, Object, Object, Object, Object, Object, Object, Object, Object, Object, Object, Object, Object, Object, Object, Object, Object, Object, Object, Object, Object, Object, Object, Object, Object, Object, Object, Object, Object, Object, Object, Object, Object, Object, Object, Object, Object, Object] @ https://crm.smarthiz.vn/main.7779000ecd52102b7ac0.js:0
[  132069ms] [LOG] JSHandle@node @ https://crm.smarthiz.vn/main.7779000ecd52102b7ac0.js:0
[  132070ms] [LOG] Fri Jul 17 2026 15:04:21 GMT+0700 (Indochina Time) @ https://crm.smarthiz.vn/main.7779000ecd52102b7ac0.js:0
[  132070ms] [LOG] function(){} @ https://crm.smarthiz.vn/main.7779000ecd52102b7ac0.js:0
[  132070ms] [TABLE] [Object, Object, Object, Object, Object, Object, Object, Object, Object, Object, Object, Object, Object, Object, Object, Object, Object, Object, Object, Object, Object, Object, Object, Object, Object, Object, Object, Object, Object, Object, Object, Object, Object, Object, Object, Object, Object, Object, Object, Object, Object, Object, Object, Object, Object, Object, Object, Object, Object, Object] @ https://crm.smarthiz.vn/main.7779000ecd52102b7ac0.js:0
[  132089ms] [LOG] [Object, Object, Object, Object, Object, Object, Object, Object, Object, Object, Object, Object, Object, Object, Object, Object, Object, Object, Object, Object, Object, Object, Object, Object, Object, Object, Object, Object, Object, Object, Object, Object, Object, Object, Object, Object, Object, Object, Object, Object, Object, Object, Object, Object, Object, Object, Object, Object, Object, Object] @ https://crm.smarthiz.vn/main.7779000ecd52102b7ac0.js:0
[  132579ms] [LOG] JSHandle@node @ https://crm.smarthiz.vn/main.7779000ecd52102b7ac0.js:0
[  132579ms] [LOG] Fri Jul 17 2026 15:04:21 GMT+0700 (Indochina Time) @ https://crm.smarthiz.vn/main.7779000ecd52102b7ac0.js:0
[  132580ms] [LOG] function(){} @ https://crm.smarthiz.vn/main.7779000ecd52102b7ac0.js:0
[  132580ms] [TABLE] [Object, Object, Object, Object, Object, Object, Object, Object, Object, Object, Object, Object, Object, Object, Object, Object, Object, Object, Object, Object, Object, Object, Object, Object, Object, Object, Object, Object, Object, Object, Object, Object, Object, Object, Object, Object, Object, Object, Object, Object, Object, Object, Object, Object, Object, Object, Object, Object, Object, Object] @ https://crm.smarthiz.vn/main.7779000ecd52102b7ac0.js:0
[  132606ms] [LOG] [Object, Object, Object, Object, Object, Object, Object, Object, Object, Object, Object, Object, Object, Object, Object, Object, Object, Object, Object, Object, Object, Object, Object, Object, Object, Object, Object, Object, Object, Object, Object, Object, Object, Object, Object, Object, Object, Object, Object, Object, Object, Object, Object, Object, Object, Object, Object, Object, Object, Object] @ https://crm.smarthiz.vn/main.7779000ecd52102b7ac0.js:0
[  133071ms] [LOG] JSHandle@node @ https://crm.smarthiz.vn/main.7779000ecd52102b7ac0.js:0
[  133072ms] [LOG] Fri Jul 17 2026 15:04:21 GMT+0700 (Indochina Time) @ https://crm.smarthiz.vn/main.7779000ecd52102b7ac0.js:0
[  133072ms] [LOG] function(){} @ https://crm.smarthiz.vn/main.7779000ecd52102b7ac0.js:0
[  133072ms] [TABLE] [Object, Object, Object, Object, Object, Object, Object, Object, Object, Object, Object, Object, Object, Object, Object, Object, Object, Object, Object, Object, Object, Object, Object, Object, Object, Object, Object, Object, Object, Object, Object, Object, Object, Object, Object, Object, Object, Object, Object, Object, Object, Object, Object, Object, Object, Object, Object, Object, Object, Object] @ https://crm.smarthiz.vn/main.7779000ecd52102b7ac0.js:0
[  133097ms] [LOG] [Object, Object, Object, Object, Object, Object, Object, Object, Object, Object, Object, Object, Object, Object, Object, Object, Object, Object, Object, Object, Object, Object, Object, Object, Object, Object, Object, Object, Object, Object, Object, Object, Object, Object, Object, Object, Object, Object, Object, Object, Object, Object, Object, Object, Object, Object, Object, Object, Object, Object] @ https://crm.smarthiz.vn/main.7779000ecd52102b7ac0.js:0
[  133097ms] [WARNING] You don't have permission to use DEVTOOL!【type = 6】 @ https://crm.smarthiz.vn/main.7779000ecd52102b7ac0.js:0
[  133778ms] [LOG] JSHandle@node @ https://crm.smarthiz.vn/main.7779000ecd52102b7ac0.js:0
[  133778ms] [LOG] Fri Jul 17 2026 15:04:24 GMT+0700 (Indochina Time) @ https://crm.smarthiz.vn/main.7779000ecd52102b7ac0.js:0
[  133778ms] [LOG] function(){} @ https://crm.smarthiz.vn/main.7779000ecd52102b7ac0.js:0
[  133778ms] [TABLE] [Object, Object, Object, Object, Object, Object, Object, Object, Object, Object, Object, Object, Object, Object, Object, Object, Object, Object, Object, Object, Object, Object, Object, Object, Object, Object, Object, Object, Object, Object, Object, Object, Object, Object, Object, Object, Object, Object, Object, Object, Object, Object, Object, Object, Object, Object, Object, Object, Object, Object] @ https://crm.smarthiz.vn/main.7779000ecd52102b7ac0.js:0
[  133800ms] [LOG] [Object, Object, Object, Object, Object, Object, Object, Object, Object, Object, Object, Object, Object, Object, Object, Object, Object, Object, Object, Object, Object, Object, Object, Object, Object, Object, Object, Object, Object, Object, Object, Object, Object, Object, Object, Object, Object, Object, Object, Object, Object, Object, Object, Object, Object, Object, Object, Object, Object, Object] @ https://crm.smarthiz.vn/main.7779000ecd52102b7ac0.js:0
[  134273ms] [LOG] JSHandle@node @ https://crm.smarthiz.vn/main.7779000ecd52102b7ac0.js:0
[  134274ms] [LOG] Fri Jul 17 2026 15:04:24 GMT+0700 (Indochina Time) @ https://crm.smarthiz.vn/main.7779000ecd52102b7ac0.js:0
[  134274ms] [LOG] function(){} @ https://crm.smarthiz.vn/main.7779000ecd52102b7ac0.js:0
[  134274ms] [TABLE] [Object, Object, Object, Object, Object, Object, Object, Object, Object, Object, Object, Object, Object, Object, Object, Object, Object, Object, Object, Object, Object, Object, Object, Object, Object, Object, Object, Object, Object, Object, Object, Object, Object, Object, Object, Object, Object, Object, Object, Object, Object, Object, Object, Object, Object, Object, Object, Object, Object, Object] @ https://crm.smarthiz.vn/main.7779000ecd52102b7ac0.js:0
[  134295ms] [LOG] [Object, Object, Object, Object, Object, Object, Object, Object, Object, Object, Object, Object, Object, Object, Object, Object, Object, Object, Object, Object, Object, Object, Object, Object, Object, Object, Object, Object, Object, Object, Object, Object, Object, Object, Object, Object, Object, Object, Object, Object, Object, Object, Object, Object, Object, Object, Object, Object, Object, Object] @ https://crm.smarthiz.vn/main.7779000ecd52102b7ac0.js:0
[  134780ms] [LOG] JSHandle@node @ https://crm.smarthiz.vn/main.7779000ecd52102b7ac0.js:0
[  134780ms] [LOG] Fri Jul 17 2026 15:04:24 GMT+0700 (Indochina Time) @ https://crm.smarthiz.vn/main.7779000ecd52102b7ac0.js:0
[  134780ms] [LOG] function(){} @ https://crm.smarthiz.vn/main.7779000ecd52102b7ac0.js:0
[  134780ms] [TABLE] [Object, Object, Object, Object, Object, Object, Object, Object, Object, Object, Object, Object, Object, Object, Object, Object, Object, Object, Object, Object, Object, Object, Object, Object, Object, Object, Object, Object, Object, Object, Object, Object, Object, Object, Object, Object, Object, Object, Object, Object, Object, Object, Object, Object, Object, Object, Object, Object, Object, Object] @ https://crm.smarthiz.vn/main.7779000ecd52102b7ac0.js:0
[  134802ms] [LOG] [Object, Object, Object, Object, Object, Object, Object, Object, Object, Object, Object, Object, Object, Object, Object, Object, Object, Object, Object, Object, Object, Object, Object, Object, Object, Object, Object, Object, Object, Object, Object, Object, Object, Object, Object, Object, Object, Object, Object, Object, Object, Object, Object, Object, Object, Object, Object, Object, Object, Object] @ https://crm.smarthiz.vn/main.7779000ecd52102b7ac0.js:0
[  134802ms] [WARNING] You don't have permission to use DEVTOOL!【type = 6】 @ https://crm.smarthiz.vn/main.7779000ecd52102b7ac0.js:0
[  135549ms] [LOG] JSHandle@node @ https://crm.smarthiz.vn/main.7779000ecd52102b7ac0.js:0
[  135549ms] [LOG] Fri Jul 17 2026 15:04:26 GMT+0700 (Indochina Time) @ https://crm.smarthiz.vn/main.7779000ecd52102b7ac0.js:0
[  135549ms] [LOG] function(){} @ https://crm.smarthiz.vn/main.7779000ecd52102b7ac0.js:0
[  135549ms] [TABLE] [Object, Object, Object, Object, Object, Object, Object, Object, Object, Object, Object, Object, Object, Object, Object, Object, Object, Object, Object, Object, Object, Object, Object, Object, Object, Object, Object, Object, Object, Object, Object, Object, Object, Object, Object, Object, Object, Object, Object, Object, Object, Object, Object, Object, Object, Object, Object, Object, Object, Object] @ https://crm.smarthiz.vn/main.7779000ecd52102b7ac0.js:0
[  135573ms] [LOG] [Object, Object, Object, Object, Object, Object, Object, Object, Object, Object, Object, Object, Object, Object, Object, Object, Object, Object, Object, Object, Object, Object, Object, Object, Object, Object, Object, Object, Object, Object, Object, Object, Object, Object, Object, Object, Object, Object, Object, Object, Object, Object, Object, Object, Object, Object, Object, Object, Object, Object] @ https://crm.smarthiz.vn/main.7779000ecd52102b7ac0.js:0
[  136046ms] [LOG] JSHandle@node @ https://crm.smarthiz.vn/main.7779000ecd52102b7ac0.js:0
[  136046ms] [LOG] Fri Jul 17 2026 15:04:26 GMT+0700 (Indochina Time) @ https://crm.smarthiz.vn/main.7779000ecd52102b7ac0.js:0
[  136047ms] [LOG] function(){} @ https://crm.smarthiz.vn/main.7779000ecd52102b7ac0.js:0
[  136047ms] [TABLE] [Object, Object, Object, Object, Object, Object, Object, Object, Object, Object, Object, Object, Object, Object, Object, Object, Object, Object, Object, Object, Object, Object, Object, Object, Object, Object, Object, Object, Object, Object, Object, Object, Object, Object, Object, Object, Object, Object, Object, Object, Object, Object, Object, Object, Object, Object, Object, Object, Object, Object] @ https://crm.smarthiz.vn/main.7779000ecd52102b7ac0.js:0
[  136074ms] [LOG] [Object, Object, Object, Object, Object, Object, Object, Object, Object, Object, Object, Object, Object, Object, Object, Object, Object, Object, Object, Object, Object, Object, Object, Object, Object, Object, Object, Object, Object, Object, Object, Object, Object, Object, Object, Object, Object, Object, Object, Object, Object, Object, Object, Object, Object, Object, Object, Object, Object, Object] @ https://crm.smarthiz.vn/main.7779000ecd52102b7ac0.js:0
[  136074ms] [WARNING] You don't have permission to use DEVTOOL!【type = 6】 @ https://crm.smarthiz.vn/main.7779000ecd52102b7ac0.js:0
[  136829ms] [LOG] JSHandle@node @ https://crm.smarthiz.vn/main.7779000ecd52102b7ac0.js:0
[  136829ms] [LOG] Fri Jul 17 2026 15:04:27 GMT+0700 (Indochina Time) @ https://crm.smarthiz.vn/main.7779000ecd52102b7ac0.js:0
[  136829ms] [LOG] function(){} @ https://crm.smarthiz.vn/main.7779000ecd52102b7ac0.js:0
[  136829ms] [TABLE] [Object, Object, Object, Object, Object, Object, Object, Object, Object, Object, Object, Object, Object, Object, Object, Object, Object, Object, Object, Object, Object, Object, Object, Object, Object, Object, Object, Object, Object, Object, Object, Object, Object, Object, Object, Object, Object, Object, Object, Object, Object, Object, Object, Object, Object, Object, Object, Object, Object, Object] @ https://crm.smarthiz.vn/main.7779000ecd52102b7ac0.js:0
[  136852ms] [LOG] [Object, Object, Object, Object, Object, Object, Object, Object, Object, Object, Object, Object, Object, Object, Object, Object, Object, Object, Object, Object, Object, Object, Object, Object, Object, Object, Object, Object, Object, Object, Object, Object, Object, Object, Object, Object, Object, Object, Object, Object, Object, Object, Object, Object, Object, Object, Object, Object, Object, Object] @ https://crm.smarthiz.vn/main.7779000ecd52102b7ac0.js:0
[  137330ms] [LOG] JSHandle@node @ https://crm.smarthiz.vn/main.7779000ecd52102b7ac0.js:0
[  137330ms] [LOG] Fri Jul 17 2026 15:04:27 GMT+0700 (Indochina Time) @ https://crm.smarthiz.vn/main.7779000ecd52102b7ac0.js:0
[  137331ms] [LOG] function(){} @ https://crm.smarthiz.vn/main.7779000ecd52102b7ac0.js:0
[  137331ms] [TABLE] [Object, Object, Object, Object, Object, Object, Object, Object, Object, Object, Object, Object, Object, Object, Object, Object, Object, Object, Object, Object, Object, Object, Object, Object, Object, Object, Object, Object, Object, Object, Object, Object, Object, Object, Object, Object, Object, Object, Object, Object, Object, Object, Object, Object, Object, Object, Object, Object, Object, Object] @ https://crm.smarthiz.vn/main.7779000ecd52102b7ac0.js:0
[  137353ms] [LOG] [Object, Object, Object, Object, Object, Object, Object, Object, Object, Object, Object, Object, Object, Object, Object, Object, Object, Object, Object, Object, Object, Object, Object, Object, Object, Object, Object, Object, Object, Object, Object, Object, Object, Object, Object, Object, Object, Object, Object, Object, Object, Object, Object, Object, Object, Object, Object, Object, Object, Object] @ https://crm.smarthiz.vn/main.7779000ecd52102b7ac0.js:0
[  137353ms] [WARNING] You don't have permission to use DEVTOOL!【type = 6】 @ https://crm.smarthiz.vn/main.7779000ecd52102b7ac0.js:0
[  138011ms] [LOG] JSHandle@node @ https://crm.smarthiz.vn/main.7779000ecd52102b7ac0.js:0
[  138011ms] [LOG] Fri Jul 17 2026 15:04:28 GMT+0700 (Indochina Time) @ https://crm.smarthiz.vn/main.7779000ecd52102b7ac0.js:0
[  138011ms] [LOG] function(){} @ https://crm.smarthiz.vn/main.7779000ecd52102b7ac0.js:0
[  138011ms] [TABLE] [Object, Object, Object, Object, Object, Object, Object, Object, Object, Object, Object, Object, Object, Object, Object, Object, Object, Object, Object, Object, Object, Object, Object, Object, Object, Object, Object, Object, Object, Object, Object, Object, Object, Object, Object, Object, Object, Object, Object, Object, Object, Object, Object, Object, Object, Object, Object, Object, Object, Object] @ https://crm.smarthiz.vn/main.7779000ecd52102b7ac0.js:0
[  138034ms] [LOG] [Object, Object, Object, Object, Object, Object, Object, Object, Object, Object, Object, Object, Object, Object, Object, Object, Object, Object, Object, Object, Object, Object, Object, Object, Object, Object, Object, Object, Object, Object, Object, Object, Object, Object, Object, Object, Object, Object, Object, Object, Object, Object, Object, Object, Object, Object, Object, Object, Object, Object] @ https://crm.smarthiz.vn/main.7779000ecd52102b7ac0.js:0
[  138511ms] [LOG] JSHandle@node @ https://crm.smarthiz.vn/main.7779000ecd52102b7ac0.js:0
[  138511ms] [LOG] Fri Jul 17 2026 15:04:28 GMT+0700 (Indochina Time) @ https://crm.smarthiz.vn/main.7779000ecd52102b7ac0.js:0
[  138511ms] [LOG] function(){} @ https://crm.smarthiz.vn/main.7779000ecd52102b7ac0.js:0
[  138512ms] [TABLE] [Object, Object, Object, Object, Object, Object, Object, Object, Object, Object, Object, Object, Object, Object, Object, Object, Object, Object, Object, Object, Object, Object, Object, Object, Object, Object, Object, Object, Object, Object, Object, Object, Object, Object, Object, Object, Object, Object, Object, Object, Object, Object, Object, Object, Object, Object, Object, Object, Object, Object] @ https://crm.smarthiz.vn/main.7779000ecd52102b7ac0.js:0
[  138534ms] [LOG] [Object, Object, Object, Object, Object, Object, Object, Object, Object, Object, Object, Object, Object, Object, Object, Object, Object, Object, Object, Object, Object, Object, Object, Object, Object, Object, Object, Object, Object, Object, Object, Object, Object, Object, Object, Object, Object, Object, Object, Object, Object, Object, Object, Object, Object, Object, Object, Object, Object, Object] @ https://crm.smarthiz.vn/main.7779000ecd52102b7ac0.js:0
[  139011ms] [LOG] JSHandle@node @ https://crm.smarthiz.vn/main.7779000ecd52102b7ac0.js:0
[  139011ms] [LOG] Fri Jul 17 2026 15:04:28 GMT+0700 (Indochina Time) @ https://crm.smarthiz.vn/main.7779000ecd52102b7ac0.js:0
[  139011ms] [LOG] function(){} @ https://crm.smarthiz.vn/main.7779000ecd52102b7ac0.js:0
[  139011ms] [TABLE] [Object, Object, Object, Object, Object, Object, Object, Object, Object, Object, Object, Object, Object, Object, Object, Object, Object, Object, Object, Object, Object, Object, Object, Object, Object, Object, Object, Object, Object, Object, Object, Object, Object, Object, Object, Object, Object, Object, Object, Object, Object, Object, Object, Object, Object, Object, Object, Object, Object, Object] @ https://crm.smarthiz.vn/main.7779000ecd52102b7ac0.js:0
[  139031ms] [LOG] [Object, Object, Object, Object, Object, Object, Object, Object, Object, Object, Object, Object, Object, Object, Object, Object, Object, Object, Object, Object, Object, Object, Object, Object, Object, Object, Object, Object, Object, Object, Object, Object, Object, Object, Object, Object, Object, Object, Object, Object, Object, Object, Object, Object, Object, Object, Object, Object, Object, Object] @ https://crm.smarthiz.vn/main.7779000ecd52102b7ac0.js:0
[  139513ms] [LOG] JSHandle@node @ https://crm.smarthiz.vn/main.7779000ecd52102b7ac0.js:0
[  139513ms] [LOG] Fri Jul 17 2026 15:04:28 GMT+0700 (Indochina Time) @ https://crm.smarthiz.vn/main.7779000ecd52102b7ac0.js:0
[  139514ms] [LOG] function(){} @ https://crm.smarthiz.vn/main.7779000ecd52102b7ac0.js:0
[  139514ms] [TABLE] [Object, Object, Object, Object, Object, Object, Object, Object, Object, Object, Object, Object, Object, Object, Object, Object, Object, Object, Object, Object, Object, Object, Object, Object, Object, Object, Object, Object, Object, Object, Object, Object, Object, Object, Object, Object, Object, Object, Object, Object, Object, Object, Object, Object, Object, Object, Object, Object, Object, Object] @ https://crm.smarthiz.vn/main.7779000ecd52102b7ac0.js:0
[  139536ms] [LOG] [Object, Object, Object, Object, Object, Object, Object, Object, Object, Object, Object, Object, Object, Object, Object, Object, Object, Object, Object, Object, Object, Object, Object, Object, Object, Object, Object, Object, Object, Object, Object, Object, Object, Object, Object, Object, Object, Object, Object, Object, Object, Object, Object, Object, Object, Object, Object, Object, Object, Object] @ https://crm.smarthiz.vn/main.7779000ecd52102b7ac0.js:0
[  140013ms] [LOG] JSHandle@node @ https://crm.smarthiz.vn/main.7779000ecd52102b7ac0.js:0
[  140013ms] [LOG] Fri Jul 17 2026 15:04:28 GMT+0700 (Indochina Time) @ https://crm.smarthiz.vn/main.7779000ecd52102b7ac0.js:0
[  140013ms] [LOG] function(){} @ https://crm.smarthiz.vn/main.7779000ecd52102b7ac0.js:0
[  140013ms] [TABLE] [Object, Object, Object, Object, Object, Object, Object, Object, Object, Object, Object, Object, Object, Object, Object, Object, Object, Object, Object, Object, Object, Object, Object, Object, Object, Object, Object, Object, Object, Object, Object, Object, Object, Object, Object, Object, Object, Object, Object, Object, Object, Object, Object, Object, Object, Object, Object, Object, Object, Object] @ https://crm.smarthiz.vn/main.7779000ecd52102b7ac0.js:0
[  140033ms] [LOG] [Object, Object, Object, Object, Object, Object, Object, Object, Object, Object, Object, Object, Object, Object, Object, Object, Object, Object, Object, Object, Object, Object, Object, Object, Object, Object, Object, Object, Object, Object, Object, Object, Object, Object, Object, Object, Object, Object, Object, Object, Object, Object, Object, Object, Object, Object, Object, Object, Object, Object] @ https://crm.smarthiz.vn/main.7779000ecd52102b7ac0.js:0
[  140510ms] [LOG] JSHandle@node @ https://crm.smarthiz.vn/main.7779000ecd52102b7ac0.js:0
[  140510ms] [LOG] Fri Jul 17 2026 15:04:28 GMT+0700 (Indochina Time) @ https://crm.smarthiz.vn/main.7779000ecd52102b7ac0.js:0
[  140510ms] [LOG] function(){} @ https://crm.smarthiz.vn/main.7779000ecd52102b7ac0.js:0
[  140510ms] [TABLE] [Object, Object, Object, Object, Object, Object, Object, Object, Object, Object, Object, Object, Object, Object, Object, Object, Object, Object, Object, Object, Object, Object, Object, Object, Object, Object, Object, Object, Object, Object, Object, Object, Object, Object, Object, Object, Object, Object, Object, Object, Object, Object, Object, Object, Object, Object, Object, Object, Object, Object] @ https://crm.smarthiz.vn/main.7779000ecd52102b7ac0.js:0
[  140528ms] [LOG] [Object, Object, Object, Object, Object, Object, Object, Object, Object, Object, Object, Object, Object, Object, Object, Object, Object, Object, Object, Object, Object, Object, Object, Object, Object, Object, Object, Object, Object, Object, Object, Object, Object, Object, Object, Object, Object, Object, Object, Object, Object, Object, Object, Object, Object, Object, Object, Object, Object, Object] @ https://crm.smarthiz.vn/main.7779000ecd52102b7ac0.js:0
[  141015ms] [LOG] JSHandle@node @ https://crm.smarthiz.vn/main.7779000ecd52102b7ac0.js:0
[  141015ms] [LOG] Fri Jul 17 2026 15:04:28 GMT+0700 (Indochina Time) @ https://crm.smarthiz.vn/main.7779000ecd52102b7ac0.js:0
[  141015ms] [LOG] function(){} @ https://crm.smarthiz.vn/main.7779000ecd52102b7ac0.js:0
[  141015ms] [TABLE] [Object, Object, Object, Object, Object, Object, Object, Object, Object, Object, Object, Object, Object, Object, Object, Object, Object, Object, Object, Object, Object, Object, Object, Object, Object, Object, Object, Object, Object, Object, Object, Object, Object, Object, Object, Object, Object, Object, Object, Object, Object, Object, Object, Object, Object, Object, Object, Object, Object, Object] @ https://crm.smarthiz.vn/main.7779000ecd52102b7ac0.js:0
[  141035ms] [LOG] [Object, Object, Object, Object, Object, Object, Object, Object, Object, Object, Object, Object, Object, Object, Object, Object, Object, Object, Object, Object, Object, Object, Object, Object, Object, Object, Object, Object, Object, Object, Object, Object, Object, Object, Object, Object, Object, Object, Object, Object, Object, Object, Object, Object, Object, Object, Object, Object, Object, Object] @ https://crm.smarthiz.vn/main.7779000ecd52102b7ac0.js:0
[  141036ms] [WARNING] You don't have permission to use DEVTOOL!【type = 6】 @ https://crm.smarthiz.vn/main.7779000ecd52102b7ac0.js:0
[  141789ms] [LOG] JSHandle@node @ https://crm.smarthiz.vn/main.7779000ecd52102b7ac0.js:0
[  141789ms] [LOG] Fri Jul 17 2026 15:04:32 GMT+0700 (Indochina Time) @ https://crm.smarthiz.vn/main.7779000ecd52102b7ac0.js:0
[  141789ms] [LOG] function(){} @ https://crm.smarthiz.vn/main.7779000ecd52102b7ac0.js:0
[  141789ms] [TABLE] [Object, Object, Object, Object, Object, Object, Object, Object, Object, Object, Object, Object, Object, Object, Object, Object, Object, Object, Object, Object, Object, Object, Object, Object, Object, Object, Object, Object, Object, Object, Object, Object, Object, Object, Object, Object, Object, Object, Object, Object, Object, Object, Object, Object, Object, Object, Object, Object, Object, Object] @ https://crm.smarthiz.vn/main.7779000ecd52102b7ac0.js:0
[  141813ms] [LOG] [Object, Object, Object, Object, Object, Object, Object, Object, Object, Object, Object, Object, Object, Object, Object, Object, Object, Object, Object, Object, Object, Object, Object, Object, Object, Object, Object, Object, Object, Object, Object, Object, Object, Object, Object, Object, Object, Object, Object, Object, Object, Object, Object, Object, Object, Object, Object, Object, Object, Object] @ https://crm.smarthiz.vn/main.7779000ecd52102b7ac0.js:0
[  142292ms] [LOG] JSHandle@node @ https://crm.smarthiz.vn/main.7779000ecd52102b7ac0.js:0
[  142292ms] [LOG] Fri Jul 17 2026 15:04:32 GMT+0700 (Indochina Time) @ https://crm.smarthiz.vn/main.7779000ecd52102b7ac0.js:0
[  142293ms] [LOG] function(){} @ https://crm.smarthiz.vn/main.7779000ecd52102b7ac0.js:0
[  142293ms] [TABLE] [Object, Object, Object, Object, Object, Object, Object, Object, Object, Object, Object, Object, Object, Object, Object, Object, Object, Object, Object, Object, Object, Object, Object, Object, Object, Object, Object, Object, Object, Object, Object, Object, Object, Object, Object, Object, Object, Object, Object, Object, Object, Object, Object, Object, Object, Object, Object, Object, Object, Object] @ https://crm.smarthiz.vn/main.7779000ecd52102b7ac0.js:0
[  142317ms] [LOG] [Object, Object, Object, Object, Object, Object, Object, Object, Object, Object, Object, Object, Object, Object, Object, Object, Object, Object, Object, Object, Object, Object, Object, Object, Object, Object, Object, Object, Object, Object, Object, Object, Object, Object, Object, Object, Object, Object, Object, Object, Object, Object, Object, Object, Object, Object, Object, Object, Object, Object] @ https://crm.smarthiz.vn/main.7779000ecd52102b7ac0.js:0
[  142797ms] [LOG] JSHandle@node @ https://crm.smarthiz.vn/main.7779000ecd52102b7ac0.js:0
[  142797ms] [LOG] Fri Jul 17 2026 15:04:32 GMT+0700 (Indochina Time) @ https://crm.smarthiz.vn/main.7779000ecd52102b7ac0.js:0
[  142797ms] [LOG] function(){} @ https://crm.smarthiz.vn/main.7779000ecd52102b7ac0.js:0
[  142797ms] [TABLE] [Object, Object, Object, Object, Object, Object, Object, Object, Object, Object, Object, Object, Object, Object, Object, Object, Object, Object, Object, Object, Object, Object, Object, Object, Object, Object, Object, Object, Object, Object, Object, Object, Object, Object, Object, Object, Object, Object, Object, Object, Object, Object, Object, Object, Object, Object, Object, Object, Object, Object] @ https://crm.smarthiz.vn/main.7779000ecd52102b7ac0.js:0
[  142822ms] [LOG] [Object, Object, Object, Object, Object, Object, Object, Object, Object, Object, Object, Object, Object, Object, Object, Object, Object, Object, Object, Object, Object, Object, Object, Object, Object, Object, Object, Object, Object, Object, Object, Object, Object, Object, Object, Object, Object, Object, Object, Object, Object, Object, Object, Object, Object, Object, Object, Object, Object, Object] @ https://crm.smarthiz.vn/main.7779000ecd52102b7ac0.js:0
[  143289ms] [LOG] JSHandle@node @ https://crm.smarthiz.vn/main.7779000ecd52102b7ac0.js:0
[  143289ms] [LOG] Fri Jul 17 2026 15:04:32 GMT+0700 (Indochina Time) @ https://crm.smarthiz.vn/main.7779000ecd52102b7ac0.js:0
[  143289ms] [LOG] function(){} @ https://crm.smarthiz.vn/main.7779000ecd52102b7ac0.js:0
[  143289ms] [TABLE] [Object, Object, Object, Object, Object, Object, Object, Object, Object, Object, Object, Object, Object, Object, Object, Object, Object, Object, Object, Object, Object, Object, Object, Object, Object, Object, Object, Object, Object, Object, Object, Object, Object, Object, Object, Object, Object, Object, Object, Object, Object, Object, Object, Object, Object, Object, Object, Object, Object, Object] @ https://crm.smarthiz.vn/main.7779000ecd52102b7ac0.js:0
[  143311ms] [LOG] [Object, Object, Object, Object, Object, Object, Object, Object, Object, Object, Object, Object, Object, Object, Object, Object, Object, Object, Object, Object, Object, Object, Object, Object, Object, Object, Object, Object, Object, Object, Object, Object, Object, Object, Object, Object, Object, Object, Object, Object, Object, Object, Object, Object, Object, Object, Object, Object, Object, Object] @ https://crm.smarthiz.vn/main.7779000ecd52102b7ac0.js:0
[  143802ms] [LOG] JSHandle@node @ https://crm.smarthiz.vn/main.7779000ecd52102b7ac0.js:0
[  143802ms] [LOG] Fri Jul 17 2026 15:04:32 GMT+0700 (Indochina Time) @ https://crm.smarthiz.vn/main.7779000ecd52102b7ac0.js:0
[  143802ms] [LOG] function(){} @ https://crm.smarthiz.vn/main.7779000ecd52102b7ac0.js:0
[  143802ms] [TABLE] [Object, Object, Object, Object, Object, Object, Object, Object, Object, Object, Object, Object, Object, Object, Object, Object, Object, Object, Object, Object, Object, Object, Object, Object, Object, Object, Object, Object, Object, Object, Object, Object, Object, Object, Object, Object, Object, Object, Object, Object, Object, Object, Object, Object, Object, Object, Object, Object, Object, Object] @ https://crm.smarthiz.vn/main.7779000ecd52102b7ac0.js:0
[  143820ms] [LOG] [Object, Object, Object, Object, Object, Object, Object, Object, Object, Object, Object, Object, Object, Object, Object, Object, Object, Object, Object, Object, Object, Object, Object, Object, Object, Object, Object, Object, Object, Object, Object, Object, Object, Object, Object, Object, Object, Object, Object, Object, Object, Object, Object, Object, Object, Object, Object, Object, Object, Object] @ https://crm.smarthiz.vn/main.7779000ecd52102b7ac0.js:0
[  144294ms] [LOG] JSHandle@node @ https://crm.smarthiz.vn/main.7779000ecd52102b7ac0.js:0
[  144294ms] [LOG] Fri Jul 17 2026 15:04:32 GMT+0700 (Indochina Time) @ https://crm.smarthiz.vn/main.7779000ecd52102b7ac0.js:0
[  144294ms] [LOG] function(){} @ https://crm.smarthiz.vn/main.7779000ecd52102b7ac0.js:0
[  144294ms] [TABLE] [Object, Object, Object, Object, Object, Object, Object, Object, Object, Object, Object, Object, Object, Object, Object, Object, Object, Object, Object, Object, Object, Object, Object, Object, Object, Object, Object, Object, Object, Object, Object, Object, Object, Object, Object, Object, Object, Object, Object, Object, Object, Object, Object, Object, Object, Object, Object, Object, Object, Object] @ https://crm.smarthiz.vn/main.7779000ecd52102b7ac0.js:0
[  144313ms] [LOG] [Object, Object, Object, Object, Object, Object, Object, Object, Object, Object, Object, Object, Object, Object, Object, Object, Object, Object, Object, Object, Object, Object, Object, Object, Object, Object, Object, Object, Object, Object, Object, Object, Object, Object, Object, Object, Object, Object, Object, Object, Object, Object, Object, Object, Object, Object, Object, Object, Object, Object] @ https://crm.smarthiz.vn/main.7779000ecd52102b7ac0.js:0
[  144797ms] [LOG] JSHandle@node @ https://crm.smarthiz.vn/main.7779000ecd52102b7ac0.js:0
[  144797ms] [LOG] Fri Jul 17 2026 15:04:32 GMT+0700 (Indochina Time) @ https://crm.smarthiz.vn/main.7779000ecd52102b7ac0.js:0
[  144798ms] [LOG] function(){} @ https://crm.smarthiz.vn/main.7779000ecd52102b7ac0.js:0
[  144798ms] [TABLE] [Object, Object, Object, Object, Object, Object, Object, Object, Object, Object, Object, Object, Object, Object, Object, Object, Object, Object, Object, Object, Object, Object, Object, Object, Object, Object, Object, Object, Object, Object, Object, Object, Object, Object, Object, Object, Object, Object, Object, Object, Object, Object, Object, Object, Object, Object, Object, Object, Object, Object] @ https://crm.smarthiz.vn/main.7779000ecd52102b7ac0.js:0
[  144816ms] [LOG] [Object, Object, Object, Object, Object, Object, Object, Object, Object, Object, Object, Object, Object, Object, Object, Object, Object, Object, Object, Object, Object, Object, Object, Object, Object, Object, Object, Object, Object, Object, Object, Object, Object, Object, Object, Object, Object, Object, Object, Object, Object, Object, Object, Object, Object, Object, Object, Object, Object, Object] @ https://crm.smarthiz.vn/main.7779000ecd52102b7ac0.js:0
[  144816ms] [WARNING] You don't have permission to use DEVTOOL!【type = 6】 @ https://crm.smarthiz.vn/main.7779000ecd52102b7ac0.js:0
[  145564ms] [LOG] JSHandle@node @ https://crm.smarthiz.vn/main.7779000ecd52102b7ac0.js:0
[  145565ms] [LOG] Fri Jul 17 2026 15:04:36 GMT+0700 (Indochina Time) @ https://crm.smarthiz.vn/main.7779000ecd52102b7ac0.js:0
[  145565ms] [LOG] function(){} @ https://crm.smarthiz.vn/main.7779000ecd52102b7ac0.js:0
[  145565ms] [TABLE] [Object, Object, Object, Object, Object, Object, Object, Object, Object, Object, Object, Object, Object, Object, Object, Object, Object, Object, Object, Object, Object, Object, Object, Object, Object, Object, Object, Object, Object, Object, Object, Object, Object, Object, Object, Object, Object, Object, Object, Object, Object, Object, Object, Object, Object, Object, Object, Object, Object, Object] @ https://crm.smarthiz.vn/main.7779000ecd52102b7ac0.js:0
[  145587ms] [LOG] [Object, Object, Object, Object, Object, Object, Object, Object, Object, Object, Object, Object, Object, Object, Object, Object, Object, Object, Object, Object, Object, Object, Object, Object, Object, Object, Object, Object, Object, Object, Object, Object, Object, Object, Object, Object, Object, Object, Object, Object, Object, Object, Object, Object, Object, Object, Object, Object, Object, Object] @ https://crm.smarthiz.vn/main.7779000ecd52102b7ac0.js:0
[  145588ms] [WARNING] You don't have permission to use DEVTOOL!【type = 6】 @ https://crm.smarthiz.vn/main.7779000ecd52102b7ac0.js:0
[  146341ms] [LOG] JSHandle@node @ https://crm.smarthiz.vn/main.7779000ecd52102b7ac0.js:0
[  146341ms] [LOG] Fri Jul 17 2026 15:04:37 GMT+0700 (Indochina Time) @ https://crm.smarthiz.vn/main.7779000ecd52102b7ac0.js:0
[  146341ms] [LOG] function(){} @ https://crm.smarthiz.vn/main.7779000ecd52102b7ac0.js:0
[  146341ms] [TABLE] [Object, Object, Object, Object, Object, Object, Object, Object, Object, Object, Object, Object, Object, Object, Object, Object, Object, Object, Object, Object, Object, Object, Object, Object, Object, Object, Object, Object, Object, Object, Object, Object, Object, Object, Object, Object, Object, Object, Object, Object, Object, Object, Object, Object, Object, Object, Object, Object, Object, Object] @ https://crm.smarthiz.vn/main.7779000ecd52102b7ac0.js:0
[  146365ms] [LOG] [Object, Object, Object, Object, Object, Object, Object, Object, Object, Object, Object, Object, Object, Object, Object, Object, Object, Object, Object, Object, Object, Object, Object, Object, Object, Object, Object, Object, Object, Object, Object, Object, Object, Object, Object, Object, Object, Object, Object, Object, Object, Object, Object, Object, Object, Object, Object, Object, Object, Object] @ https://crm.smarthiz.vn/main.7779000ecd52102b7ac0.js:0
[  146840ms] [LOG] JSHandle@node @ https://crm.smarthiz.vn/main.7779000ecd52102b7ac0.js:0
[  146841ms] [LOG] Fri Jul 17 2026 15:04:37 GMT+0700 (Indochina Time) @ https://crm.smarthiz.vn/main.7779000ecd52102b7ac0.js:0
[  146841ms] [LOG] function(){} @ https://crm.smarthiz.vn/main.7779000ecd52102b7ac0.js:0
[  146841ms] [TABLE] [Object, Object, Object, Object, Object, Object, Object, Object, Object, Object, Object, Object, Object, Object, Object, Object, Object, Object, Object, Object, Object, Object, Object, Object, Object, Object, Object, Object, Object, Object, Object, Object, Object, Object, Object, Object, Object, Object, Object, Object, Object, Object, Object, Object, Object, Object, Object, Object, Object, Object] @ https://crm.smarthiz.vn/main.7779000ecd52102b7ac0.js:0
[  146861ms] [LOG] [Object, Object, Object, Object, Object, Object, Object, Object, Object, Object, Object, Object, Object, Object, Object, Object, Object, Object, Object, Object, Object, Object, Object, Object, Object, Object, Object, Object, Object, Object, Object, Object, Object, Object, Object, Object, Object, Object, Object, Object, Object, Object, Object, Object, Object, Object, Object, Object, Object, Object] @ https://crm.smarthiz.vn/main.7779000ecd52102b7ac0.js:0
[  147339ms] [LOG] JSHandle@node @ https://crm.smarthiz.vn/main.7779000ecd52102b7ac0.js:0
[  147339ms] [LOG] Fri Jul 17 2026 15:04:37 GMT+0700 (Indochina Time) @ https://crm.smarthiz.vn/main.7779000ecd52102b7ac0.js:0
[  147339ms] [LOG] function(){} @ https://crm.smarthiz.vn/main.7779000ecd52102b7ac0.js:0
[  147339ms] [TABLE] [Object, Object, Object, Object, Object, Object, Object, Object, Object, Object, Object, Object, Object, Object, Object, Object, Object, Object, Object, Object, Object, Object, Object, Object, Object, Object, Object, Object, Object, Object, Object, Object, Object, Object, Object, Object, Object, Object, Object, Object, Object, Object, Object, Object, Object, Object, Object, Object, Object, Object] @ https://crm.smarthiz.vn/main.7779000ecd52102b7ac0.js:0
[  147361ms] [LOG] [Object, Object, Object, Object, Object, Object, Object, Object, Object, Object, Object, Object, Object, Object, Object, Object, Object, Object, Object, Object, Object, Object, Object, Object, Object, Object, Object, Object, Object, Object, Object, Object, Object, Object, Object, Object, Object, Object, Object, Object, Object, Object, Object, Object, Object, Object, Object, Object, Object, Object] @ https://crm.smarthiz.vn/main.7779000ecd52102b7ac0.js:0
[  147838ms] [LOG] JSHandle@node @ https://crm.smarthiz.vn/main.7779000ecd52102b7ac0.js:0
[  147838ms] [LOG] Fri Jul 17 2026 15:04:37 GMT+0700 (Indochina Time) @ https://crm.smarthiz.vn/main.7779000ecd52102b7ac0.js:0
[  147838ms] [LOG] function(){} @ https://crm.smarthiz.vn/main.7779000ecd52102b7ac0.js:0
[  147838ms] [TABLE] [Object, Object, Object, Object, Object, Object, Object, Object, Object, Object, Object, Object, Object, Object, Object, Object, Object, Object, Object, Object, Object, Object, Object, Object, Object, Object, Object, Object, Object, Object, Object, Object, Object, Object, Object, Object, Object, Object, Object, Object, Object, Object, Object, Object, Object, Object, Object, Object, Object, Object] @ https://crm.smarthiz.vn/main.7779000ecd52102b7ac0.js:0
[  147860ms] [LOG] [Object, Object, Object, Object, Object, Object, Object, Object, Object, Object, Object, Object, Object, Object, Object, Object, Object, Object, Object, Object, Object, Object, Object, Object, Object, Object, Object, Object, Object, Object, Object, Object, Object, Object, Object, Object, Object, Object, Object, Object, Object, Object, Object, Object, Object, Object, Object, Object, Object, Object] @ https://crm.smarthiz.vn/main.7779000ecd52102b7ac0.js:0
[  148346ms] [LOG] JSHandle@node @ https://crm.smarthiz.vn/main.7779000ecd52102b7ac0.js:0
[  148346ms] [LOG] Fri Jul 17 2026 15:04:37 GMT+0700 (Indochina Time) @ https://crm.smarthiz.vn/main.7779000ecd52102b7ac0.js:0
[  148346ms] [LOG] function(){} @ https://crm.smarthiz.vn/main.7779000ecd52102b7ac0.js:0
[  148346ms] [TABLE] [Object, Object, Object, Object, Object, Object, Object, Object, Object, Object, Object, Object, Object, Object, Object, Object, Object, Object, Object, Object, Object, Object, Object, Object, Object, Object, Object, Object, Object, Object, Object, Object, Object, Object, Object, Object, Object, Object, Object, Object, Object, Object, Object, Object, Object, Object, Object, Object, Object, Object] @ https://crm.smarthiz.vn/main.7779000ecd52102b7ac0.js:0
[  148365ms] [LOG] [Object, Object, Object, Object, Object, Object, Object, Object, Object, Object, Object, Object, Object, Object, Object, Object, Object, Object, Object, Object, Object, Object, Object, Object, Object, Object, Object, Object, Object, Object, Object, Object, Object, Object, Object, Object, Object, Object, Object, Object, Object, Object, Object, Object, Object, Object, Object, Object, Object, Object] @ https://crm.smarthiz.vn/main.7779000ecd52102b7ac0.js:0
[  148844ms] [LOG] JSHandle@node @ https://crm.smarthiz.vn/main.7779000ecd52102b7ac0.js:0
[  148845ms] [LOG] Fri Jul 17 2026 15:04:37 GMT+0700 (Indochina Time) @ https://crm.smarthiz.vn/main.7779000ecd52102b7ac0.js:0
[  148845ms] [LOG] function(){} @ https://crm.smarthiz.vn/main.7779000ecd52102b7ac0.js:0
[  148845ms] [TABLE] [Object, Object, Object, Object, Object, Object, Object, Object, Object, Object, Object, Object, Object, Object, Object, Object, Object, Object, Object, Object, Object, Object, Object, Object, Object, Object, Object, Object, Object, Object, Object, Object, Object, Object, Object, Object, Object, Object, Object, Object, Object, Object, Object, Object, Object, Object, Object, Object, Object, Object] @ https://crm.smarthiz.vn/main.7779000ecd52102b7ac0.js:0
[  148867ms] [LOG] [Object, Object, Object, Object, Object, Object, Object, Object, Object, Object, Object, Object, Object, Object, Object, Object, Object, Object, Object, Object, Object, Object, Object, Object, Object, Object, Object, Object, Object, Object, Object, Object, Object, Object, Object, Object, Object, Object, Object, Object, Object, Object, Object, Object, Object, Object, Object, Object, Object, Object] @ https://crm.smarthiz.vn/main.7779000ecd52102b7ac0.js:0
[  148867ms] [WARNING] You don't have permission to use DEVTOOL!【type = 6】 @ https://crm.smarthiz.vn/main.7779000ecd52102b7ac0.js:0
[  149527ms] [LOG] JSHandle@node @ https://crm.smarthiz.vn/main.7779000ecd52102b7ac0.js:0
[  149528ms] [LOG] Fri Jul 17 2026 15:04:40 GMT+0700 (Indochina Time) @ https://crm.smarthiz.vn/main.7779000ecd52102b7ac0.js:0
[  149528ms] [LOG] function(){} @ https://crm.smarthiz.vn/main.7779000ecd52102b7ac0.js:0
[  149528ms] [TABLE] [Object, Object, Object, Object, Object, Object, Object, Object, Object, Object, Object, Object, Object, Object, Object, Object, Object, Object, Object, Object, Object, Object, Object, Object, Object, Object, Object, Object, Object, Object, Object, Object, Object, Object, Object, Object, Object, Object, Object, Object, Object, Object, Object, Object, Object, Object, Object, Object, Object, Object] @ https://crm.smarthiz.vn/main.7779000ecd52102b7ac0.js:0
[  149553ms] [LOG] [Object, Object, Object, Object, Object, Object, Object, Object, Object, Object, Object, Object, Object, Object, Object, Object, Object, Object, Object, Object, Object, Object, Object, Object, Object, Object, Object, Object, Object, Object, Object, Object, Object, Object, Object, Object, Object, Object, Object, Object, Object, Object, Object, Object, Object, Object, Object, Object, Object, Object] @ https://crm.smarthiz.vn/main.7779000ecd52102b7ac0.js:0
[  150033ms] [LOG] JSHandle@node @ https://crm.smarthiz.vn/main.7779000ecd52102b7ac0.js:0
[  150033ms] [LOG] Fri Jul 17 2026 15:04:40 GMT+0700 (Indochina Time) @ https://crm.smarthiz.vn/main.7779000ecd52102b7ac0.js:0
[  150033ms] [LOG] function(){} @ https://crm.smarthiz.vn/main.7779000ecd52102b7ac0.js:0
[  150033ms] [TABLE] [Object, Object, Object, Object, Object, Object, Object, Object, Object, Object, Object, Object, Object, Object, Object, Object, Object, Object, Object, Object, Object, Object, Object, Object, Object, Object, Object, Object, Object, Object, Object, Object, Object, Object, Object, Object, Object, Object, Object, Object, Object, Object, Object, Object, Object, Object, Object, Object, Object, Object] @ https://crm.smarthiz.vn/main.7779000ecd52102b7ac0.js:0
[  150054ms] [LOG] [Object, Object, Object, Object, Object, Object, Object, Object, Object, Object, Object, Object, Object, Object, Object, Object, Object, Object, Object, Object, Object, Object, Object, Object, Object, Object, Object, Object, Object, Object, Object, Object, Object, Object, Object, Object, Object, Object, Object, Object, Object, Object, Object, Object, Object, Object, Object, Object, Object, Object] @ https://crm.smarthiz.vn/main.7779000ecd52102b7ac0.js:0
[  150528ms] [LOG] JSHandle@node @ https://crm.smarthiz.vn/main.7779000ecd52102b7ac0.js:0
[  150528ms] [LOG] Fri Jul 17 2026 15:04:40 GMT+0700 (Indochina Time) @ https://crm.smarthiz.vn/main.7779000ecd52102b7ac0.js:0
[  150529ms] [LOG] function(){} @ https://crm.smarthiz.vn/main.7779000ecd52102b7ac0.js:0
[  150529ms] [TABLE] [Object, Object, Object, Object, Object, Object, Object, Object, Object, Object, Object, Object, Object, Object, Object, Object, Object, Object, Object, Object, Object, Object, Object, Object, Object, Object, Object, Object, Object, Object, Object, Object, Object, Object, Object, Object, Object, Object, Object, Object, Object, Object, Object, Object, Object, Object, Object, Object, Object, Object] @ https://crm.smarthiz.vn/main.7779000ecd52102b7ac0.js:0
[  150553ms] [LOG] [Object, Object, Object, Object, Object, Object, Object, Object, Object, Object, Object, Object, Object, Object, Object, Object, Object, Object, Object, Object, Object, Object, Object, Object, Object, Object, Object, Object, Object, Object, Object, Object, Object, Object, Object, Object, Object, Object, Object, Object, Object, Object, Object, Object, Object, Object, Object, Object, Object, Object] @ https://crm.smarthiz.vn/main.7779000ecd52102b7ac0.js:0
[  151027ms] [LOG] JSHandle@node @ https://crm.smarthiz.vn/main.7779000ecd52102b7ac0.js:0
[  151028ms] [LOG] Fri Jul 17 2026 15:04:40 GMT+0700 (Indochina Time) @ https://crm.smarthiz.vn/main.7779000ecd52102b7ac0.js:0
[  151028ms] [LOG] function(){} @ https://crm.smarthiz.vn/main.7779000ecd52102b7ac0.js:0
[  151028ms] [TABLE] [Object, Object, Object, Object, Object, Object, Object, Object, Object, Object, Object, Object, Object, Object, Object, Object, Object, Object, Object, Object, Object, Object, Object, Object, Object, Object, Object, Object, Object, Object, Object, Object, Object, Object, Object, Object, Object, Object, Object, Object, Object, Object, Object, Object, Object, Object, Object, Object, Object, Object] @ https://crm.smarthiz.vn/main.7779000ecd52102b7ac0.js:0
[  151054ms] [LOG] [Object, Object, Object, Object, Object, Object, Object, Object, Object, Object, Object, Object, Object, Object, Object, Object, Object, Object, Object, Object, Object, Object, Object, Object, Object, Object, Object, Object, Object, Object, Object, Object, Object, Object, Object, Object, Object, Object, Object, Object, Object, Object, Object, Object, Object, Object, Object, Object, Object, Object] @ https://crm.smarthiz.vn/main.7779000ecd52102b7ac0.js:0
[  151054ms] [WARNING] You don't have permission to use DEVTOOL!【type = 6】 @ https://crm.smarthiz.vn/main.7779000ecd52102b7ac0.js:0
[  151891ms] [LOG] JSHandle@node @ https://crm.smarthiz.vn/main.7779000ecd52102b7ac0.js:0
[  151891ms] [LOG] Fri Jul 17 2026 15:04:42 GMT+0700 (Indochina Time) @ https://crm.smarthiz.vn/main.7779000ecd52102b7ac0.js:0
[  151891ms] [LOG] function(){} @ https://crm.smarthiz.vn/main.7779000ecd52102b7ac0.js:0
[  151891ms] [TABLE] [Object, Object, Object, Object, Object, Object, Object, Object, Object, Object, Object, Object, Object, Object, Object, Object, Object, Object, Object, Object, Object, Object, Object, Object, Object, Object, Object, Object, Object, Object, Object, Object, Object, Object, Object, Object, Object, Object, Object, Object, Object, Object, Object, Object, Object, Object, Object, Object, Object, Object] @ https://crm.smarthiz.vn/main.7779000ecd52102b7ac0.js:0
[  151920ms] [LOG] [Object, Object, Object, Object, Object, Object, Object, Object, Object, Object, Object, Object, Object, Object, Object, Object, Object, Object, Object, Object, Object, Object, Object, Object, Object, Object, Object, Object, Object, Object, Object, Object, Object, Object, Object, Object, Object, Object, Object, Object, Object, Object, Object, Object, Object, Object, Object, Object, Object, Object] @ https://crm.smarthiz.vn/main.7779000ecd52102b7ac0.js:0
[  152394ms] [LOG] JSHandle@node @ https://crm.smarthiz.vn/main.7779000ecd52102b7ac0.js:0
[  152394ms] [LOG] Fri Jul 17 2026 15:04:42 GMT+0700 (Indochina Time) @ https://crm.smarthiz.vn/main.7779000ecd52102b7ac0.js:0
[  152394ms] [LOG] function(){} @ https://crm.smarthiz.vn/main.7779000ecd52102b7ac0.js:0
[  152394ms] [TABLE] [Object, Object, Object, Object, Object, Object, Object, Object, Object, Object, Object, Object, Object, Object, Object, Object, Object, Object, Object, Object, Object, Object, Object, Object, Object, Object, Object, Object, Object, Object, Object, Object, Object, Object, Object, Object, Object, Object, Object, Object, Object, Object, Object, Object, Object, Object, Object, Object, Object, Object] @ https://crm.smarthiz.vn/main.7779000ecd52102b7ac0.js:0
[  152422ms] [LOG] [Object, Object, Object, Object, Object, Object, Object, Object, Object, Object, Object, Object, Object, Object, Object, Object, Object, Object, Object, Object, Object, Object, Object, Object, Object, Object, Object, Object, Object, Object, Object, Object, Object, Object, Object, Object, Object, Object, Object, Object, Object, Object, Object, Object, Object, Object, Object, Object, Object, Object] @ https://crm.smarthiz.vn/main.7779000ecd52102b7ac0.js:0
[  152891ms] [LOG] JSHandle@node @ https://crm.smarthiz.vn/main.7779000ecd52102b7ac0.js:0
[  152891ms] [LOG] Fri Jul 17 2026 15:04:42 GMT+0700 (Indochina Time) @ https://crm.smarthiz.vn/main.7779000ecd52102b7ac0.js:0
[  152891ms] [LOG] function(){} @ https://crm.smarthiz.vn/main.7779000ecd52102b7ac0.js:0
[  152891ms] [TABLE] [Object, Object, Object, Object, Object, Object, Object, Object, Object, Object, Object, Object, Object, Object, Object, Object, Object, Object, Object, Object, Object, Object, Object, Object, Object, Object, Object, Object, Object, Object, Object, Object, Object, Object, Object, Object, Object, Object, Object, Object, Object, Object, Object, Object, Object, Object, Object, Object, Object, Object] @ https://crm.smarthiz.vn/main.7779000ecd52102b7ac0.js:0
[  152918ms] [LOG] [Object, Object, Object, Object, Object, Object, Object, Object, Object, Object, Object, Object, Object, Object, Object, Object, Object, Object, Object, Object, Object, Object, Object, Object, Object, Object, Object, Object, Object, Object, Object, Object, Object, Object, Object, Object, Object, Object, Object, Object, Object, Object, Object, Object, Object, Object, Object, Object, Object, Object] @ https://crm.smarthiz.vn/main.7779000ecd52102b7ac0.js:0
[  153399ms] [LOG] JSHandle@node @ https://crm.smarthiz.vn/main.7779000ecd52102b7ac0.js:0
[  153399ms] [LOG] Fri Jul 17 2026 15:04:42 GMT+0700 (Indochina Time) @ https://crm.smarthiz.vn/main.7779000ecd52102b7ac0.js:0
[  153399ms] [LOG] function(){} @ https://crm.smarthiz.vn/main.7779000ecd52102b7ac0.js:0
[  153399ms] [TABLE] [Object, Object, Object, Object, Object, Object, Object, Object, Object, Object, Object, Object, Object, Object, Object, Object, Object, Object, Object, Object, Object, Object, Object, Object, Object, Object, Object, Object, Object, Object, Object, Object, Object, Object, Object, Object, Object, Object, Object, Object, Object, Object, Object, Object, Object, Object, Object, Object, Object, Object] @ https://crm.smarthiz.vn/main.7779000ecd52102b7ac0.js:0
[  153424ms] [LOG] [Object, Object, Object, Object, Object, Object, Object, Object, Object, Object, Object, Object, Object, Object, Object, Object, Object, Object, Object, Object, Object, Object, Object, Object, Object, Object, Object, Object, Object, Object, Object, Object, Object, Object, Object, Object, Object, Object, Object, Object, Object, Object, Object, Object, Object, Object, Object, Object, Object, Object] @ https://crm.smarthiz.vn/main.7779000ecd52102b7ac0.js:0
[  153890ms] [LOG] JSHandle@node @ https://crm.smarthiz.vn/main.7779000ecd52102b7ac0.js:0
[  153890ms] [LOG] Fri Jul 17 2026 15:04:42 GMT+0700 (Indochina Time) @ https://crm.smarthiz.vn/main.7779000ecd52102b7ac0.js:0
[  153890ms] [LOG] function(){} @ https://crm.smarthiz.vn/main.7779000ecd52102b7ac0.js:0
[  153890ms] [TABLE] [Object, Object, Object, Object, Object, Object, Object, Object, Object, Object, Object, Object, Object, Object, Object, Object, Object, Object, Object, Object, Object, Object, Object, Object, Object, Object, Object, Object, Object, Object, Object, Object, Object, Object, Object, Object, Object, Object, Object, Object, Object, Object, Object, Object, Object, Object, Object, Object, Object, Object] @ https://crm.smarthiz.vn/main.7779000ecd52102b7ac0.js:0
[  153911ms] [LOG] [Object, Object, Object, Object, Object, Object, Object, Object, Object, Object, Object, Object, Object, Object, Object, Object, Object, Object, Object, Object, Object, Object, Object, Object, Object, Object, Object, Object, Object, Object, Object, Object, Object, Object, Object, Object, Object, Object, Object, Object, Object, Object, Object, Object, Object, Object, Object, Object, Object, Object] @ https://crm.smarthiz.vn/main.7779000ecd52102b7ac0.js:0
[  154400ms] [LOG] JSHandle@node @ https://crm.smarthiz.vn/main.7779000ecd52102b7ac0.js:0
[  154400ms] [LOG] Fri Jul 17 2026 15:04:42 GMT+0700 (Indochina Time) @ https://crm.smarthiz.vn/main.7779000ecd52102b7ac0.js:0
[  154401ms] [LOG] function(){} @ https://crm.smarthiz.vn/main.7779000ecd52102b7ac0.js:0
[  154401ms] [TABLE] [Object, Object, Object, Object, Object, Object, Object, Object, Object, Object, Object, Object, Object, Object, Object, Object, Object, Object, Object, Object, Object, Object, Object, Object, Object, Object, Object, Object, Object, Object, Object, Object, Object, Object, Object, Object, Object, Object, Object, Object, Object, Object, Object, Object, Object, Object, Object, Object, Object, Object] @ https://crm.smarthiz.vn/main.7779000ecd52102b7ac0.js:0
[  154420ms] [LOG] [Object, Object, Object, Object, Object, Object, Object, Object, Object, Object, Object, Object, Object, Object, Object, Object, Object, Object, Object, Object, Object, Object, Object, Object, Object, Object, Object, Object, Object, Object, Object, Object, Object, Object, Object, Object, Object, Object, Object, Object, Object, Object, Object, Object, Object, Object, Object, Object, Object, Object] @ https://crm.smarthiz.vn/main.7779000ecd52102b7ac0.js:0
[  154890ms] [LOG] JSHandle@node @ https://crm.smarthiz.vn/main.7779000ecd52102b7ac0.js:0
[  154890ms] [LOG] Fri Jul 17 2026 15:04:42 GMT+0700 (Indochina Time) @ https://crm.smarthiz.vn/main.7779000ecd52102b7ac0.js:0
[  154891ms] [LOG] function(){} @ https://crm.smarthiz.vn/main.7779000ecd52102b7ac0.js:0
[  154891ms] [TABLE] [Object, Object, Object, Object, Object, Object, Object, Object, Object, Object, Object, Object, Object, Object, Object, Object, Object, Object, Object, Object, Object, Object, Object, Object, Object, Object, Object, Object, Object, Object, Object, Object, Object, Object, Object, Object, Object, Object, Object, Object, Object, Object, Object, Object, Object, Object, Object, Object, Object, Object] @ https://crm.smarthiz.vn/main.7779000ecd52102b7ac0.js:0
[  154913ms] [LOG] [Object, Object, Object, Object, Object, Object, Object, Object, Object, Object, Object, Object, Object, Object, Object, Object, Object, Object, Object, Object, Object, Object, Object, Object, Object, Object, Object, Object, Object, Object, Object, Object, Object, Object, Object, Object, Object, Object, Object, Object, Object, Object, Object, Object, Object, Object, Object, Object, Object, Object] @ https://crm.smarthiz.vn/main.7779000ecd52102b7ac0.js:0
[  155392ms] [LOG] JSHandle@node @ https://crm.smarthiz.vn/main.7779000ecd52102b7ac0.js:0
[  155392ms] [LOG] Fri Jul 17 2026 15:04:42 GMT+0700 (Indochina Time) @ https://crm.smarthiz.vn/main.7779000ecd52102b7ac0.js:0
[  155393ms] [LOG] function(){} @ https://crm.smarthiz.vn/main.7779000ecd52102b7ac0.js:0
[  155393ms] [TABLE] [Object, Object, Object, Object, Object, Object, Object, Object, Object, Object, Object, Object, Object, Object, Object, Object, Object, Object, Object, Object, Object, Object, Object, Object, Object, Object, Object, Object, Object, Object, Object, Object, Object, Object, Object, Object, Object, Object, Object, Object, Object, Object, Object, Object, Object, Object, Object, Object, Object, Object] @ https://crm.smarthiz.vn/main.7779000ecd52102b7ac0.js:0
[  155414ms] [LOG] [Object, Object, Object, Object, Object, Object, Object, Object, Object, Object, Object, Object, Object, Object, Object, Object, Object, Object, Object, Object, Object, Object, Object, Object, Object, Object, Object, Object, Object, Object, Object, Object, Object, Object, Object, Object, Object, Object, Object, Object, Object, Object, Object, Object, Object, Object, Object, Object, Object, Object] @ https://crm.smarthiz.vn/main.7779000ecd52102b7ac0.js:0
[  155414ms] [WARNING] You don't have permission to use DEVTOOL!【type = 6】 @ https://crm.smarthiz.vn/main.7779000ecd52102b7ac0.js:0
[  156162ms] [LOG] JSHandle@node @ https://crm.smarthiz.vn/main.7779000ecd52102b7ac0.js:0
[  156162ms] [LOG] Fri Jul 17 2026 15:04:47 GMT+0700 (Indochina Time) @ https://crm.smarthiz.vn/main.7779000ecd52102b7ac0.js:0
[  156163ms] [LOG] function(){} @ https://crm.smarthiz.vn/main.7779000ecd52102b7ac0.js:0
[  156163ms] [TABLE] [Object, Object, Object, Object, Object, Object, Object, Object, Object, Object, Object, Object, Object, Object, Object, Object, Object, Object, Object, Object, Object, Object, Object, Object, Object, Object, Object, Object, Object, Object, Object, Object, Object, Object, Object, Object, Object, Object, Object, Object, Object, Object, Object, Object, Object, Object, Object, Object, Object, Object] @ https://crm.smarthiz.vn/main.7779000ecd52102b7ac0.js:0
[  156187ms] [LOG] [Object, Object, Object, Object, Object, Object, Object, Object, Object, Object, Object, Object, Object, Object, Object, Object, Object, Object, Object, Object, Object, Object, Object, Object, Object, Object, Object, Object, Object, Object, Object, Object, Object, Object, Object, Object, Object, Object, Object, Object, Object, Object, Object, Object, Object, Object, Object, Object, Object, Object] @ https://crm.smarthiz.vn/main.7779000ecd52102b7ac0.js:0
[  156656ms] [LOG] JSHandle@node @ https://crm.smarthiz.vn/main.7779000ecd52102b7ac0.js:0
[  156656ms] [LOG] Fri Jul 17 2026 15:04:47 GMT+0700 (Indochina Time) @ https://crm.smarthiz.vn/main.7779000ecd52102b7ac0.js:0
[  156656ms] [LOG] function(){} @ https://crm.smarthiz.vn/main.7779000ecd52102b7ac0.js:0
[  156656ms] [TABLE] [Object, Object, Object, Object, Object, Object, Object, Object, Object, Object, Object, Object, Object, Object, Object, Object, Object, Object, Object, Object, Object, Object, Object, Object, Object, Object, Object, Object, Object, Object, Object, Object, Object, Object, Object, Object, Object, Object, Object, Object, Object, Object, Object, Object, Object, Object, Object, Object, Object, Object] @ https://crm.smarthiz.vn/main.7779000ecd52102b7ac0.js:0
[  156682ms] [LOG] [Object, Object, Object, Object, Object, Object, Object, Object, Object, Object, Object, Object, Object, Object, Object, Object, Object, Object, Object, Object, Object, Object, Object, Object, Object, Object, Object, Object, Object, Object, Object, Object, Object, Object, Object, Object, Object, Object, Object, Object, Object, Object, Object, Object, Object, Object, Object, Object, Object, Object] @ https://crm.smarthiz.vn/main.7779000ecd52102b7ac0.js:0
[  157171ms] [LOG] JSHandle@node @ https://crm.smarthiz.vn/main.7779000ecd52102b7ac0.js:0
[  157172ms] [LOG] Fri Jul 17 2026 15:04:47 GMT+0700 (Indochina Time) @ https://crm.smarthiz.vn/main.7779000ecd52102b7ac0.js:0
[  157172ms] [LOG] function(){} @ https://crm.smarthiz.vn/main.7779000ecd52102b7ac0.js:0
[  157172ms] [TABLE] [Object, Object, Object, Object, Object, Object, Object, Object, Object, Object, Object, Object, Object, Object, Object, Object, Object, Object, Object, Object, Object, Object, Object, Object, Object, Object, Object, Object, Object, Object, Object, Object, Object, Object, Object, Object, Object, Object, Object, Object, Object, Object, Object, Object, Object, Object, Object, Object, Object, Object] @ https://crm.smarthiz.vn/main.7779000ecd52102b7ac0.js:0
[  157193ms] [LOG] [Object, Object, Object, Object, Object, Object, Object, Object, Object, Object, Object, Object, Object, Object, Object, Object, Object, Object, Object, Object, Object, Object, Object, Object, Object, Object, Object, Object, Object, Object, Object, Object, Object, Object, Object, Object, Object, Object, Object, Object, Object, Object, Object, Object, Object, Object, Object, Object, Object, Object] @ https://crm.smarthiz.vn/main.7779000ecd52102b7ac0.js:0
[  157193ms] [WARNING] You don't have permission to use DEVTOOL!【type = 6】 @ https://crm.smarthiz.vn/main.7779000ecd52102b7ac0.js:0
[  157842ms] [LOG] JSHandle@node @ https://crm.smarthiz.vn/main.7779000ecd52102b7ac0.js:0
[  157842ms] [LOG] Fri Jul 17 2026 15:04:48 GMT+0700 (Indochina Time) @ https://crm.smarthiz.vn/main.7779000ecd52102b7ac0.js:0
[  157843ms] [LOG] function(){} @ https://crm.smarthiz.vn/main.7779000ecd52102b7ac0.js:0
[  157843ms] [TABLE] [Object, Object, Object, Object, Object, Object, Object, Object, Object, Object, Object, Object, Object, Object, Object, Object, Object, Object, Object, Object, Object, Object, Object, Object, Object, Object, Object, Object, Object, Object, Object, Object, Object, Object, Object, Object, Object, Object, Object, Object, Object, Object, Object, Object, Object, Object, Object, Object, Object, Object] @ https://crm.smarthiz.vn/main.7779000ecd52102b7ac0.js:0
[  157864ms] [LOG] [Object, Object, Object, Object, Object, Object, Object, Object, Object, Object, Object, Object, Object, Object, Object, Object, Object, Object, Object, Object, Object, Object, Object, Object, Object, Object, Object, Object, Object, Object, Object, Object, Object, Object, Object, Object, Object, Object, Object, Object, Object, Object, Object, Object, Object, Object, Object, Object, Object, Object] @ https://crm.smarthiz.vn/main.7779000ecd52102b7ac0.js:0
[  157864ms] [WARNING] You don't have permission to use DEVTOOL!【type = 6】 @ https://crm.smarthiz.vn/main.7779000ecd52102b7ac0.js:0
[  158613ms] [LOG] JSHandle@node @ https://crm.smarthiz.vn/main.7779000ecd52102b7ac0.js:0
[  158613ms] [LOG] Fri Jul 17 2026 15:04:49 GMT+0700 (Indochina Time) @ https://crm.smarthiz.vn/main.7779000ecd52102b7ac0.js:0
[  158613ms] [LOG] function(){} @ https://crm.smarthiz.vn/main.7779000ecd52102b7ac0.js:0
[  158613ms] [TABLE] [Object, Object, Object, Object, Object, Object, Object, Object, Object, Object, Object, Object, Object, Object, Object, Object, Object, Object, Object, Object, Object, Object, Object, Object, Object, Object, Object, Object, Object, Object, Object, Object, Object, Object, Object, Object, Object, Object, Object, Object, Object, Object, Object, Object, Object, Object, Object, Object, Object, Object] @ https://crm.smarthiz.vn/main.7779000ecd52102b7ac0.js:0
[  158639ms] [LOG] [Object, Object, Object, Object, Object, Object, Object, Object, Object, Object, Object, Object, Object, Object, Object, Object, Object, Object, Object, Object, Object, Object, Object, Object, Object, Object, Object, Object, Object, Object, Object, Object, Object, Object, Object, Object, Object, Object, Object, Object, Object, Object, Object, Object, Object, Object, Object, Object, Object, Object] @ https://crm.smarthiz.vn/main.7779000ecd52102b7ac0.js:0
[  159113ms] [LOG] JSHandle@node @ https://crm.smarthiz.vn/main.7779000ecd52102b7ac0.js:0
[  159113ms] [LOG] Fri Jul 17 2026 15:04:49 GMT+0700 (Indochina Time) @ https://crm.smarthiz.vn/main.7779000ecd52102b7ac0.js:0
[  159113ms] [LOG] function(){} @ https://crm.smarthiz.vn/main.7779000ecd52102b7ac0.js:0
[  159113ms] [TABLE] [Object, Object, Object, Object, Object, Object, Object, Object, Object, Object, Object, Object, Object, Object, Object, Object, Object, Object, Object, Object, Object, Object, Object, Object, Object, Object, Object, Object, Object, Object, Object, Object, Object, Object, Object, Object, Object, Object, Object, Object, Object, Object, Object, Object, Object, Object, Object, Object, Object, Object] @ https://crm.smarthiz.vn/main.7779000ecd52102b7ac0.js:0
[  159135ms] [LOG] [Object, Object, Object, Object, Object, Object, Object, Object, Object, Object, Object, Object, Object, Object, Object, Object, Object, Object, Object, Object, Object, Object, Object, Object, Object, Object, Object, Object, Object, Object, Object, Object, Object, Object, Object, Object, Object, Object, Object, Object, Object, Object, Object, Object, Object, Object, Object, Object, Object, Object] @ https://crm.smarthiz.vn/main.7779000ecd52102b7ac0.js:0
[  159617ms] [LOG] JSHandle@node @ https://crm.smarthiz.vn/main.7779000ecd52102b7ac0.js:0
[  159617ms] [LOG] Fri Jul 17 2026 15:04:49 GMT+0700 (Indochina Time) @ https://crm.smarthiz.vn/main.7779000ecd52102b7ac0.js:0
[  159618ms] [LOG] function(){} @ https://crm.smarthiz.vn/main.7779000ecd52102b7ac0.js:0
[  159618ms] [TABLE] [Object, Object, Object, Object, Object, Object, Object, Object, Object, Object, Object, Object, Object, Object, Object, Object, Object, Object, Object, Object, Object, Object, Object, Object, Object, Object, Object, Object, Object, Object, Object, Object, Object, Object, Object, Object, Object, Object, Object, Object, Object, Object, Object, Object, Object, Object, Object, Object, Object, Object] @ https://crm.smarthiz.vn/main.7779000ecd52102b7ac0.js:0
[  159640ms] [LOG] [Object, Object, Object, Object, Object, Object, Object, Object, Object, Object, Object, Object, Object, Object, Object, Object, Object, Object, Object, Object, Object, Object, Object, Object, Object, Object, Object, Object, Object, Object, Object, Object, Object, Object, Object, Object, Object, Object, Object, Object, Object, Object, Object, Object, Object, Object, Object, Object, Object, Object] @ https://crm.smarthiz.vn/main.7779000ecd52102b7ac0.js:0
[  160114ms] [LOG] JSHandle@node @ https://crm.smarthiz.vn/main.7779000ecd52102b7ac0.js:0
[  160114ms] [LOG] Fri Jul 17 2026 15:04:49 GMT+0700 (Indochina Time) @ https://crm.smarthiz.vn/main.7779000ecd52102b7ac0.js:0
[  160114ms] [LOG] function(){} @ https://crm.smarthiz.vn/main.7779000ecd52102b7ac0.js:0
[  160114ms] [TABLE] [Object, Object, Object, Object, Object, Object, Object, Object, Object, Object, Object, Object, Object, Object, Object, Object, Object, Object, Object, Object, Object, Object, Object, Object, Object, Object, Object, Object, Object, Object, Object, Object, Object, Object, Object, Object, Object, Object, Object, Object, Object, Object, Object, Object, Object, Object, Object, Object, Object, Object] @ https://crm.smarthiz.vn/main.7779000ecd52102b7ac0.js:0
[  160139ms] [LOG] [Object, Object, Object, Object, Object, Object, Object, Object, Object, Object, Object, Object, Object, Object, Object, Object, Object, Object, Object, Object, Object, Object, Object, Object, Object, Object, Object, Object, Object, Object, Object, Object, Object, Object, Object, Object, Object, Object, Object, Object, Object, Object, Object, Object, Object, Object, Object, Object, Object, Object] @ https://crm.smarthiz.vn/main.7779000ecd52102b7ac0.js:0
[  160139ms] [WARNING] You don't have permission to use DEVTOOL!【type = 6】 @ https://crm.smarthiz.vn/main.7779000ecd52102b7ac0.js:0
[  160895ms] [LOG] JSHandle@node @ https://crm.smarthiz.vn/main.7779000ecd52102b7ac0.js:0
[  160895ms] [LOG] Fri Jul 17 2026 15:04:51 GMT+0700 (Indochina Time) @ https://crm.smarthiz.vn/main.7779000ecd52102b7ac0.js:0
[  160895ms] [LOG] function(){} @ https://crm.smarthiz.vn/main.7779000ecd52102b7ac0.js:0
[  160895ms] [TABLE] [Object, Object, Object, Object, Object, Object, Object, Object, Object, Object, Object, Object, Object, Object, Object, Object, Object, Object, Object, Object, Object, Object, Object, Object, Object, Object, Object, Object, Object, Object, Object, Object, Object, Object, Object, Object, Object, Object, Object, Object, Object, Object, Object, Object, Object, Object, Object, Object, Object, Object] @ https://crm.smarthiz.vn/main.7779000ecd52102b7ac0.js:0
[  160919ms] [LOG] [Object, Object, Object, Object, Object, Object, Object, Object, Object, Object, Object, Object, Object, Object, Object, Object, Object, Object, Object, Object, Object, Object, Object, Object, Object, Object, Object, Object, Object, Object, Object, Object, Object, Object, Object, Object, Object, Object, Object, Object, Object, Object, Object, Object, Object, Object, Object, Object, Object, Object] @ https://crm.smarthiz.vn/main.7779000ecd52102b7ac0.js:0
[  161395ms] [LOG] JSHandle@node @ https://crm.smarthiz.vn/main.7779000ecd52102b7ac0.js:0
[  161395ms] [LOG] Fri Jul 17 2026 15:04:51 GMT+0700 (Indochina Time) @ https://crm.smarthiz.vn/main.7779000ecd52102b7ac0.js:0
[  161395ms] [LOG] function(){} @ https://crm.smarthiz.vn/main.7779000ecd52102b7ac0.js:0
[  161395ms] [TABLE] [Object, Object, Object, Object, Object, Object, Object, Object, Object, Object, Object, Object, Object, Object, Object, Object, Object, Object, Object, Object, Object, Object, Object, Object, Object, Object, Object, Object, Object, Object, Object, Object, Object, Object, Object, Object, Object, Object, Object, Object, Object, Object, Object, Object, Object, Object, Object, Object, Object, Object] @ https://crm.smarthiz.vn/main.7779000ecd52102b7ac0.js:0
[  161417ms] [LOG] [Object, Object, Object, Object, Object, Object, Object, Object, Object, Object, Object, Object, Object, Object, Object, Object, Object, Object, Object, Object, Object, Object, Object, Object, Object, Object, Object, Object, Object, Object, Object, Object, Object, Object, Object, Object, Object, Object, Object, Object, Object, Object, Object, Object, Object, Object, Object, Object, Object, Object] @ https://crm.smarthiz.vn/main.7779000ecd52102b7ac0.js:0
[  161896ms] [LOG] JSHandle@node @ https://crm.smarthiz.vn/main.7779000ecd52102b7ac0.js:0
[  161897ms] [LOG] Fri Jul 17 2026 15:04:51 GMT+0700 (Indochina Time) @ https://crm.smarthiz.vn/main.7779000ecd52102b7ac0.js:0
[  161897ms] [LOG] function(){} @ https://crm.smarthiz.vn/main.7779000ecd52102b7ac0.js:0
[  161897ms] [TABLE] [Object, Object, Object, Object, Object, Object, Object, Object, Object, Object, Object, Object, Object, Object, Object, Object, Object, Object, Object, Object, Object, Object, Object, Object, Object, Object, Object, Object, Object, Object, Object, Object, Object, Object, Object, Object, Object, Object, Object, Object, Object, Object, Object, Object, Object, Object, Object, Object, Object, Object] @ https://crm.smarthiz.vn/main.7779000ecd52102b7ac0.js:0
[  161918ms] [LOG] [Object, Object, Object, Object, Object, Object, Object, Object, Object, Object, Object, Object, Object, Object, Object, Object, Object, Object, Object, Object, Object, Object, Object, Object, Object, Object, Object, Object, Object, Object, Object, Object, Object, Object, Object, Object, Object, Object, Object, Object, Object, Object, Object, Object, Object, Object, Object, Object, Object, Object] @ https://crm.smarthiz.vn/main.7779000ecd52102b7ac0.js:0
[  162395ms] [LOG] JSHandle@node @ https://crm.smarthiz.vn/main.7779000ecd52102b7ac0.js:0
[  162395ms] [LOG] Fri Jul 17 2026 15:04:51 GMT+0700 (Indochina Time) @ https://crm.smarthiz.vn/main.7779000ecd52102b7ac0.js:0
[  162396ms] [LOG] function(){} @ https://crm.smarthiz.vn/main.7779000ecd52102b7ac0.js:0
[  162396ms] [TABLE] [Object, Object, Object, Object, Object, Object, Object, Object, Object, Object, Object, Object, Object, Object, Object, Object, Object, Object, Object, Object, Object, Object, Object, Object, Object, Object, Object, Object, Object, Object, Object, Object, Object, Object, Object, Object, Object, Object, Object, Object, Object, Object, Object, Object, Object, Object, Object, Object, Object, Object] @ https://crm.smarthiz.vn/main.7779000ecd52102b7ac0.js:0
[  162418ms] [LOG] [Object, Object, Object, Object, Object, Object, Object, Object, Object, Object, Object, Object, Object, Object, Object, Object, Object, Object, Object, Object, Object, Object, Object, Object, Object, Object, Object, Object, Object, Object, Object, Object, Object, Object, Object, Object, Object, Object, Object, Object, Object, Object, Object, Object, Object, Object, Object, Object, Object, Object] @ https://crm.smarthiz.vn/main.7779000ecd52102b7ac0.js:0
[  162897ms] [LOG] JSHandle@node @ https://crm.smarthiz.vn/main.7779000ecd52102b7ac0.js:0
[  162897ms] [LOG] Fri Jul 17 2026 15:04:51 GMT+0700 (Indochina Time) @ https://crm.smarthiz.vn/main.7779000ecd52102b7ac0.js:0
[  162897ms] [LOG] function(){} @ https://crm.smarthiz.vn/main.7779000ecd52102b7ac0.js:0
[  162897ms] [TABLE] [Object, Object, Object, Object, Object, Object, Object, Object, Object, Object, Object, Object, Object, Object, Object, Object, Object, Object, Object, Object, Object, Object, Object, Object, Object, Object, Object, Object, Object, Object, Object, Object, Object, Object, Object, Object, Object, Object, Object, Object, Object, Object, Object, Object, Object, Object, Object, Object, Object, Object] @ https://crm.smarthiz.vn/main.7779000ecd52102b7ac0.js:0
[  162918ms] [LOG] [Object, Object, Object, Object, Object, Object, Object, Object, Object, Object, Object, Object, Object, Object, Object, Object, Object, Object, Object, Object, Object, Object, Object, Object, Object, Object, Object, Object, Object, Object, Object, Object, Object, Object, Object, Object, Object, Object, Object, Object, Object, Object, Object, Object, Object, Object, Object, Object, Object, Object] @ https://crm.smarthiz.vn/main.7779000ecd52102b7ac0.js:0
[  163396ms] [LOG] JSHandle@node @ https://crm.smarthiz.vn/main.7779000ecd52102b7ac0.js:0
[  163396ms] [LOG] Fri Jul 17 2026 15:04:51 GMT+0700 (Indochina Time) @ https://crm.smarthiz.vn/main.7779000ecd52102b7ac0.js:0
[  163396ms] [LOG] function(){} @ https://crm.smarthiz.vn/main.7779000ecd52102b7ac0.js:0
[  163397ms] [TABLE] [Object, Object, Object, Object, Object, Object, Object, Object, Object, Object, Object, Object, Object, Object, Object, Object, Object, Object, Object, Object, Object, Object, Object, Object, Object, Object, Object, Object, Object, Object, Object, Object, Object, Object, Object, Object, Object, Object, Object, Object, Object, Object, Object, Object, Object, Object, Object, Object, Object, Object] @ https://crm.smarthiz.vn/main.7779000ecd52102b7ac0.js:0
[  163416ms] [LOG] [Object, Object, Object, Object, Object, Object, Object, Object, Object, Object, Object, Object, Object, Object, Object, Object, Object, Object, Object, Object, Object, Object, Object, Object, Object, Object, Object, Object, Object, Object, Object, Object, Object, Object, Object, Object, Object, Object, Object, Object, Object, Object, Object, Object, Object, Object, Object, Object, Object, Object] @ https://crm.smarthiz.vn/main.7779000ecd52102b7ac0.js:0
[  163888ms] [LOG] JSHandle@node @ https://crm.smarthiz.vn/main.7779000ecd52102b7ac0.js:0
[  163888ms] [LOG] Fri Jul 17 2026 15:04:51 GMT+0700 (Indochina Time) @ https://crm.smarthiz.vn/main.7779000ecd52102b7ac0.js:0
[  163888ms] [LOG] function(){} @ https://crm.smarthiz.vn/main.7779000ecd52102b7ac0.js:0
[  163888ms] [TABLE] [Object, Object, Object, Object, Object, Object, Object, Object, Object, Object, Object, Object, Object, Object, Object, Object, Object, Object, Object, Object, Object, Object, Object, Object, Object, Object, Object, Object, Object, Object, Object, Object, Object, Object, Object, Object, Object, Object, Object, Object, Object, Object, Object, Object, Object, Object, Object, Object, Object, Object] @ https://crm.smarthiz.vn/main.7779000ecd52102b7ac0.js:0
[  163907ms] [LOG] [Object, Object, Object, Object, Object, Object, Object, Object, Object, Object, Object, Object, Object, Object, Object, Object, Object, Object, Object, Object, Object, Object, Object, Object, Object, Object, Object, Object, Object, Object, Object, Object, Object, Object, Object, Object, Object, Object, Object, Object, Object, Object, Object, Object, Object, Object, Object, Object, Object, Object] @ https://crm.smarthiz.vn/main.7779000ecd52102b7ac0.js:0
[  163907ms] [WARNING] You don't have permission to use DEVTOOL!【type = 6】 @ https://crm.smarthiz.vn/main.7779000ecd52102b7ac0.js:0
[  164686ms] [LOG] JSHandle@node @ https://crm.smarthiz.vn/main.7779000ecd52102b7ac0.js:0
[  164687ms] [LOG] Fri Jul 17 2026 15:04:55 GMT+0700 (Indochina Time) @ https://crm.smarthiz.vn/main.7779000ecd52102b7ac0.js:0
[  164687ms] [LOG] function(){} @ https://crm.smarthiz.vn/main.7779000ecd52102b7ac0.js:0
[  164687ms] [TABLE] [Object, Object, Object, Object, Object, Object, Object, Object, Object, Object, Object, Object, Object, Object, Object, Object, Object, Object, Object, Object, Object, Object, Object, Object, Object, Object, Object, Object, Object, Object, Object, Object, Object, Object, Object, Object, Object, Object, Object, Object, Object, Object, Object, Object, Object, Object, Object, Object, Object, Object] @ https://crm.smarthiz.vn/main.7779000ecd52102b7ac0.js:0
[  164711ms] [LOG] [Object, Object, Object, Object, Object, Object, Object, Object, Object, Object, Object, Object, Object, Object, Object, Object, Object, Object, Object, Object, Object, Object, Object, Object, Object, Object, Object, Object, Object, Object, Object, Object, Object, Object, Object, Object, Object, Object, Object, Object, Object, Object, Object, Object, Object, Object, Object, Object, Object, Object] @ https://crm.smarthiz.vn/main.7779000ecd52102b7ac0.js:0
[  165187ms] [LOG] JSHandle@node @ https://crm.smarthiz.vn/main.7779000ecd52102b7ac0.js:0
[  165188ms] [LOG] Fri Jul 17 2026 15:04:55 GMT+0700 (Indochina Time) @ https://crm.smarthiz.vn/main.7779000ecd52102b7ac0.js:0
[  165188ms] [LOG] function(){} @ https://crm.smarthiz.vn/main.7779000ecd52102b7ac0.js:0
[  165188ms] [TABLE] [Object, Object, Object, Object, Object, Object, Object, Object, Object, Object, Object, Object, Object, Object, Object, Object, Object, Object, Object, Object, Object, Object, Object, Object, Object, Object, Object, Object, Object, Object, Object, Object, Object, Object, Object, Object, Object, Object, Object, Object, Object, Object, Object, Object, Object, Object, Object, Object, Object, Object] @ https://crm.smarthiz.vn/main.7779000ecd52102b7ac0.js:0
[  165208ms] [LOG] [Object, Object, Object, Object, Object, Object, Object, Object, Object, Object, Object, Object, Object, Object, Object, Object, Object, Object, Object, Object, Object, Object, Object, Object, Object, Object, Object, Object, Object, Object, Object, Object, Object, Object, Object, Object, Object, Object, Object, Object, Object, Object, Object, Object, Object, Object, Object, Object, Object, Object] @ https://crm.smarthiz.vn/main.7779000ecd52102b7ac0.js:0
[  165687ms] [LOG] JSHandle@node @ https://crm.smarthiz.vn/main.7779000ecd52102b7ac0.js:0
[  165688ms] [LOG] Fri Jul 17 2026 15:04:55 GMT+0700 (Indochina Time) @ https://crm.smarthiz.vn/main.7779000ecd52102b7ac0.js:0
[  165688ms] [LOG] function(){} @ https://crm.smarthiz.vn/main.7779000ecd52102b7ac0.js:0
[  165688ms] [TABLE] [Object, Object, Object, Object, Object, Object, Object, Object, Object, Object, Object, Object, Object, Object, Object, Object, Object, Object, Object, Object, Object, Object, Object, Object, Object, Object, Object, Object, Object, Object, Object, Object, Object, Object, Object, Object, Object, Object, Object, Object, Object, Object, Object, Object, Object, Object, Object, Object, Object, Object] @ https://crm.smarthiz.vn/main.7779000ecd52102b7ac0.js:0
[  165708ms] [LOG] [Object, Object, Object, Object, Object, Object, Object, Object, Object, Object, Object, Object, Object, Object, Object, Object, Object, Object, Object, Object, Object, Object, Object, Object, Object, Object, Object, Object, Object, Object, Object, Object, Object, Object, Object, Object, Object, Object, Object, Object, Object, Object, Object, Object, Object, Object, Object, Object, Object, Object] @ https://crm.smarthiz.vn/main.7779000ecd52102b7ac0.js:0
[  166189ms] [LOG] JSHandle@node @ https://crm.smarthiz.vn/main.7779000ecd52102b7ac0.js:0
[  166189ms] [LOG] Fri Jul 17 2026 15:04:55 GMT+0700 (Indochina Time) @ https://crm.smarthiz.vn/main.7779000ecd52102b7ac0.js:0
[  166190ms] [LOG] function(){} @ https://crm.smarthiz.vn/main.7779000ecd52102b7ac0.js:0
[  166190ms] [TABLE] [Object, Object, Object, Object, Object, Object, Object, Object, Object, Object, Object, Object, Object, Object, Object, Object, Object, Object, Object, Object, Object, Object, Object, Object, Object, Object, Object, Object, Object, Object, Object, Object, Object, Object, Object, Object, Object, Object, Object, Object, Object, Object, Object, Object, Object, Object, Object, Object, Object, Object] @ https://crm.smarthiz.vn/main.7779000ecd52102b7ac0.js:0
[  166210ms] [LOG] [Object, Object, Object, Object, Object, Object, Object, Object, Object, Object, Object, Object, Object, Object, Object, Object, Object, Object, Object, Object, Object, Object, Object, Object, Object, Object, Object, Object, Object, Object, Object, Object, Object, Object, Object, Object, Object, Object, Object, Object, Object, Object, Object, Object, Object, Object, Object, Object, Object, Object] @ https://crm.smarthiz.vn/main.7779000ecd52102b7ac0.js:0
[  166688ms] [LOG] JSHandle@node @ https://crm.smarthiz.vn/main.7779000ecd52102b7ac0.js:0
[  166688ms] [LOG] Fri Jul 17 2026 15:04:55 GMT+0700 (Indochina Time) @ https://crm.smarthiz.vn/main.7779000ecd52102b7ac0.js:0
[  166688ms] [LOG] function(){} @ https://crm.smarthiz.vn/main.7779000ecd52102b7ac0.js:0
[  166688ms] [TABLE] [Object, Object, Object, Object, Object, Object, Object, Object, Object, Object, Object, Object, Object, Object, Object, Object, Object, Object, Object, Object, Object, Object, Object, Object, Object, Object, Object, Object, Object, Object, Object, Object, Object, Object, Object, Object, Object, Object, Object, Object, Object, Object, Object, Object, Object, Object, Object, Object, Object, Object] @ https://crm.smarthiz.vn/main.7779000ecd52102b7ac0.js:0
[  166708ms] [LOG] [Object, Object, Object, Object, Object, Object, Object, Object, Object, Object, Object, Object, Object, Object, Object, Object, Object, Object, Object, Object, Object, Object, Object, Object, Object, Object, Object, Object, Object, Object, Object, Object, Object, Object, Object, Object, Object, Object, Object, Object, Object, Object, Object, Object, Object, Object, Object, Object, Object, Object] @ https://crm.smarthiz.vn/main.7779000ecd52102b7ac0.js:0
[  167187ms] [LOG] JSHandle@node @ https://crm.smarthiz.vn/main.7779000ecd52102b7ac0.js:0
[  167188ms] [LOG] Fri Jul 17 2026 15:04:55 GMT+0700 (Indochina Time) @ https://crm.smarthiz.vn/main.7779000ecd52102b7ac0.js:0
[  167188ms] [LOG] function(){} @ https://crm.smarthiz.vn/main.7779000ecd52102b7ac0.js:0
[  167188ms] [TABLE] [Object, Object, Object, Object, Object, Object, Object, Object, Object, Object, Object, Object, Object, Object, Object, Object, Object, Object, Object, Object, Object, Object, Object, Object, Object, Object, Object, Object, Object, Object, Object, Object, Object, Object, Object, Object, Object, Object, Object, Object, Object, Object, Object, Object, Object, Object, Object, Object, Object, Object] @ https://crm.smarthiz.vn/main.7779000ecd52102b7ac0.js:0
[  167210ms] [LOG] [Object, Object, Object, Object, Object, Object, Object, Object, Object, Object, Object, Object, Object, Object, Object, Object, Object, Object, Object, Object, Object, Object, Object, Object, Object, Object, Object, Object, Object, Object, Object, Object, Object, Object, Object, Object, Object, Object, Object, Object, Object, Object, Object, Object, Object, Object, Object, Object, Object, Object] @ https://crm.smarthiz.vn/main.7779000ecd52102b7ac0.js:0
[  167688ms] [LOG] JSHandle@node @ https://crm.smarthiz.vn/main.7779000ecd52102b7ac0.js:0
[  167688ms] [LOG] Fri Jul 17 2026 15:04:55 GMT+0700 (Indochina Time) @ https://crm.smarthiz.vn/main.7779000ecd52102b7ac0.js:0
[  167688ms] [LOG] function(){} @ https://crm.smarthiz.vn/main.7779000ecd52102b7ac0.js:0
[  167688ms] [TABLE] [Object, Object, Object, Object, Object, Object, Object, Object, Object, Object, Object, Object, Object, Object, Object, Object, Object, Object, Object, Object, Object, Object, Object, Object, Object, Object, Object, Object, Object, Object, Object, Object, Object, Object, Object, Object, Object, Object, Object, Object, Object, Object, Object, Object, Object, Object, Object, Object, Object, Object] @ https://crm.smarthiz.vn/main.7779000ecd52102b7ac0.js:0
[  167708ms] [LOG] [Object, Object, Object, Object, Object, Object, Object, Object, Object, Object, Object, Object, Object, Object, Object, Object, Object, Object, Object, Object, Object, Object, Object, Object, Object, Object, Object, Object, Object, Object, Object, Object, Object, Object, Object, Object, Object, Object, Object, Object, Object, Object, Object, Object, Object, Object, Object, Object, Object, Object] @ https://crm.smarthiz.vn/main.7779000ecd52102b7ac0.js:0
[  168198ms] [LOG] JSHandle@node @ https://crm.smarthiz.vn/main.7779000ecd52102b7ac0.js:0
[  168198ms] [LOG] Fri Jul 17 2026 15:04:55 GMT+0700 (Indochina Time) @ https://crm.smarthiz.vn/main.7779000ecd52102b7ac0.js:0
[  168199ms] [LOG] function(){} @ https://crm.smarthiz.vn/main.7779000ecd52102b7ac0.js:0
[  168199ms] [TABLE] [Object, Object, Object, Object, Object, Object, Object, Object, Object, Object, Object, Object, Object, Object, Object, Object, Object, Object, Object, Object, Object, Object, Object, Object, Object, Object, Object, Object, Object, Object, Object, Object, Object, Object, Object, Object, Object, Object, Object, Object, Object, Object, Object, Object, Object, Object, Object, Object, Object, Object] @ https://crm.smarthiz.vn/main.7779000ecd52102b7ac0.js:0
[  168226ms] [LOG] [Object, Object, Object, Object, Object, Object, Object, Object, Object, Object, Object, Object, Object, Object, Object, Object, Object, Object, Object, Object, Object, Object, Object, Object, Object, Object, Object, Object, Object, Object, Object, Object, Object, Object, Object, Object, Object, Object, Object, Object, Object, Object, Object, Object, Object, Object, Object, Object, Object, Object] @ https://crm.smarthiz.vn/main.7779000ecd52102b7ac0.js:0
[  168226ms] [WARNING] You don't have permission to use DEVTOOL!【type = 6】 @ https://crm.smarthiz.vn/main.7779000ecd52102b7ac0.js:0
[  168979ms] [LOG] JSHandle@node @ https://crm.smarthiz.vn/main.7779000ecd52102b7ac0.js:0
[  168979ms] [LOG] Fri Jul 17 2026 15:04:59 GMT+0700 (Indochina Time) @ https://crm.smarthiz.vn/main.7779000ecd52102b7ac0.js:0
[  168979ms] [LOG] function(){} @ https://crm.smarthiz.vn/main.7779000ecd52102b7ac0.js:0
[  168980ms] [TABLE] [Object, Object, Object, Object, Object, Object, Object, Object, Object, Object, Object, Object, Object, Object, Object, Object, Object, Object, Object, Object, Object, Object, Object, Object, Object, Object, Object, Object, Object, Object, Object, Object, Object, Object, Object, Object, Object, Object, Object, Object, Object, Object, Object, Object, Object, Object, Object, Object, Object, Object] @ https://crm.smarthiz.vn/main.7779000ecd52102b7ac0.js:0
[  169010ms] [LOG] [Object, Object, Object, Object, Object, Object, Object, Object, Object, Object, Object, Object, Object, Object, Object, Object, Object, Object, Object, Object, Object, Object, Object, Object, Object, Object, Object, Object, Object, Object, Object, Object, Object, Object, Object, Object, Object, Object, Object, Object, Object, Object, Object, Object, Object, Object, Object, Object, Object, Object] @ https://crm.smarthiz.vn/main.7779000ecd52102b7ac0.js:0
[  169476ms] [LOG] JSHandle@node @ https://crm.smarthiz.vn/main.7779000ecd52102b7ac0.js:0
[  169476ms] [LOG] Fri Jul 17 2026 15:04:59 GMT+0700 (Indochina Time) @ https://crm.smarthiz.vn/main.7779000ecd52102b7ac0.js:0
[  169476ms] [LOG] function(){} @ https://crm.smarthiz.vn/main.7779000ecd52102b7ac0.js:0
[  169477ms] [TABLE] [Object, Object, Object, Object, Object, Object, Object, Object, Object, Object, Object, Object, Object, Object, Object, Object, Object, Object, Object, Object, Object, Object, Object, Object, Object, Object, Object, Object, Object, Object, Object, Object, Object, Object, Object, Object, Object, Object, Object, Object, Object, Object, Object, Object, Object, Object, Object, Object, Object, Object] @ https://crm.smarthiz.vn/main.7779000ecd52102b7ac0.js:0
[  169509ms] [LOG] [Object, Object, Object, Object, Object, Object, Object, Object, Object, Object, Object, Object, Object, Object, Object, Object, Object, Object, Object, Object, Object, Object, Object, Object, Object, Object, Object, Object, Object, Object, Object, Object, Object, Object, Object, Object, Object, Object, Object, Object, Object, Object, Object, Object, Object, Object, Object, Object, Object, Object] @ https://crm.smarthiz.vn/main.7779000ecd52102b7ac0.js:0
[  169510ms] [WARNING] You don't have permission to use DEVTOOL!【type = 6】 @ https://crm.smarthiz.vn/main.7779000ecd52102b7ac0.js:0
[  170261ms] [LOG] JSHandle@node @ https://crm.smarthiz.vn/main.7779000ecd52102b7ac0.js:0
[  170261ms] [LOG] Fri Jul 17 2026 15:05:01 GMT+0700 (Indochina Time) @ https://crm.smarthiz.vn/main.7779000ecd52102b7ac0.js:0
[  170261ms] [LOG] function(){} @ https://crm.smarthiz.vn/main.7779000ecd52102b7ac0.js:0
[  170261ms] [TABLE] [Object, Object, Object, Object, Object, Object, Object, Object, Object, Object, Object, Object, Object, Object, Object, Object, Object, Object, Object, Object, Object, Object, Object, Object, Object, Object, Object, Object, Object, Object, Object, Object, Object, Object, Object, Object, Object, Object, Object, Object, Object, Object, Object, Object, Object, Object, Object, Object, Object, Object] @ https://crm.smarthiz.vn/main.7779000ecd52102b7ac0.js:0
[  170283ms] [LOG] [Object, Object, Object, Object, Object, Object, Object, Object, Object, Object, Object, Object, Object, Object, Object, Object, Object, Object, Object, Object, Object, Object, Object, Object, Object, Object, Object, Object, Object, Object, Object, Object, Object, Object, Object, Object, Object, Object, Object, Object, Object, Object, Object, Object, Object, Object, Object, Object, Object, Object] @ https://crm.smarthiz.vn/main.7779000ecd52102b7ac0.js:0
[  170761ms] [LOG] JSHandle@node @ https://crm.smarthiz.vn/main.7779000ecd52102b7ac0.js:0
[  170762ms] [LOG] Fri Jul 17 2026 15:05:01 GMT+0700 (Indochina Time) @ https://crm.smarthiz.vn/main.7779000ecd52102b7ac0.js:0
[  170762ms] [LOG] function(){} @ https://crm.smarthiz.vn/main.7779000ecd52102b7ac0.js:0
[  170762ms] [TABLE] [Object, Object, Object, Object, Object, Object, Object, Object, Object, Object, Object, Object, Object, Object, Object, Object, Object, Object, Object, Object, Object, Object, Object, Object, Object, Object, Object, Object, Object, Object, Object, Object, Object, Object, Object, Object, Object, Object, Object, Object, Object, Object, Object, Object, Object, Object, Object, Object, Object, Object] @ https://crm.smarthiz.vn/main.7779000ecd52102b7ac0.js:0
[  170789ms] [LOG] [Object, Object, Object, Object, Object, Object, Object, Object, Object, Object, Object, Object, Object, Object, Object, Object, Object, Object, Object, Object, Object, Object, Object, Object, Object, Object, Object, Object, Object, Object, Object, Object, Object, Object, Object, Object, Object, Object, Object, Object, Object, Object, Object, Object, Object, Object, Object, Object, Object, Object] @ https://crm.smarthiz.vn/main.7779000ecd52102b7ac0.js:0
[  170790ms] [WARNING] You don't have permission to use DEVTOOL!【type = 6】 @ https://crm.smarthiz.vn/main.7779000ecd52102b7ac0.js:0
[  171471ms] [LOG] JSHandle@node @ https://crm.smarthiz.vn/main.7779000ecd52102b7ac0.js:0
[  171471ms] [LOG] Fri Jul 17 2026 15:05:02 GMT+0700 (Indochina Time) @ https://crm.smarthiz.vn/main.7779000ecd52102b7ac0.js:0
[  171472ms] [LOG] function(){} @ https://crm.smarthiz.vn/main.7779000ecd52102b7ac0.js:0
[  171472ms] [TABLE] [Object, Object, Object, Object, Object, Object, Object, Object, Object, Object, Object, Object, Object, Object, Object, Object, Object, Object, Object, Object, Object, Object, Object, Object, Object, Object, Object, Object, Object, Object, Object, Object, Object, Object, Object, Object, Object, Object, Object, Object, Object, Object, Object, Object, Object, Object, Object, Object, Object, Object] @ https://crm.smarthiz.vn/main.7779000ecd52102b7ac0.js:0
[  171496ms] [LOG] [Object, Object, Object, Object, Object, Object, Object, Object, Object, Object, Object, Object, Object, Object, Object, Object, Object, Object, Object, Object, Object, Object, Object, Object, Object, Object, Object, Object, Object, Object, Object, Object, Object, Object, Object, Object, Object, Object, Object, Object, Object, Object, Object, Object, Object, Object, Object, Object, Object, Object] @ https://crm.smarthiz.vn/main.7779000ecd52102b7ac0.js:0
[  171496ms] [WARNING] You don't have permission to use DEVTOOL!【type = 6】 @ https://crm.smarthiz.vn/main.7779000ecd52102b7ac0.js:0
[  172250ms] [LOG] JSHandle@node @ https://crm.smarthiz.vn/main.7779000ecd52102b7ac0.js:0
[  172251ms] [LOG] Fri Jul 17 2026 15:05:03 GMT+0700 (Indochina Time) @ https://crm.smarthiz.vn/main.7779000ecd52102b7ac0.js:0
[  172251ms] [LOG] function(){} @ https://crm.smarthiz.vn/main.7779000ecd52102b7ac0.js:0
[  172251ms] [TABLE] [Object, Object, Object, Object, Object, Object, Object, Object, Object, Object, Object, Object, Object, Object, Object, Object, Object, Object, Object, Object, Object, Object, Object, Object, Object, Object, Object, Object, Object, Object, Object, Object, Object, Object, Object, Object, Object, Object, Object, Object, Object, Object, Object, Object, Object, Object, Object, Object, Object, Object] @ https://crm.smarthiz.vn/main.7779000ecd52102b7ac0.js:0
[  172278ms] [LOG] [Object, Object, Object, Object, Object, Object, Object, Object, Object, Object, Object, Object, Object, Object, Object, Object, Object, Object, Object, Object, Object, Object, Object, Object, Object, Object, Object, Object, Object, Object, Object, Object, Object, Object, Object, Object, Object, Object, Object, Object, Object, Object, Object, Object, Object, Object, Object, Object, Object, Object] @ https://crm.smarthiz.vn/main.7779000ecd52102b7ac0.js:0
[  172751ms] [LOG] JSHandle@node @ https://crm.smarthiz.vn/main.7779000ecd52102b7ac0.js:0
[  172751ms] [LOG] Fri Jul 17 2026 15:05:03 GMT+0700 (Indochina Time) @ https://crm.smarthiz.vn/main.7779000ecd52102b7ac0.js:0
[  172751ms] [LOG] function(){} @ https://crm.smarthiz.vn/main.7779000ecd52102b7ac0.js:0
[  172751ms] [TABLE] [Object, Object, Object, Object, Object, Object, Object, Object, Object, Object, Object, Object, Object, Object, Object, Object, Object, Object, Object, Object, Object, Object, Object, Object, Object, Object, Object, Object, Object, Object, Object, Object, Object, Object, Object, Object, Object, Object, Object, Object, Object, Object, Object, Object, Object, Object, Object, Object, Object, Object] @ https://crm.smarthiz.vn/main.7779000ecd52102b7ac0.js:0
[  172783ms] [LOG] [Object, Object, Object, Object, Object, Object, Object, Object, Object, Object, Object, Object, Object, Object, Object, Object, Object, Object, Object, Object, Object, Object, Object, Object, Object, Object, Object, Object, Object, Object, Object, Object, Object, Object, Object, Object, Object, Object, Object, Object, Object, Object, Object, Object, Object, Object, Object, Object, Object, Object] @ https://crm.smarthiz.vn/main.7779000ecd52102b7ac0.js:0
[  173260ms] [LOG] JSHandle@node @ https://crm.smarthiz.vn/main.7779000ecd52102b7ac0.js:0
[  173260ms] [LOG] Fri Jul 17 2026 15:05:03 GMT+0700 (Indochina Time) @ https://crm.smarthiz.vn/main.7779000ecd52102b7ac0.js:0
[  173260ms] [LOG] function(){} @ https://crm.smarthiz.vn/main.7779000ecd52102b7ac0.js:0
[  173260ms] [TABLE] [Object, Object, Object, Object, Object, Object, Object, Object, Object, Object, Object, Object, Object, Object, Object, Object, Object, Object, Object, Object, Object, Object, Object, Object, Object, Object, Object, Object, Object, Object, Object, Object, Object, Object, Object, Object, Object, Object, Object, Object, Object, Object, Object, Object, Object, Object, Object, Object, Object, Object] @ https://crm.smarthiz.vn/main.7779000ecd52102b7ac0.js:0
[  173283ms] [LOG] [Object, Object, Object, Object, Object, Object, Object, Object, Object, Object, Object, Object, Object, Object, Object, Object, Object, Object, Object, Object, Object, Object, Object, Object, Object, Object, Object, Object, Object, Object, Object, Object, Object, Object, Object, Object, Object, Object, Object, Object, Object, Object, Object, Object, Object, Object, Object, Object, Object, Object] @ https://crm.smarthiz.vn/main.7779000ecd52102b7ac0.js:0
[  173752ms] [LOG] JSHandle@node @ https://crm.smarthiz.vn/main.7779000ecd52102b7ac0.js:0
[  173753ms] [LOG] Fri Jul 17 2026 15:05:03 GMT+0700 (Indochina Time) @ https://crm.smarthiz.vn/main.7779000ecd52102b7ac0.js:0
[  173753ms] [LOG] function(){} @ https://crm.smarthiz.vn/main.7779000ecd52102b7ac0.js:0
[  173753ms] [TABLE] [Object, Object, Object, Object, Object, Object, Object, Object, Object, Object, Object, Object, Object, Object, Object, Object, Object, Object, Object, Object, Object, Object, Object, Object, Object, Object, Object, Object, Object, Object, Object, Object, Object, Object, Object, Object, Object, Object, Object, Object, Object, Object, Object, Object, Object, Object, Object, Object, Object, Object] @ https://crm.smarthiz.vn/main.7779000ecd52102b7ac0.js:0
[  173772ms] [LOG] [Object, Object, Object, Object, Object, Object, Object, Object, Object, Object, Object, Object, Object, Object, Object, Object, Object, Object, Object, Object, Object, Object, Object, Object, Object, Object, Object, Object, Object, Object, Object, Object, Object, Object, Object, Object, Object, Object, Object, Object, Object, Object, Object, Object, Object, Object, Object, Object, Object, Object] @ https://crm.smarthiz.vn/main.7779000ecd52102b7ac0.js:0
[  174260ms] [LOG] JSHandle@node @ https://crm.smarthiz.vn/main.7779000ecd52102b7ac0.js:0
[  174260ms] [LOG] Fri Jul 17 2026 15:05:03 GMT+0700 (Indochina Time) @ https://crm.smarthiz.vn/main.7779000ecd52102b7ac0.js:0
[  174260ms] [LOG] function(){} @ https://crm.smarthiz.vn/main.7779000ecd52102b7ac0.js:0
[  174260ms] [TABLE] [Object, Object, Object, Object, Object, Object, Object, Object, Object, Object, Object, Object, Object, Object, Object, Object, Object, Object, Object, Object, Object, Object, Object, Object, Object, Object, Object, Object, Object, Object, Object, Object, Object, Object, Object, Object, Object, Object, Object, Object, Object, Object, Object, Object, Object, Object, Object, Object, Object, Object] @ https://crm.smarthiz.vn/main.7779000ecd52102b7ac0.js:0
[  174288ms] [LOG] [Object, Object, Object, Object, Object, Object, Object, Object, Object, Object, Object, Object, Object, Object, Object, Object, Object, Object, Object, Object, Object, Object, Object, Object, Object, Object, Object, Object, Object, Object, Object, Object, Object, Object, Object, Object, Object, Object, Object, Object, Object, Object, Object, Object, Object, Object, Object, Object, Object, Object] @ https://crm.smarthiz.vn/main.7779000ecd52102b7ac0.js:0
[  174751ms] [LOG] JSHandle@node @ https://crm.smarthiz.vn/main.7779000ecd52102b7ac0.js:0
[  174751ms] [LOG] Fri Jul 17 2026 15:05:03 GMT+0700 (Indochina Time) @ https://crm.smarthiz.vn/main.7779000ecd52102b7ac0.js:0
[  174751ms] [LOG] function(){} @ https://crm.smarthiz.vn/main.7779000ecd52102b7ac0.js:0
[  174751ms] [TABLE] [Object, Object, Object, Object, Object, Object, Object, Object, Object, Object, Object, Object, Object, Object, Object, Object, Object, Object, Object, Object, Object, Object, Object, Object, Object, Object, Object, Object, Object, Object, Object, Object, Object, Object, Object, Object, Object, Object, Object, Object, Object, Object, Object, Object, Object, Object, Object, Object, Object, Object] @ https://crm.smarthiz.vn/main.7779000ecd52102b7ac0.js:0
[  174771ms] [LOG] [Object, Object, Object, Object, Object, Object, Object, Object, Object, Object, Object, Object, Object, Object, Object, Object, Object, Object, Object, Object, Object, Object, Object, Object, Object, Object, Object, Object, Object, Object, Object, Object, Object, Object, Object, Object, Object, Object, Object, Object, Object, Object, Object, Object, Object, Object, Object, Object, Object, Object] @ https://crm.smarthiz.vn/main.7779000ecd52102b7ac0.js:0
[  174771ms] [WARNING] You don't have permission to use DEVTOOL!【type = 6】 @ https://crm.smarthiz.vn/main.7779000ecd52102b7ac0.js:0
[  175543ms] [LOG] JSHandle@node @ https://crm.smarthiz.vn/main.7779000ecd52102b7ac0.js:0
[  175544ms] [LOG] Fri Jul 17 2026 15:05:06 GMT+0700 (Indochina Time) @ https://crm.smarthiz.vn/main.7779000ecd52102b7ac0.js:0
[  175544ms] [LOG] function(){} @ https://crm.smarthiz.vn/main.7779000ecd52102b7ac0.js:0
[  175544ms] [TABLE] [Object, Object, Object, Object, Object, Object, Object, Object, Object, Object, Object, Object, Object, Object, Object, Object, Object, Object, Object, Object, Object, Object, Object, Object, Object, Object, Object, Object, Object, Object, Object, Object, Object, Object, Object, Object, Object, Object, Object, Object, Object, Object, Object, Object, Object, Object, Object, Object, Object, Object] @ https://crm.smarthiz.vn/main.7779000ecd52102b7ac0.js:0
[  175574ms] [LOG] [Object, Object, Object, Object, Object, Object, Object, Object, Object, Object, Object, Object, Object, Object, Object, Object, Object, Object, Object, Object, Object, Object, Object, Object, Object, Object, Object, Object, Object, Object, Object, Object, Object, Object, Object, Object, Object, Object, Object, Object, Object, Object, Object, Object, Object, Object, Object, Object, Object, Object] @ https://crm.smarthiz.vn/main.7779000ecd52102b7ac0.js:0
[  176047ms] [LOG] JSHandle@node @ https://crm.smarthiz.vn/main.7779000ecd52102b7ac0.js:0
[  176047ms] [LOG] Fri Jul 17 2026 15:05:06 GMT+0700 (Indochina Time) @ https://crm.smarthiz.vn/main.7779000ecd52102b7ac0.js:0
[  176047ms] [LOG] function(){} @ https://crm.smarthiz.vn/main.7779000ecd52102b7ac0.js:0
[  176047ms] [TABLE] [Object, Object, Object, Object, Object, Object, Object, Object, Object, Object, Object, Object, Object, Object, Object, Object, Object, Object, Object, Object, Object, Object, Object, Object, Object, Object, Object, Object, Object, Object, Object, Object, Object, Object, Object, Object, Object, Object, Object, Object, Object, Object, Object, Object, Object, Object, Object, Object, Object, Object] @ https://crm.smarthiz.vn/main.7779000ecd52102b7ac0.js:0
[  176071ms] [LOG] [Object, Object, Object, Object, Object, Object, Object, Object, Object, Object, Object, Object, Object, Object, Object, Object, Object, Object, Object, Object, Object, Object, Object, Object, Object, Object, Object, Object, Object, Object, Object, Object, Object, Object, Object, Object, Object, Object, Object, Object, Object, Object, Object, Object, Object, Object, Object, Object, Object, Object] @ https://crm.smarthiz.vn/main.7779000ecd52102b7ac0.js:0
[  176547ms] [LOG] JSHandle@node @ https://crm.smarthiz.vn/main.7779000ecd52102b7ac0.js:0
[  176548ms] [LOG] Fri Jul 17 2026 15:05:06 GMT+0700 (Indochina Time) @ https://crm.smarthiz.vn/main.7779000ecd52102b7ac0.js:0
[  176548ms] [LOG] function(){} @ https://crm.smarthiz.vn/main.7779000ecd52102b7ac0.js:0
[  176548ms] [TABLE] [Object, Object, Object, Object, Object, Object, Object, Object, Object, Object, Object, Object, Object, Object, Object, Object, Object, Object, Object, Object, Object, Object, Object, Object, Object, Object, Object, Object, Object, Object, Object, Object, Object, Object, Object, Object, Object, Object, Object, Object, Object, Object, Object, Object, Object, Object, Object, Object, Object, Object] @ https://crm.smarthiz.vn/main.7779000ecd52102b7ac0.js:0
[  176580ms] [LOG] [Object, Object, Object, Object, Object, Object, Object, Object, Object, Object, Object, Object, Object, Object, Object, Object, Object, Object, Object, Object, Object, Object, Object, Object, Object, Object, Object, Object, Object, Object, Object, Object, Object, Object, Object, Object, Object, Object, Object, Object, Object, Object, Object, Object, Object, Object, Object, Object, Object, Object] @ https://crm.smarthiz.vn/main.7779000ecd52102b7ac0.js:0
[  176580ms] [WARNING] You don't have permission to use DEVTOOL!【type = 6】 @ https://crm.smarthiz.vn/main.7779000ecd52102b7ac0.js:0
[  177360ms] [LOG] JSHandle@node @ https://crm.smarthiz.vn/main.7779000ecd52102b7ac0.js:0
[  177360ms] [LOG] Fri Jul 17 2026 15:05:08 GMT+0700 (Indochina Time) @ https://crm.smarthiz.vn/main.7779000ecd52102b7ac0.js:0
[  177360ms] [LOG] function(){} @ https://crm.smarthiz.vn/main.7779000ecd52102b7ac0.js:0
[  177360ms] [TABLE] [Object, Object, Object, Object, Object, Object, Object, Object, Object, Object, Object, Object, Object, Object, Object, Object, Object, Object, Object, Object, Object, Object, Object, Object, Object, Object, Object, Object, Object, Object, Object, Object, Object, Object, Object, Object, Object, Object, Object, Object, Object, Object, Object, Object, Object, Object, Object, Object, Object, Object] @ https://crm.smarthiz.vn/main.7779000ecd52102b7ac0.js:0
[  177387ms] [LOG] [Object, Object, Object, Object, Object, Object, Object, Object, Object, Object, Object, Object, Object, Object, Object, Object, Object, Object, Object, Object, Object, Object, Object, Object, Object, Object, Object, Object, Object, Object, Object, Object, Object, Object, Object, Object, Object, Object, Object, Object, Object, Object, Object, Object, Object, Object, Object, Object, Object, Object] @ https://crm.smarthiz.vn/main.7779000ecd52102b7ac0.js:0
[  177861ms] [LOG] JSHandle@node @ https://crm.smarthiz.vn/main.7779000ecd52102b7ac0.js:0
[  177861ms] [LOG] Fri Jul 17 2026 15:05:08 GMT+0700 (Indochina Time) @ https://crm.smarthiz.vn/main.7779000ecd52102b7ac0.js:0
[  177861ms] [LOG] function(){} @ https://crm.smarthiz.vn/main.7779000ecd52102b7ac0.js:0
[  177861ms] [TABLE] [Object, Object, Object, Object, Object, Object, Object, Object, Object, Object, Object, Object, Object, Object, Object, Object, Object, Object, Object, Object, Object, Object, Object, Object, Object, Object, Object, Object, Object, Object, Object, Object, Object, Object, Object, Object, Object, Object, Object, Object, Object, Object, Object, Object, Object, Object, Object, Object, Object, Object] @ https://crm.smarthiz.vn/main.7779000ecd52102b7ac0.js:0
[  177883ms] [LOG] [Object, Object, Object, Object, Object, Object, Object, Object, Object, Object, Object, Object, Object, Object, Object, Object, Object, Object, Object, Object, Object, Object, Object, Object, Object, Object, Object, Object, Object, Object, Object, Object, Object, Object, Object, Object, Object, Object, Object, Object, Object, Object, Object, Object, Object, Object, Object, Object, Object, Object] @ https://crm.smarthiz.vn/main.7779000ecd52102b7ac0.js:0
[  178357ms] [LOG] JSHandle@node @ https://crm.smarthiz.vn/main.7779000ecd52102b7ac0.js:0
[  178357ms] [LOG] Fri Jul 17 2026 15:05:08 GMT+0700 (Indochina Time) @ https://crm.smarthiz.vn/main.7779000ecd52102b7ac0.js:0
[  178357ms] [LOG] function(){} @ https://crm.smarthiz.vn/main.7779000ecd52102b7ac0.js:0
[  178357ms] [TABLE] [Object, Object, Object, Object, Object, Object, Object, Object, Object, Object, Object, Object, Object, Object, Object, Object, Object, Object, Object, Object, Object, Object, Object, Object, Object, Object, Object, Object, Object, Object, Object, Object, Object, Object, Object, Object, Object, Object, Object, Object, Object, Object, Object, Object, Object, Object, Object, Object, Object, Object] @ https://crm.smarthiz.vn/main.7779000ecd52102b7ac0.js:0
[  178379ms] [LOG] [Object, Object, Object, Object, Object, Object, Object, Object, Object, Object, Object, Object, Object, Object, Object, Object, Object, Object, Object, Object, Object, Object, Object, Object, Object, Object, Object, Object, Object, Object, Object, Object, Object, Object, Object, Object, Object, Object, Object, Object, Object, Object, Object, Object, Object, Object, Object, Object, Object, Object] @ https://crm.smarthiz.vn/main.7779000ecd52102b7ac0.js:0
[  178379ms] [WARNING] You don't have permission to use DEVTOOL!【type = 6】 @ https://crm.smarthiz.vn/main.7779000ecd52102b7ac0.js:0
[  179057ms] [LOG] JSHandle@node @ https://crm.smarthiz.vn/main.7779000ecd52102b7ac0.js:0
[  179057ms] [LOG] Fri Jul 17 2026 15:05:09 GMT+0700 (Indochina Time) @ https://crm.smarthiz.vn/main.7779000ecd52102b7ac0.js:0
[  179058ms] [LOG] function(){} @ https://crm.smarthiz.vn/main.7779000ecd52102b7ac0.js:0
[  179058ms] [TABLE] [Object, Object, Object, Object, Object, Object, Object, Object, Object, Object, Object, Object, Object, Object, Object, Object, Object, Object, Object, Object, Object, Object, Object, Object, Object, Object, Object, Object, Object, Object, Object, Object, Object, Object, Object, Object, Object, Object, Object, Object, Object, Object, Object, Object, Object, Object, Object, Object, Object, Object] @ https://crm.smarthiz.vn/main.7779000ecd52102b7ac0.js:0
[  179092ms] [LOG] [Object, Object, Object, Object, Object, Object, Object, Object, Object, Object, Object, Object, Object, Object, Object, Object, Object, Object, Object, Object, Object, Object, Object, Object, Object, Object, Object, Object, Object, Object, Object, Object, Object, Object, Object, Object, Object, Object, Object, Object, Object, Object, Object, Object, Object, Object, Object, Object, Object, Object] @ https://crm.smarthiz.vn/main.7779000ecd52102b7ac0.js:0
[  179553ms] [LOG] JSHandle@node @ https://crm.smarthiz.vn/main.7779000ecd52102b7ac0.js:0
[  179553ms] [LOG] Fri Jul 17 2026 15:05:09 GMT+0700 (Indochina Time) @ https://crm.smarthiz.vn/main.7779000ecd52102b7ac0.js:0
[  179553ms] [LOG] function(){} @ https://crm.smarthiz.vn/main.7779000ecd52102b7ac0.js:0
[  179553ms] [TABLE] [Object, Object, Object, Object, Object, Object, Object, Object, Object, Object, Object, Object, Object, Object, Object, Object, Object, Object, Object, Object, Object, Object, Object, Object, Object, Object, Object, Object, Object, Object, Object, Object, Object, Object, Object, Object, Object, Object, Object, Object, Object, Object, Object, Object, Object, Object, Object, Object, Object, Object] @ https://crm.smarthiz.vn/main.7779000ecd52102b7ac0.js:0
[  179574ms] [LOG] [Object, Object, Object, Object, Object, Object, Object, Object, Object, Object, Object, Object, Object, Object, Object, Object, Object, Object, Object, Object, Object, Object, Object, Object, Object, Object, Object, Object, Object, Object, Object, Object, Object, Object, Object, Object, Object, Object, Object, Object, Object, Object, Object, Object, Object, Object, Object, Object, Object, Object] @ https://crm.smarthiz.vn/main.7779000ecd52102b7ac0.js:0
[  180054ms] [LOG] JSHandle@node @ https://crm.smarthiz.vn/main.7779000ecd52102b7ac0.js:0
[  180054ms] [LOG] Fri Jul 17 2026 15:05:09 GMT+0700 (Indochina Time) @ https://crm.smarthiz.vn/main.7779000ecd52102b7ac0.js:0
[  180054ms] [LOG] function(){} @ https://crm.smarthiz.vn/main.7779000ecd52102b7ac0.js:0
[  180055ms] [TABLE] [Object, Object, Object, Object, Object, Object, Object, Object, Object, Object, Object, Object, Object, Object, Object, Object, Object, Object, Object, Object, Object, Object, Object, Object, Object, Object, Object, Object, Object, Object, Object, Object, Object, Object, Object, Object, Object, Object, Object, Object, Object, Object, Object, Object, Object, Object, Object, Object, Object, Object] @ https://crm.smarthiz.vn/main.7779000ecd52102b7ac0.js:0
[  180074ms] [LOG] [Object, Object, Object, Object, Object, Object, Object, Object, Object, Object, Object, Object, Object, Object, Object, Object, Object, Object, Object, Object, Object, Object, Object, Object, Object, Object, Object, Object, Object, Object, Object, Object, Object, Object, Object, Object, Object, Object, Object, Object, Object, Object, Object, Object, Object, Object, Object, Object, Object, Object] @ https://crm.smarthiz.vn/main.7779000ecd52102b7ac0.js:0
[  180074ms] [WARNING] You don't have permission to use DEVTOOL!【type = 6】 @ https://crm.smarthiz.vn/main.7779000ecd52102b7ac0.js:0
[  180836ms] [LOG] JSHandle@node @ https://crm.smarthiz.vn/main.7779000ecd52102b7ac0.js:0
[  180836ms] [LOG] Fri Jul 17 2026 15:05:11 GMT+0700 (Indochina Time) @ https://crm.smarthiz.vn/main.7779000ecd52102b7ac0.js:0
[  180836ms] [LOG] function(){} @ https://crm.smarthiz.vn/main.7779000ecd52102b7ac0.js:0
[  180837ms] [TABLE] [Object, Object, Object, Object, Object, Object, Object, Object, Object, Object, Object, Object, Object, Object, Object, Object, Object, Object, Object, Object, Object, Object, Object, Object, Object, Object, Object, Object, Object, Object, Object, Object, Object, Object, Object, Object, Object, Object, Object, Object, Object, Object, Object, Object, Object, Object, Object, Object, Object, Object] @ https://crm.smarthiz.vn/main.7779000ecd52102b7ac0.js:0
[  180859ms] [LOG] [Object, Object, Object, Object, Object, Object, Object, Object, Object, Object, Object, Object, Object, Object, Object, Object, Object, Object, Object, Object, Object, Object, Object, Object, Object, Object, Object, Object, Object, Object, Object, Object, Object, Object, Object, Object, Object, Object, Object, Object, Object, Object, Object, Object, Object, Object, Object, Object, Object, Object] @ https://crm.smarthiz.vn/main.7779000ecd52102b7ac0.js:0
[  181336ms] [LOG] JSHandle@node @ https://crm.smarthiz.vn/main.7779000ecd52102b7ac0.js:0
[  181336ms] [LOG] Fri Jul 17 2026 15:05:11 GMT+0700 (Indochina Time) @ https://crm.smarthiz.vn/main.7779000ecd52102b7ac0.js:0
[  181337ms] [LOG] function(){} @ https://crm.smarthiz.vn/main.7779000ecd52102b7ac0.js:0
[  181337ms] [TABLE] [Object, Object, Object, Object, Object, Object, Object, Object, Object, Object, Object, Object, Object, Object, Object, Object, Object, Object, Object, Object, Object, Object, Object, Object, Object, Object, Object, Object, Object, Object, Object, Object, Object, Object, Object, Object, Object, Object, Object, Object, Object, Object, Object, Object, Object, Object, Object, Object, Object, Object] @ https://crm.smarthiz.vn/main.7779000ecd52102b7ac0.js:0
[  181363ms] [LOG] [Object, Object, Object, Object, Object, Object, Object, Object, Object, Object, Object, Object, Object, Object, Object, Object, Object, Object, Object, Object, Object, Object, Object, Object, Object, Object, Object, Object, Object, Object, Object, Object, Object, Object, Object, Object, Object, Object, Object, Object, Object, Object, Object, Object, Object, Object, Object, Object, Object, Object] @ https://crm.smarthiz.vn/main.7779000ecd52102b7ac0.js:0
[  181363ms] [WARNING] You don't have permission to use DEVTOOL!【type = 6】 @ https://crm.smarthiz.vn/main.7779000ecd52102b7ac0.js:0
[  182027ms] [LOG] JSHandle@node @ https://crm.smarthiz.vn/main.7779000ecd52102b7ac0.js:0
[  182028ms] [LOG] Fri Jul 17 2026 15:05:12 GMT+0700 (Indochina Time) @ https://crm.smarthiz.vn/main.7779000ecd52102b7ac0.js:0
[  182028ms] [LOG] function(){} @ https://crm.smarthiz.vn/main.7779000ecd52102b7ac0.js:0
[  182028ms] [TABLE] [Object, Object, Object, Object, Object, Object, Object, Object, Object, Object, Object, Object, Object, Object, Object, Object, Object, Object, Object, Object, Object, Object, Object, Object, Object, Object, Object, Object, Object, Object, Object, Object, Object, Object, Object, Object, Object, Object, Object, Object, Object, Object, Object, Object, Object, Object, Object, Object, Object, Object] @ https://crm.smarthiz.vn/main.7779000ecd52102b7ac0.js:0
[  182051ms] [LOG] [Object, Object, Object, Object, Object, Object, Object, Object, Object, Object, Object, Object, Object, Object, Object, Object, Object, Object, Object, Object, Object, Object, Object, Object, Object, Object, Object, Object, Object, Object, Object, Object, Object, Object, Object, Object, Object, Object, Object, Object, Object, Object, Object, Object, Object, Object, Object, Object, Object, Object] @ https://crm.smarthiz.vn/main.7779000ecd52102b7ac0.js:0
[  182527ms] [LOG] JSHandle@node @ https://crm.smarthiz.vn/main.7779000ecd52102b7ac0.js:0
[  182528ms] [LOG] Fri Jul 17 2026 15:05:12 GMT+0700 (Indochina Time) @ https://crm.smarthiz.vn/main.7779000ecd52102b7ac0.js:0
[  182528ms] [LOG] function(){} @ https://crm.smarthiz.vn/main.7779000ecd52102b7ac0.js:0
[  182528ms] [TABLE] [Object, Object, Object, Object, Object, Object, Object, Object, Object, Object, Object, Object, Object, Object, Object, Object, Object, Object, Object, Object, Object, Object, Object, Object, Object, Object, Object, Object, Object, Object, Object, Object, Object, Object, Object, Object, Object, Object, Object, Object, Object, Object, Object, Object, Object, Object, Object, Object, Object, Object] @ https://crm.smarthiz.vn/main.7779000ecd52102b7ac0.js:0
[  182549ms] [LOG] [Object, Object, Object, Object, Object, Object, Object, Object, Object, Object, Object, Object, Object, Object, Object, Object, Object, Object, Object, Object, Object, Object, Object, Object, Object, Object, Object, Object, Object, Object, Object, Object, Object, Object, Object, Object, Object, Object, Object, Object, Object, Object, Object, Object, Object, Object, Object, Object, Object, Object] @ https://crm.smarthiz.vn/main.7779000ecd52102b7ac0.js:0
[  183027ms] [LOG] JSHandle@node @ https://crm.smarthiz.vn/main.7779000ecd52102b7ac0.js:0
[  183027ms] [LOG] Fri Jul 17 2026 15:05:12 GMT+0700 (Indochina Time) @ https://crm.smarthiz.vn/main.7779000ecd52102b7ac0.js:0
[  183028ms] [LOG] function(){} @ https://crm.smarthiz.vn/main.7779000ecd52102b7ac0.js:0
[  183028ms] [TABLE] [Object, Object, Object, Object, Object, Object, Object, Object, Object, Object, Object, Object, Object, Object, Object, Object, Object, Object, Object, Object, Object, Object, Object, Object, Object, Object, Object, Object, Object, Object, Object, Object, Object, Object, Object, Object, Object, Object, Object, Object, Object, Object, Object, Object, Object, Object, Object, Object, Object, Object] @ https://crm.smarthiz.vn/main.7779000ecd52102b7ac0.js:0
[  183048ms] [LOG] [Object, Object, Object, Object, Object, Object, Object, Object, Object, Object, Object, Object, Object, Object, Object, Object, Object, Object, Object, Object, Object, Object, Object, Object, Object, Object, Object, Object, Object, Object, Object, Object, Object, Object, Object, Object, Object, Object, Object, Object, Object, Object, Object, Object, Object, Object, Object, Object, Object, Object] @ https://crm.smarthiz.vn/main.7779000ecd52102b7ac0.js:0
[  183528ms] [LOG] JSHandle@node @ https://crm.smarthiz.vn/main.7779000ecd52102b7ac0.js:0
[  183528ms] [LOG] Fri Jul 17 2026 15:05:12 GMT+0700 (Indochina Time) @ https://crm.smarthiz.vn/main.7779000ecd52102b7ac0.js:0
[  183529ms] [LOG] function(){} @ https://crm.smarthiz.vn/main.7779000ecd52102b7ac0.js:0
[  183529ms] [TABLE] [Object, Object, Object, Object, Object, Object, Object, Object, Object, Object, Object, Object, Object, Object, Object, Object, Object, Object, Object, Object, Object, Object, Object, Object, Object, Object, Object, Object, Object, Object, Object, Object, Object, Object, Object, Object, Object, Object, Object, Object, Object, Object, Object, Object, Object, Object, Object, Object, Object, Object] @ https://crm.smarthiz.vn/main.7779000ecd52102b7ac0.js:0
[  183551ms] [LOG] [Object, Object, Object, Object, Object, Object, Object, Object, Object, Object, Object, Object, Object, Object, Object, Object, Object, Object, Object, Object, Object, Object, Object, Object, Object, Object, Object, Object, Object, Object, Object, Object, Object, Object, Object, Object, Object, Object, Object, Object, Object, Object, Object, Object, Object, Object, Object, Object, Object, Object] @ https://crm.smarthiz.vn/main.7779000ecd52102b7ac0.js:0
[  183551ms] [WARNING] You don't have permission to use DEVTOOL!【type = 6】 @ https://crm.smarthiz.vn/main.7779000ecd52102b7ac0.js:0
[  184229ms] [LOG] JSHandle@node @ https://crm.smarthiz.vn/main.7779000ecd52102b7ac0.js:0
[  184229ms] [LOG] Fri Jul 17 2026 15:05:15 GMT+0700 (Indochina Time) @ https://crm.smarthiz.vn/main.7779000ecd52102b7ac0.js:0
[  184229ms] [LOG] function(){} @ https://crm.smarthiz.vn/main.7779000ecd52102b7ac0.js:0
[  184229ms] [TABLE] [Object, Object, Object, Object, Object, Object, Object, Object, Object, Object, Object, Object, Object, Object, Object, Object, Object, Object, Object, Object, Object, Object, Object, Object, Object, Object, Object, Object, Object, Object, Object, Object, Object, Object, Object, Object, Object, Object, Object, Object, Object, Object, Object, Object, Object, Object, Object, Object, Object, Object] @ https://crm.smarthiz.vn/main.7779000ecd52102b7ac0.js:0
[  184251ms] [LOG] [Object, Object, Object, Object, Object, Object, Object, Object, Object, Object, Object, Object, Object, Object, Object, Object, Object, Object, Object, Object, Object, Object, Object, Object, Object, Object, Object, Object, Object, Object, Object, Object, Object, Object, Object, Object, Object, Object, Object, Object, Object, Object, Object, Object, Object, Object, Object, Object, Object, Object] @ https://crm.smarthiz.vn/main.7779000ecd52102b7ac0.js:0
[  184729ms] [LOG] JSHandle@node @ https://crm.smarthiz.vn/main.7779000ecd52102b7ac0.js:0
[  184729ms] [LOG] Fri Jul 17 2026 15:05:15 GMT+0700 (Indochina Time) @ https://crm.smarthiz.vn/main.7779000ecd52102b7ac0.js:0
[  184729ms] [LOG] function(){} @ https://crm.smarthiz.vn/main.7779000ecd52102b7ac0.js:0
[  184730ms] [TABLE] [Object, Object, Object, Object, Object, Object, Object, Object, Object, Object, Object, Object, Object, Object, Object, Object, Object, Object, Object, Object, Object, Object, Object, Object, Object, Object, Object, Object, Object, Object, Object, Object, Object, Object, Object, Object, Object, Object, Object, Object, Object, Object, Object, Object, Object, Object, Object, Object, Object, Object] @ https://crm.smarthiz.vn/main.7779000ecd52102b7ac0.js:0
[  184749ms] [LOG] [Object, Object, Object, Object, Object, Object, Object, Object, Object, Object, Object, Object, Object, Object, Object, Object, Object, Object, Object, Object, Object, Object, Object, Object, Object, Object, Object, Object, Object, Object, Object, Object, Object, Object, Object, Object, Object, Object, Object, Object, Object, Object, Object, Object, Object, Object, Object, Object, Object, Object] @ https://crm.smarthiz.vn/main.7779000ecd52102b7ac0.js:0
[  185224ms] [LOG] JSHandle@node @ https://crm.smarthiz.vn/main.7779000ecd52102b7ac0.js:0
[  185224ms] [LOG] Fri Jul 17 2026 15:05:15 GMT+0700 (Indochina Time) @ https://crm.smarthiz.vn/main.7779000ecd52102b7ac0.js:0
[  185224ms] [LOG] function(){} @ https://crm.smarthiz.vn/main.7779000ecd52102b7ac0.js:0
[  185225ms] [TABLE] [Object, Object, Object, Object, Object, Object, Object, Object, Object, Object, Object, Object, Object, Object, Object, Object, Object, Object, Object, Object, Object, Object, Object, Object, Object, Object, Object, Object, Object, Object, Object, Object, Object, Object, Object, Object, Object, Object, Object, Object, Object, Object, Object, Object, Object, Object, Object, Object, Object, Object] @ https://crm.smarthiz.vn/main.7779000ecd52102b7ac0.js:0
[  185252ms] [LOG] [Object, Object, Object, Object, Object, Object, Object, Object, Object, Object, Object, Object, Object, Object, Object, Object, Object, Object, Object, Object, Object, Object, Object, Object, Object, Object, Object, Object, Object, Object, Object, Object, Object, Object, Object, Object, Object, Object, Object, Object, Object, Object, Object, Object, Object, Object, Object, Object, Object, Object] @ https://crm.smarthiz.vn/main.7779000ecd52102b7ac0.js:0
[  185722ms] [LOG] JSHandle@node @ https://crm.smarthiz.vn/main.7779000ecd52102b7ac0.js:0
[  185722ms] [LOG] Fri Jul 17 2026 15:05:15 GMT+0700 (Indochina Time) @ https://crm.smarthiz.vn/main.7779000ecd52102b7ac0.js:0
[  185722ms] [LOG] function(){} @ https://crm.smarthiz.vn/main.7779000ecd52102b7ac0.js:0
[  185722ms] [TABLE] [Object, Object, Object, Object, Object, Object, Object, Object, Object, Object, Object, Object, Object, Object, Object, Object, Object, Object, Object, Object, Object, Object, Object, Object, Object, Object, Object, Object, Object, Object, Object, Object, Object, Object, Object, Object, Object, Object, Object, Object, Object, Object, Object, Object, Object, Object, Object, Object, Object, Object] @ https://crm.smarthiz.vn/main.7779000ecd52102b7ac0.js:0
[  185754ms] [LOG] [Object, Object, Object, Object, Object, Object, Object, Object, Object, Object, Object, Object, Object, Object, Object, Object, Object, Object, Object, Object, Object, Object, Object, Object, Object, Object, Object, Object, Object, Object, Object, Object, Object, Object, Object, Object, Object, Object, Object, Object, Object, Object, Object, Object, Object, Object, Object, Object, Object, Object] @ https://crm.smarthiz.vn/main.7779000ecd52102b7ac0.js:0
[  185754ms] [WARNING] You don't have permission to use DEVTOOL!【type = 6】 @ https://crm.smarthiz.vn/main.7779000ecd52102b7ac0.js:0
[  186540ms] [LOG] JSHandle@node @ https://crm.smarthiz.vn/main.7779000ecd52102b7ac0.js:0
[  186540ms] [LOG] Fri Jul 17 2026 15:05:17 GMT+0700 (Indochina Time) @ https://crm.smarthiz.vn/main.7779000ecd52102b7ac0.js:0
[  186541ms] [LOG] function(){} @ https://crm.smarthiz.vn/main.7779000ecd52102b7ac0.js:0
[  186541ms] [TABLE] [Object, Object, Object, Object, Object, Object, Object, Object, Object, Object, Object, Object, Object, Object, Object, Object, Object, Object, Object, Object, Object, Object, Object, Object, Object, Object, Object, Object, Object, Object, Object, Object, Object, Object, Object, Object, Object, Object, Object, Object, Object, Object, Object, Object, Object, Object, Object, Object, Object, Object] @ https://crm.smarthiz.vn/main.7779000ecd52102b7ac0.js:0
[  186567ms] [LOG] [Object, Object, Object, Object, Object, Object, Object, Object, Object, Object, Object, Object, Object, Object, Object, Object, Object, Object, Object, Object, Object, Object, Object, Object, Object, Object, Object, Object, Object, Object, Object, Object, Object, Object, Object, Object, Object, Object, Object, Object, Object, Object, Object, Object, Object, Object, Object, Object, Object, Object] @ https://crm.smarthiz.vn/main.7779000ecd52102b7ac0.js:0
[  187041ms] [LOG] JSHandle@node @ https://crm.smarthiz.vn/main.7779000ecd52102b7ac0.js:0
[  187041ms] [LOG] Fri Jul 17 2026 15:05:17 GMT+0700 (Indochina Time) @ https://crm.smarthiz.vn/main.7779000ecd52102b7ac0.js:0
[  187041ms] [LOG] function(){} @ https://crm.smarthiz.vn/main.7779000ecd52102b7ac0.js:0
[  187041ms] [TABLE] [Object, Object, Object, Object, Object, Object, Object, Object, Object, Object, Object, Object, Object, Object, Object, Object, Object, Object, Object, Object, Object, Object, Object, Object, Object, Object, Object, Object, Object, Object, Object, Object, Object, Object, Object, Object, Object, Object, Object, Object, Object, Object, Object, Object, Object, Object, Object, Object, Object, Object] @ https://crm.smarthiz.vn/main.7779000ecd52102b7ac0.js:0
[  187062ms] [LOG] [Object, Object, Object, Object, Object, Object, Object, Object, Object, Object, Object, Object, Object, Object, Object, Object, Object, Object, Object, Object, Object, Object, Object, Object, Object, Object, Object, Object, Object, Object, Object, Object, Object, Object, Object, Object, Object, Object, Object, Object, Object, Object, Object, Object, Object, Object, Object, Object, Object, Object] @ https://crm.smarthiz.vn/main.7779000ecd52102b7ac0.js:0
[  187543ms] [LOG] JSHandle@node @ https://crm.smarthiz.vn/main.7779000ecd52102b7ac0.js:0
[  187544ms] [LOG] Fri Jul 17 2026 15:05:17 GMT+0700 (Indochina Time) @ https://crm.smarthiz.vn/main.7779000ecd52102b7ac0.js:0
[  187544ms] [LOG] function(){} @ https://crm.smarthiz.vn/main.7779000ecd52102b7ac0.js:0
[  187544ms] [TABLE] [Object, Object, Object, Object, Object, Object, Object, Object, Object, Object, Object, Object, Object, Object, Object, Object, Object, Object, Object, Object, Object, Object, Object, Object, Object, Object, Object, Object, Object, Object, Object, Object, Object, Object, Object, Object, Object, Object, Object, Object, Object, Object, Object, Object, Object, Object, Object, Object, Object, Object] @ https://crm.smarthiz.vn/main.7779000ecd52102b7ac0.js:0
[  187565ms] [LOG] [Object, Object, Object, Object, Object, Object, Object, Object, Object, Object, Object, Object, Object, Object, Object, Object, Object, Object, Object, Object, Object, Object, Object, Object, Object, Object, Object, Object, Object, Object, Object, Object, Object, Object, Object, Object, Object, Object, Object, Object, Object, Object, Object, Object, Object, Object, Object, Object, Object, Object] @ https://crm.smarthiz.vn/main.7779000ecd52102b7ac0.js:0
[  188042ms] [LOG] JSHandle@node @ https://crm.smarthiz.vn/main.7779000ecd52102b7ac0.js:0
[  188043ms] [LOG] Fri Jul 17 2026 15:05:17 GMT+0700 (Indochina Time) @ https://crm.smarthiz.vn/main.7779000ecd52102b7ac0.js:0
[  188043ms] [LOG] function(){} @ https://crm.smarthiz.vn/main.7779000ecd52102b7ac0.js:0
[  188043ms] [TABLE] [Object, Object, Object, Object, Object, Object, Object, Object, Object, Object, Object, Object, Object, Object, Object, Object, Object, Object, Object, Object, Object, Object, Object, Object, Object, Object, Object, Object, Object, Object, Object, Object, Object, Object, Object, Object, Object, Object, Object, Object, Object, Object, Object, Object, Object, Object, Object, Object, Object, Object] @ https://crm.smarthiz.vn/main.7779000ecd52102b7ac0.js:0
[  188074ms] [LOG] [Object, Object, Object, Object, Object, Object, Object, Object, Object, Object, Object, Object, Object, Object, Object, Object, Object, Object, Object, Object, Object, Object, Object, Object, Object, Object, Object, Object, Object, Object, Object, Object, Object, Object, Object, Object, Object, Object, Object, Object, Object, Object, Object, Object, Object, Object, Object, Object, Object, Object] @ https://crm.smarthiz.vn/main.7779000ecd52102b7ac0.js:0
[  188074ms] [WARNING] You don't have permission to use DEVTOOL!【type = 6】 @ https://crm.smarthiz.vn/main.7779000ecd52102b7ac0.js:0
[  188762ms] [LOG] JSHandle@node @ https://crm.smarthiz.vn/main.7779000ecd52102b7ac0.js:0
[  188762ms] [LOG] Fri Jul 17 2026 15:05:19 GMT+0700 (Indochina Time) @ https://crm.smarthiz.vn/main.7779000ecd52102b7ac0.js:0
[  188762ms] [LOG] function(){} @ https://crm.smarthiz.vn/main.7779000ecd52102b7ac0.js:0
[  188763ms] [TABLE] [Object, Object, Object, Object, Object, Object, Object, Object, Object, Object, Object, Object, Object, Object, Object, Object, Object, Object, Object, Object, Object, Object, Object, Object, Object, Object, Object, Object, Object, Object, Object, Object, Object, Object, Object, Object, Object, Object, Object, Object, Object, Object, Object, Object, Object, Object, Object, Object, Object, Object] @ https://crm.smarthiz.vn/main.7779000ecd52102b7ac0.js:0
[  188795ms] [LOG] [Object, Object, Object, Object, Object, Object, Object, Object, Object, Object, Object, Object, Object, Object, Object, Object, Object, Object, Object, Object, Object, Object, Object, Object, Object, Object, Object, Object, Object, Object, Object, Object, Object, Object, Object, Object, Object, Object, Object, Object, Object, Object, Object, Object, Object, Object, Object, Object, Object, Object] @ https://crm.smarthiz.vn/main.7779000ecd52102b7ac0.js:0
[  188795ms] [WARNING] You don't have permission to use DEVTOOL!【type = 6】 @ https://crm.smarthiz.vn/main.7779000ecd52102b7ac0.js:0
[  189562ms] [LOG] JSHandle@node @ https://crm.smarthiz.vn/main.7779000ecd52102b7ac0.js:0
[  189562ms] [LOG] Fri Jul 17 2026 15:05:20 GMT+0700 (Indochina Time) @ https://crm.smarthiz.vn/main.7779000ecd52102b7ac0.js:0
[  189562ms] [LOG] function(){} @ https://crm.smarthiz.vn/main.7779000ecd52102b7ac0.js:0
[  189562ms] [TABLE] [Object, Object, Object, Object, Object, Object, Object, Object, Object, Object, Object, Object, Object, Object, Object, Object, Object, Object, Object, Object, Object, Object, Object, Object, Object, Object, Object, Object, Object, Object, Object, Object, Object, Object, Object, Object, Object, Object, Object, Object, Object, Object, Object, Object, Object, Object, Object, Object, Object, Object] @ https://crm.smarthiz.vn/main.7779000ecd52102b7ac0.js:0
[  189583ms] [LOG] [Object, Object, Object, Object, Object, Object, Object, Object, Object, Object, Object, Object, Object, Object, Object, Object, Object, Object, Object, Object, Object, Object, Object, Object, Object, Object, Object, Object, Object, Object, Object, Object, Object, Object, Object, Object, Object, Object, Object, Object, Object, Object, Object, Object, Object, Object, Object, Object, Object, Object] @ https://crm.smarthiz.vn/main.7779000ecd52102b7ac0.js:0
[  190060ms] [LOG] JSHandle@node @ https://crm.smarthiz.vn/main.7779000ecd52102b7ac0.js:0
[  190061ms] [LOG] Fri Jul 17 2026 15:05:20 GMT+0700 (Indochina Time) @ https://crm.smarthiz.vn/main.7779000ecd52102b7ac0.js:0
[  190061ms] [LOG] function(){} @ https://crm.smarthiz.vn/main.7779000ecd52102b7ac0.js:0
[  190061ms] [TABLE] [Object, Object, Object, Object, Object, Object, Object, Object, Object, Object, Object, Object, Object, Object, Object, Object, Object, Object, Object, Object, Object, Object, Object, Object, Object, Object, Object, Object, Object, Object, Object, Object, Object, Object, Object, Object, Object, Object, Object, Object, Object, Object, Object, Object, Object, Object, Object, Object, Object, Object] @ https://crm.smarthiz.vn/main.7779000ecd52102b7ac0.js:0
[  190090ms] [LOG] [Object, Object, Object, Object, Object, Object, Object, Object, Object, Object, Object, Object, Object, Object, Object, Object, Object, Object, Object, Object, Object, Object, Object, Object, Object, Object, Object, Object, Object, Object, Object, Object, Object, Object, Object, Object, Object, Object, Object, Object, Object, Object, Object, Object, Object, Object, Object, Object, Object, Object] @ https://crm.smarthiz.vn/main.7779000ecd52102b7ac0.js:0
[  190559ms] [LOG] JSHandle@node @ https://crm.smarthiz.vn/main.7779000ecd52102b7ac0.js:0
[  190559ms] [LOG] Fri Jul 17 2026 15:05:20 GMT+0700 (Indochina Time) @ https://crm.smarthiz.vn/main.7779000ecd52102b7ac0.js:0
[  190559ms] [LOG] function(){} @ https://crm.smarthiz.vn/main.7779000ecd52102b7ac0.js:0
[  190559ms] [TABLE] [Object, Object, Object, Object, Object, Object, Object, Object, Object, Object, Object, Object, Object, Object, Object, Object, Object, Object, Object, Object, Object, Object, Object, Object, Object, Object, Object, Object, Object, Object, Object, Object, Object, Object, Object, Object, Object, Object, Object, Object, Object, Object, Object, Object, Object, Object, Object, Object, Object, Object] @ https://crm.smarthiz.vn/main.7779000ecd52102b7ac0.js:0
[  190580ms] [LOG] [Object, Object, Object, Object, Object, Object, Object, Object, Object, Object, Object, Object, Object, Object, Object, Object, Object, Object, Object, Object, Object, Object, Object, Object, Object, Object, Object, Object, Object, Object, Object, Object, Object, Object, Object, Object, Object, Object, Object, Object, Object, Object, Object, Object, Object, Object, Object, Object, Object, Object] @ https://crm.smarthiz.vn/main.7779000ecd52102b7ac0.js:0
[  191069ms] [LOG] JSHandle@node @ https://crm.smarthiz.vn/main.7779000ecd52102b7ac0.js:0
[  191069ms] [LOG] Fri Jul 17 2026 15:05:20 GMT+0700 (Indochina Time) @ https://crm.smarthiz.vn/main.7779000ecd52102b7ac0.js:0
[  191069ms] [LOG] function(){} @ https://crm.smarthiz.vn/main.7779000ecd52102b7ac0.js:0
[  191069ms] [TABLE] [Object, Object, Object, Object, Object, Object, Object, Object, Object, Object, Object, Object, Object, Object, Object, Object, Object, Object, Object, Object, Object, Object, Object, Object, Object, Object, Object, Object, Object, Object, Object, Object, Object, Object, Object, Object, Object, Object, Object, Object, Object, Object, Object, Object, Object, Object, Object, Object, Object, Object] @ https://crm.smarthiz.vn/main.7779000ecd52102b7ac0.js:0
[  191089ms] [LOG] [Object, Object, Object, Object, Object, Object, Object, Object, Object, Object, Object, Object, Object, Object, Object, Object, Object, Object, Object, Object, Object, Object, Object, Object, Object, Object, Object, Object, Object, Object, Object, Object, Object, Object, Object, Object, Object, Object, Object, Object, Object, Object, Object, Object, Object, Object, Object, Object, Object, Object] @ https://crm.smarthiz.vn/main.7779000ecd52102b7ac0.js:0
[  191565ms] [LOG] JSHandle@node @ https://crm.smarthiz.vn/main.7779000ecd52102b7ac0.js:0
[  191565ms] [LOG] Fri Jul 17 2026 15:05:20 GMT+0700 (Indochina Time) @ https://crm.smarthiz.vn/main.7779000ecd52102b7ac0.js:0
[  191565ms] [LOG] function(){} @ https://crm.smarthiz.vn/main.7779000ecd52102b7ac0.js:0
[  191565ms] [TABLE] [Object, Object, Object, Object, Object, Object, Object, Object, Object, Object, Object, Object, Object, Object, Object, Object, Object, Object, Object, Object, Object, Object, Object, Object, Object, Object, Object, Object, Object, Object, Object, Object, Object, Object, Object, Object, Object, Object, Object, Object, Object, Object, Object, Object, Object, Object, Object, Object, Object, Object] @ https://crm.smarthiz.vn/main.7779000ecd52102b7ac0.js:0
[  191585ms] [LOG] [Object, Object, Object, Object, Object, Object, Object, Object, Object, Object, Object, Object, Object, Object, Object, Object, Object, Object, Object, Object, Object, Object, Object, Object, Object, Object, Object, Object, Object, Object, Object, Object, Object, Object, Object, Object, Object, Object, Object, Object, Object, Object, Object, Object, Object, Object, Object, Object, Object, Object] @ https://crm.smarthiz.vn/main.7779000ecd52102b7ac0.js:0
[  191585ms] [WARNING] You don't have permission to use DEVTOOL!【type = 6】 @ https://crm.smarthiz.vn/main.7779000ecd52102b7ac0.js:0
[  192333ms] [LOG] JSHandle@node @ https://crm.smarthiz.vn/main.7779000ecd52102b7ac0.js:0
[  192334ms] [LOG] Fri Jul 17 2026 15:05:23 GMT+0700 (Indochina Time) @ https://crm.smarthiz.vn/main.7779000ecd52102b7ac0.js:0
[  192334ms] [LOG] function(){} @ https://crm.smarthiz.vn/main.7779000ecd52102b7ac0.js:0
[  192334ms] [TABLE] [Object, Object, Object, Object, Object, Object, Object, Object, Object, Object, Object, Object, Object, Object, Object, Object, Object, Object, Object, Object, Object, Object, Object, Object, Object, Object, Object, Object, Object, Object, Object, Object, Object, Object, Object, Object, Object, Object, Object, Object, Object, Object, Object, Object, Object, Object, Object, Object, Object, Object] @ https://crm.smarthiz.vn/main.7779000ecd52102b7ac0.js:0
[  192359ms] [LOG] [Object, Object, Object, Object, Object, Object, Object, Object, Object, Object, Object, Object, Object, Object, Object, Object, Object, Object, Object, Object, Object, Object, Object, Object, Object, Object, Object, Object, Object, Object, Object, Object, Object, Object, Object, Object, Object, Object, Object, Object, Object, Object, Object, Object, Object, Object, Object, Object, Object, Object] @ https://crm.smarthiz.vn/main.7779000ecd52102b7ac0.js:0
[  192359ms] [WARNING] You don't have permission to use DEVTOOL!【type = 6】 @ https://crm.smarthiz.vn/main.7779000ecd52102b7ac0.js:0
[  193034ms] [LOG] JSHandle@node @ https://crm.smarthiz.vn/main.7779000ecd52102b7ac0.js:0
[  193035ms] [LOG] Fri Jul 17 2026 15:05:23 GMT+0700 (Indochina Time) @ https://crm.smarthiz.vn/main.7779000ecd52102b7ac0.js:0
[  193035ms] [LOG] function(){} @ https://crm.smarthiz.vn/main.7779000ecd52102b7ac0.js:0
[  193035ms] [TABLE] [Object, Object, Object, Object, Object, Object, Object, Object, Object, Object, Object, Object, Object, Object, Object, Object, Object, Object, Object, Object, Object, Object, Object, Object, Object, Object, Object, Object, Object, Object, Object, Object, Object, Object, Object, Object, Object, Object, Object, Object, Object, Object, Object, Object, Object, Object, Object, Object, Object, Object] @ https://crm.smarthiz.vn/main.7779000ecd52102b7ac0.js:0
[  193055ms] [LOG] [Object, Object, Object, Object, Object, Object, Object, Object, Object, Object, Object, Object, Object, Object, Object, Object, Object, Object, Object, Object, Object, Object, Object, Object, Object, Object, Object, Object, Object, Object, Object, Object, Object, Object, Object, Object, Object, Object, Object, Object, Object, Object, Object, Object, Object, Object, Object, Object, Object, Object] @ https://crm.smarthiz.vn/main.7779000ecd52102b7ac0.js:0
[  193543ms] [LOG] JSHandle@node @ https://crm.smarthiz.vn/main.7779000ecd52102b7ac0.js:0
[  193543ms] [LOG] Fri Jul 17 2026 15:05:23 GMT+0700 (Indochina Time) @ https://crm.smarthiz.vn/main.7779000ecd52102b7ac0.js:0
[  193544ms] [LOG] function(){} @ https://crm.smarthiz.vn/main.7779000ecd52102b7ac0.js:0
[  193544ms] [TABLE] [Object, Object, Object, Object, Object, Object, Object, Object, Object, Object, Object, Object, Object, Object, Object, Object, Object, Object, Object, Object, Object, Object, Object, Object, Object, Object, Object, Object, Object, Object, Object, Object, Object, Object, Object, Object, Object, Object, Object, Object, Object, Object, Object, Object, Object, Object, Object, Object, Object, Object] @ https://crm.smarthiz.vn/main.7779000ecd52102b7ac0.js:0
[  193565ms] [LOG] [Object, Object, Object, Object, Object, Object, Object, Object, Object, Object, Object, Object, Object, Object, Object, Object, Object, Object, Object, Object, Object, Object, Object, Object, Object, Object, Object, Object, Object, Object, Object, Object, Object, Object, Object, Object, Object, Object, Object, Object, Object, Object, Object, Object, Object, Object, Object, Object, Object, Object] @ https://crm.smarthiz.vn/main.7779000ecd52102b7ac0.js:0
[  194035ms] [LOG] JSHandle@node @ https://crm.smarthiz.vn/main.7779000ecd52102b7ac0.js:0
[  194035ms] [LOG] Fri Jul 17 2026 15:05:23 GMT+0700 (Indochina Time) @ https://crm.smarthiz.vn/main.7779000ecd52102b7ac0.js:0
[  194035ms] [LOG] function(){} @ https://crm.smarthiz.vn/main.7779000ecd52102b7ac0.js:0
[  194035ms] [TABLE] [Object, Object, Object, Object, Object, Object, Object, Object, Object, Object, Object, Object, Object, Object, Object, Object, Object, Object, Object, Object, Object, Object, Object, Object, Object, Object, Object, Object, Object, Object, Object, Object, Object, Object, Object, Object, Object, Object, Object, Object, Object, Object, Object, Object, Object, Object, Object, Object, Object, Object] @ https://crm.smarthiz.vn/main.7779000ecd52102b7ac0.js:0
[  194057ms] [LOG] [Object, Object, Object, Object, Object, Object, Object, Object, Object, Object, Object, Object, Object, Object, Object, Object, Object, Object, Object, Object, Object, Object, Object, Object, Object, Object, Object, Object, Object, Object, Object, Object, Object, Object, Object, Object, Object, Object, Object, Object, Object, Object, Object, Object, Object, Object, Object, Object, Object, Object] @ https://crm.smarthiz.vn/main.7779000ecd52102b7ac0.js:0
[  194538ms] [LOG] JSHandle@node @ https://crm.smarthiz.vn/main.7779000ecd52102b7ac0.js:0
[  194538ms] [LOG] Fri Jul 17 2026 15:05:23 GMT+0700 (Indochina Time) @ https://crm.smarthiz.vn/main.7779000ecd52102b7ac0.js:0
[  194539ms] [LOG] function(){} @ https://crm.smarthiz.vn/main.7779000ecd52102b7ac0.js:0
[  194539ms] [TABLE] [Object, Object, Object, Object, Object, Object, Object, Object, Object, Object, Object, Object, Object, Object, Object, Object, Object, Object, Object, Object, Object, Object, Object, Object, Object, Object, Object, Object, Object, Object, Object, Object, Object, Object, Object, Object, Object, Object, Object, Object, Object, Object, Object, Object, Object, Object, Object, Object, Object, Object] @ https://crm.smarthiz.vn/main.7779000ecd52102b7ac0.js:0
[  194563ms] [LOG] [Object, Object, Object, Object, Object, Object, Object, Object, Object, Object, Object, Object, Object, Object, Object, Object, Object, Object, Object, Object, Object, Object, Object, Object, Object, Object, Object, Object, Object, Object, Object, Object, Object, Object, Object, Object, Object, Object, Object, Object, Object, Object, Object, Object, Object, Object, Object, Object, Object, Object] @ https://crm.smarthiz.vn/main.7779000ecd52102b7ac0.js:0
[  194563ms] [WARNING] You don't have permission to use DEVTOOL!【type = 6】 @ https://crm.smarthiz.vn/main.7779000ecd52102b7ac0.js:0
[  195335ms] [LOG] JSHandle@node @ https://crm.smarthiz.vn/main.7779000ecd52102b7ac0.js:0
[  195335ms] [LOG] Fri Jul 17 2026 15:05:26 GMT+0700 (Indochina Time) @ https://crm.smarthiz.vn/main.7779000ecd52102b7ac0.js:0
[  195336ms] [LOG] function(){} @ https://crm.smarthiz.vn/main.7779000ecd52102b7ac0.js:0
[  195336ms] [TABLE] [Object, Object, Object, Object, Object, Object, Object, Object, Object, Object, Object, Object, Object, Object, Object, Object, Object, Object, Object, Object, Object, Object, Object, Object, Object, Object, Object, Object, Object, Object, Object, Object, Object, Object, Object, Object, Object, Object, Object, Object, Object, Object, Object, Object, Object, Object, Object, Object, Object, Object] @ https://crm.smarthiz.vn/main.7779000ecd52102b7ac0.js:0
[  195363ms] [LOG] [Object, Object, Object, Object, Object, Object, Object, Object, Object, Object, Object, Object, Object, Object, Object, Object, Object, Object, Object, Object, Object, Object, Object, Object, Object, Object, Object, Object, Object, Object, Object, Object, Object, Object, Object, Object, Object, Object, Object, Object, Object, Object, Object, Object, Object, Object, Object, Object, Object, Object] @ https://crm.smarthiz.vn/main.7779000ecd52102b7ac0.js:0
[  195849ms] [LOG] JSHandle@node @ https://crm.smarthiz.vn/main.7779000ecd52102b7ac0.js:0
[  195849ms] [LOG] Fri Jul 17 2026 15:05:26 GMT+0700 (Indochina Time) @ https://crm.smarthiz.vn/main.7779000ecd52102b7ac0.js:0
[  195849ms] [LOG] function(){} @ https://crm.smarthiz.vn/main.7779000ecd52102b7ac0.js:0
[  195849ms] [TABLE] [Object, Object, Object, Object, Object, Object, Object, Object, Object, Object, Object, Object, Object, Object, Object, Object, Object, Object, Object, Object, Object, Object, Object, Object, Object, Object, Object, Object, Object, Object, Object, Object, Object, Object, Object, Object, Object, Object, Object, Object, Object, Object, Object, Object, Object, Object, Object, Object, Object, Object] @ https://crm.smarthiz.vn/main.7779000ecd52102b7ac0.js:0
[  195877ms] [LOG] [Object, Object, Object, Object, Object, Object, Object, Object, Object, Object, Object, Object, Object, Object, Object, Object, Object, Object, Object, Object, Object, Object, Object, Object, Object, Object, Object, Object, Object, Object, Object, Object, Object, Object, Object, Object, Object, Object, Object, Object, Object, Object, Object, Object, Object, Object, Object, Object, Object, Object] @ https://crm.smarthiz.vn/main.7779000ecd52102b7ac0.js:0
[  196333ms] [LOG] JSHandle@node @ https://crm.smarthiz.vn/main.7779000ecd52102b7ac0.js:0
[  196333ms] [LOG] Fri Jul 17 2026 15:05:26 GMT+0700 (Indochina Time) @ https://crm.smarthiz.vn/main.7779000ecd52102b7ac0.js:0
[  196333ms] [LOG] function(){} @ https://crm.smarthiz.vn/main.7779000ecd52102b7ac0.js:0
[  196334ms] [TABLE] [Object, Object, Object, Object, Object, Object, Object, Object, Object, Object, Object, Object, Object, Object, Object, Object, Object, Object, Object, Object, Object, Object, Object, Object, Object, Object, Object, Object, Object, Object, Object, Object, Object, Object, Object, Object, Object, Object, Object, Object, Object, Object, Object, Object, Object, Object, Object, Object, Object, Object] @ https://crm.smarthiz.vn/main.7779000ecd52102b7ac0.js:0
[  196354ms] [LOG] [Object, Object, Object, Object, Object, Object, Object, Object, Object, Object, Object, Object, Object, Object, Object, Object, Object, Object, Object, Object, Object, Object, Object, Object, Object, Object, Object, Object, Object, Object, Object, Object, Object, Object, Object, Object, Object, Object, Object, Object, Object, Object, Object, Object, Object, Object, Object, Object, Object, Object] @ https://crm.smarthiz.vn/main.7779000ecd52102b7ac0.js:0
[  196354ms] [WARNING] You don't have permission to use DEVTOOL!【type = 6】 @ https://crm.smarthiz.vn/main.7779000ecd52102b7ac0.js:0
[  197066ms] [LOG] JSHandle@node @ https://crm.smarthiz.vn/main.7779000ecd52102b7ac0.js:0
[  197066ms] [LOG] Fri Jul 17 2026 15:05:27 GMT+0700 (Indochina Time) @ https://crm.smarthiz.vn/main.7779000ecd52102b7ac0.js:0
[  197066ms] [LOG] function(){} @ https://crm.smarthiz.vn/main.7779000ecd52102b7ac0.js:0
[  197067ms] [TABLE] [Object, Object, Object, Object, Object, Object, Object, Object, Object, Object, Object, Object, Object, Object, Object, Object, Object, Object, Object, Object, Object, Object, Object, Object, Object, Object, Object, Object, Object, Object, Object, Object, Object, Object, Object, Object, Object, Object, Object, Object, Object, Object, Object, Object, Object, Object, Object, Object, Object, Object] @ https://crm.smarthiz.vn/main.7779000ecd52102b7ac0.js:0
[  197089ms] [LOG] [Object, Object, Object, Object, Object, Object, Object, Object, Object, Object, Object, Object, Object, Object, Object, Object, Object, Object, Object, Object, Object, Object, Object, Object, Object, Object, Object, Object, Object, Object, Object, Object, Object, Object, Object, Object, Object, Object, Object, Object, Object, Object, Object, Object, Object, Object, Object, Object, Object, Object] @ https://crm.smarthiz.vn/main.7779000ecd52102b7ac0.js:0
[  197566ms] [LOG] JSHandle@node @ https://crm.smarthiz.vn/main.7779000ecd52102b7ac0.js:0
[  197566ms] [LOG] Fri Jul 17 2026 15:05:27 GMT+0700 (Indochina Time) @ https://crm.smarthiz.vn/main.7779000ecd52102b7ac0.js:0
[  197567ms] [LOG] function(){} @ https://crm.smarthiz.vn/main.7779000ecd52102b7ac0.js:0
[  197567ms] [TABLE] [Object, Object, Object, Object, Object, Object, Object, Object, Object, Object, Object, Object, Object, Object, Object, Object, Object, Object, Object, Object, Object, Object, Object, Object, Object, Object, Object, Object, Object, Object, Object, Object, Object, Object, Object, Object, Object, Object, Object, Object, Object, Object, Object, Object, Object, Object, Object, Object, Object, Object] @ https://crm.smarthiz.vn/main.7779000ecd52102b7ac0.js:0
[  197591ms] [LOG] [Object, Object, Object, Object, Object, Object, Object, Object, Object, Object, Object, Object, Object, Object, Object, Object, Object, Object, Object, Object, Object, Object, Object, Object, Object, Object, Object, Object, Object, Object, Object, Object, Object, Object, Object, Object, Object, Object, Object, Object, Object, Object, Object, Object, Object, Object, Object, Object, Object, Object] @ https://crm.smarthiz.vn/main.7779000ecd52102b7ac0.js:0
[  197591ms] [WARNING] You don't have permission to use DEVTOOL!【type = 6】 @ https://crm.smarthiz.vn/main.7779000ecd52102b7ac0.js:0
[  198307ms] [LOG] JSHandle@node @ https://crm.smarthiz.vn/main.7779000ecd52102b7ac0.js:0
[  198308ms] [LOG] Fri Jul 17 2026 15:05:29 GMT+0700 (Indochina Time) @ https://crm.smarthiz.vn/main.7779000ecd52102b7ac0.js:0
[  198308ms] [LOG] function(){} @ https://crm.smarthiz.vn/main.7779000ecd52102b7ac0.js:0
[  198308ms] [TABLE] [Object, Object, Object, Object, Object, Object, Object, Object, Object, Object, Object, Object, Object, Object, Object, Object, Object, Object, Object, Object, Object, Object, Object, Object, Object, Object, Object, Object, Object, Object, Object, Object, Object, Object, Object, Object, Object, Object, Object, Object, Object, Object, Object, Object, Object, Object, Object, Object, Object, Object] @ https://crm.smarthiz.vn/main.7779000ecd52102b7ac0.js:0
[  198335ms] [LOG] [Object, Object, Object, Object, Object, Object, Object, Object, Object, Object, Object, Object, Object, Object, Object, Object, Object, Object, Object, Object, Object, Object, Object, Object, Object, Object, Object, Object, Object, Object, Object, Object, Object, Object, Object, Object, Object, Object, Object, Object, Object, Object, Object, Object, Object, Object, Object, Object, Object, Object] @ https://crm.smarthiz.vn/main.7779000ecd52102b7ac0.js:0
[  198812ms] [LOG] JSHandle@node @ https://crm.smarthiz.vn/main.7779000ecd52102b7ac0.js:0
[  198813ms] [LOG] Fri Jul 17 2026 15:05:29 GMT+0700 (Indochina Time) @ https://crm.smarthiz.vn/main.7779000ecd52102b7ac0.js:0
[  198813ms] [LOG] function(){} @ https://crm.smarthiz.vn/main.7779000ecd52102b7ac0.js:0
[  198813ms] [TABLE] [Object, Object, Object, Object, Object, Object, Object, Object, Object, Object, Object, Object, Object, Object, Object, Object, Object, Object, Object, Object, Object, Object, Object, Object, Object, Object, Object, Object, Object, Object, Object, Object, Object, Object, Object, Object, Object, Object, Object, Object, Object, Object, Object, Object, Object, Object, Object, Object, Object, Object] @ https://crm.smarthiz.vn/main.7779000ecd52102b7ac0.js:0
[  198836ms] [LOG] [Object, Object, Object, Object, Object, Object, Object, Object, Object, Object, Object, Object, Object, Object, Object, Object, Object, Object, Object, Object, Object, Object, Object, Object, Object, Object, Object, Object, Object, Object, Object, Object, Object, Object, Object, Object, Object, Object, Object, Object, Object, Object, Object, Object, Object, Object, Object, Object, Object, Object] @ https://crm.smarthiz.vn/main.7779000ecd52102b7ac0.js:0
[  199317ms] [LOG] JSHandle@node @ https://crm.smarthiz.vn/main.7779000ecd52102b7ac0.js:0
[  199318ms] [LOG] Fri Jul 17 2026 15:05:29 GMT+0700 (Indochina Time) @ https://crm.smarthiz.vn/main.7779000ecd52102b7ac0.js:0
[  199318ms] [LOG] function(){} @ https://crm.smarthiz.vn/main.7779000ecd52102b7ac0.js:0
[  199318ms] [TABLE] [Object, Object, Object, Object, Object, Object, Object, Object, Object, Object, Object, Object, Object, Object, Object, Object, Object, Object, Object, Object, Object, Object, Object, Object, Object, Object, Object, Object, Object, Object, Object, Object, Object, Object, Object, Object, Object, Object, Object, Object, Object, Object, Object, Object, Object, Object, Object, Object, Object, Object] @ https://crm.smarthiz.vn/main.7779000ecd52102b7ac0.js:0
[  199346ms] [LOG] [Object, Object, Object, Object, Object, Object, Object, Object, Object, Object, Object, Object, Object, Object, Object, Object, Object, Object, Object, Object, Object, Object, Object, Object, Object, Object, Object, Object, Object, Object, Object, Object, Object, Object, Object, Object, Object, Object, Object, Object, Object, Object, Object, Object, Object, Object, Object, Object, Object, Object] @ https://crm.smarthiz.vn/main.7779000ecd52102b7ac0.js:0
[  199346ms] [WARNING] You don't have permission to use DEVTOOL!【type = 6】 @ https://crm.smarthiz.vn/main.7779000ecd52102b7ac0.js:0
[  200229ms] [LOG] JSHandle@node @ https://crm.smarthiz.vn/main.7779000ecd52102b7ac0.js:0
[  200229ms] [LOG] Fri Jul 17 2026 15:05:31 GMT+0700 (Indochina Time) @ https://crm.smarthiz.vn/main.7779000ecd52102b7ac0.js:0
[  200229ms] [LOG] function(){} @ https://crm.smarthiz.vn/main.7779000ecd52102b7ac0.js:0
[  200229ms] [TABLE] [Object, Object, Object, Object, Object, Object, Object, Object, Object, Object, Object, Object, Object, Object, Object, Object, Object, Object, Object, Object, Object, Object, Object, Object, Object, Object, Object, Object, Object, Object, Object, Object, Object, Object, Object, Object, Object, Object, Object, Object, Object, Object, Object, Object, Object, Object, Object, Object, Object, Object] @ https://crm.smarthiz.vn/main.7779000ecd52102b7ac0.js:0
[  200254ms] [LOG] [Object, Object, Object, Object, Object, Object, Object, Object, Object, Object, Object, Object, Object, Object, Object, Object, Object, Object, Object, Object, Object, Object, Object, Object, Object, Object, Object, Object, Object, Object, Object, Object, Object, Object, Object, Object, Object, Object, Object, Object, Object, Object, Object, Object, Object, Object, Object, Object, Object, Object] @ https://crm.smarthiz.vn/main.7779000ecd52102b7ac0.js:0
[  200728ms] [LOG] JSHandle@node @ https://crm.smarthiz.vn/main.7779000ecd52102b7ac0.js:0
[  200729ms] [LOG] Fri Jul 17 2026 15:05:31 GMT+0700 (Indochina Time) @ https://crm.smarthiz.vn/main.7779000ecd52102b7ac0.js:0
[  200729ms] [LOG] function(){} @ https://crm.smarthiz.vn/main.7779000ecd52102b7ac0.js:0
[  200729ms] [TABLE] [Object, Object, Object, Object, Object, Object, Object, Object, Object, Object, Object, Object, Object, Object, Object, Object, Object, Object, Object, Object, Object, Object, Object, Object, Object, Object, Object, Object, Object, Object, Object, Object, Object, Object, Object, Object, Object, Object, Object, Object, Object, Object, Object, Object, Object, Object, Object, Object, Object, Object] @ https://crm.smarthiz.vn/main.7779000ecd52102b7ac0.js:0
[  200757ms] [LOG] [Object, Object, Object, Object, Object, Object, Object, Object, Object, Object, Object, Object, Object, Object, Object, Object, Object, Object, Object, Object, Object, Object, Object, Object, Object, Object, Object, Object, Object, Object, Object, Object, Object, Object, Object, Object, Object, Object, Object, Object, Object, Object, Object, Object, Object, Object, Object, Object, Object, Object] @ https://crm.smarthiz.vn/main.7779000ecd52102b7ac0.js:0
[  201232ms] [LOG] JSHandle@node @ https://crm.smarthiz.vn/main.7779000ecd52102b7ac0.js:0
[  201232ms] [LOG] Fri Jul 17 2026 15:05:31 GMT+0700 (Indochina Time) @ https://crm.smarthiz.vn/main.7779000ecd52102b7ac0.js:0
[  201233ms] [LOG] function(){} @ https://crm.smarthiz.vn/main.7779000ecd52102b7ac0.js:0
[  201233ms] [TABLE] [Object, Object, Object, Object, Object, Object, Object, Object, Object, Object, Object, Object, Object, Object, Object, Object, Object, Object, Object, Object, Object, Object, Object, Object, Object, Object, Object, Object, Object, Object, Object, Object, Object, Object, Object, Object, Object, Object, Object, Object, Object, Object, Object, Object, Object, Object, Object, Object, Object, Object] @ https://crm.smarthiz.vn/main.7779000ecd52102b7ac0.js:0
[  201259ms] [LOG] [Object, Object, Object, Object, Object, Object, Object, Object, Object, Object, Object, Object, Object, Object, Object, Object, Object, Object, Object, Object, Object, Object, Object, Object, Object, Object, Object, Object, Object, Object, Object, Object, Object, Object, Object, Object, Object, Object, Object, Object, Object, Object, Object, Object, Object, Object, Object, Object, Object, Object] @ https://crm.smarthiz.vn/main.7779000ecd52102b7ac0.js:0
[  201726ms] [LOG] JSHandle@node @ https://crm.smarthiz.vn/main.7779000ecd52102b7ac0.js:0
[  201726ms] [LOG] Fri Jul 17 2026 15:05:31 GMT+0700 (Indochina Time) @ https://crm.smarthiz.vn/main.7779000ecd52102b7ac0.js:0
[  201726ms] [LOG] function(){} @ https://crm.smarthiz.vn/main.7779000ecd52102b7ac0.js:0
[  201726ms] [TABLE] [Object, Object, Object, Object, Object, Object, Object, Object, Object, Object, Object, Object, Object, Object, Object, Object, Object, Object, Object, Object, Object, Object, Object, Object, Object, Object, Object, Object, Object, Object, Object, Object, Object, Object, Object, Object, Object, Object, Object, Object, Object, Object, Object, Object, Object, Object, Object, Object, Object, Object] @ https://crm.smarthiz.vn/main.7779000ecd52102b7ac0.js:0
[  201748ms] [LOG] [Object, Object, Object, Object, Object, Object, Object, Object, Object, Object, Object, Object, Object, Object, Object, Object, Object, Object, Object, Object, Object, Object, Object, Object, Object, Object, Object, Object, Object, Object, Object, Object, Object, Object, Object, Object, Object, Object, Object, Object, Object, Object, Object, Object, Object, Object, Object, Object, Object, Object] @ https://crm.smarthiz.vn/main.7779000ecd52102b7ac0.js:0
[  202226ms] [LOG] JSHandle@node @ https://crm.smarthiz.vn/main.7779000ecd52102b7ac0.js:0
[  202226ms] [LOG] Fri Jul 17 2026 15:05:31 GMT+0700 (Indochina Time) @ https://crm.smarthiz.vn/main.7779000ecd52102b7ac0.js:0
[  202227ms] [LOG] function(){} @ https://crm.smarthiz.vn/main.7779000ecd52102b7ac0.js:0
[  202227ms] [TABLE] [Object, Object, Object, Object, Object, Object, Object, Object, Object, Object, Object, Object, Object, Object, Object, Object, Object, Object, Object, Object, Object, Object, Object, Object, Object, Object, Object, Object, Object, Object, Object, Object, Object, Object, Object, Object, Object, Object, Object, Object, Object, Object, Object, Object, Object, Object, Object, Object, Object, Object] @ https://crm.smarthiz.vn/main.7779000ecd52102b7ac0.js:0
[  202246ms] [LOG] [Object, Object, Object, Object, Object, Object, Object, Object, Object, Object, Object, Object, Object, Object, Object, Object, Object, Object, Object, Object, Object, Object, Object, Object, Object, Object, Object, Object, Object, Object, Object, Object, Object, Object, Object, Object, Object, Object, Object, Object, Object, Object, Object, Object, Object, Object, Object, Object, Object, Object] @ https://crm.smarthiz.vn/main.7779000ecd52102b7ac0.js:0
[  202724ms] [LOG] JSHandle@node @ https://crm.smarthiz.vn/main.7779000ecd52102b7ac0.js:0
[  202724ms] [LOG] Fri Jul 17 2026 15:05:31 GMT+0700 (Indochina Time) @ https://crm.smarthiz.vn/main.7779000ecd52102b7ac0.js:0
[  202724ms] [LOG] function(){} @ https://crm.smarthiz.vn/main.7779000ecd52102b7ac0.js:0
[  202725ms] [TABLE] [Object, Object, Object, Object, Object, Object, Object, Object, Object, Object, Object, Object, Object, Object, Object, Object, Object, Object, Object, Object, Object, Object, Object, Object, Object, Object, Object, Object, Object, Object, Object, Object, Object, Object, Object, Object, Object, Object, Object, Object, Object, Object, Object, Object, Object, Object, Object, Object, Object, Object] @ https://crm.smarthiz.vn/main.7779000ecd52102b7ac0.js:0
[  202752ms] [LOG] [Object, Object, Object, Object, Object, Object, Object, Object, Object, Object, Object, Object, Object, Object, Object, Object, Object, Object, Object, Object, Object, Object, Object, Object, Object, Object, Object, Object, Object, Object, Object, Object, Object, Object, Object, Object, Object, Object, Object, Object, Object, Object, Object, Object, Object, Object, Object, Object, Object, Object] @ https://crm.smarthiz.vn/main.7779000ecd52102b7ac0.js:0
[  203236ms] [LOG] JSHandle@node @ https://crm.smarthiz.vn/main.7779000ecd52102b7ac0.js:0
[  203237ms] [LOG] Fri Jul 17 2026 15:05:31 GMT+0700 (Indochina Time) @ https://crm.smarthiz.vn/main.7779000ecd52102b7ac0.js:0
[  203237ms] [LOG] function(){} @ https://crm.smarthiz.vn/main.7779000ecd52102b7ac0.js:0
[  203237ms] [TABLE] [Object, Object, Object, Object, Object, Object, Object, Object, Object, Object, Object, Object, Object, Object, Object, Object, Object, Object, Object, Object, Object, Object, Object, Object, Object, Object, Object, Object, Object, Object, Object, Object, Object, Object, Object, Object, Object, Object, Object, Object, Object, Object, Object, Object, Object, Object, Object, Object, Object, Object] @ https://crm.smarthiz.vn/main.7779000ecd52102b7ac0.js:0
[  203258ms] [LOG] [Object, Object, Object, Object, Object, Object, Object, Object, Object, Object, Object, Object, Object, Object, Object, Object, Object, Object, Object, Object, Object, Object, Object, Object, Object, Object, Object, Object, Object, Object, Object, Object, Object, Object, Object, Object, Object, Object, Object, Object, Object, Object, Object, Object, Object, Object, Object, Object, Object, Object] @ https://crm.smarthiz.vn/main.7779000ecd52102b7ac0.js:0
